Name,inchikey,in_corpus_exact,in_corpus_connectivity,nearest_tanimoto
Mol2,QPGKFAVCLFYJMW-UHFFFAOYSA-N,False,False,0.3146067415730337
Mol5,NWFPCWIBSBZRGV-UHFFFAOYSA-N,False,False,0.41975308641975306
Mol6,VJPPLCNBDLZIFG-ZDUSSCGKSA-N,False,False,0.3132530120481928
Mol8,ZNNLBTZKUZBEKO-UHFFFAOYSA-N,False,False,0.4444444444444444
Mol10,GKHIVNAUVKXIIY-UHFFFAOYSA-N,False,False,0.4819277108433735
Mol12,XCBHYDPDIJQQGM-UHFFFAOYSA-N,False,False,0.48333333333333334
Mol18,SELCQITYGGFDHW-UHFFFAOYSA-N,False,False,0.3411764705882353
Mol20,KAXAUWZJVWGFDO-UHFFFAOYSA-N,False,False,0.4375
Mol23,BZZKEPGENYLQSC-FIBGUPNXSA-N,False,False,0.34
Mol25,ZYSCOUXLBXGGIM-UHFFFAOYSA-N,False,False,0.5189873417721519
Mol26,ZRYMMWAJAFUANM-INIZCTEOSA-N,False,False,0.4803921568627451
Mol28,FAJGIEVMPKNFTN-UHFFFAOYSA-N,False,False,0.49122807017543857
Mol32,FDMQDKQUTRLUBU-UHFFFAOYSA-N,False,False,0.4835164835164835
Mol38,UOFYSRZSLXWIQB-UHFFFAOYSA-N,False,False,0.48314606741573035
Mol43,JBILWRJWVQZBIQ-UHFFFAOYSA-N,False,False,0.45454545454545453
Mol50,ACWKGTGIJRCOOM-MHZLTWQESA-N,False,False,0.4868421052631579
Mol51,RLZPMZJNCREYMM-GXFFZTMASA-N,False,False,0.3448275862068966
Mol55,ZILWUCCSRUSYKN-UHFFFAOYSA-N,False,False,0.38095238095238093
Mol58,PYPNQOBMWKABHL-UHFFFAOYSA-N,False,False,0.49333333333333335
Mol59,KEQCZCSDQPRXPW-UHFFFAOYSA-N,False,False,0.4857142857142857
Mol60,BFQFVRWUWMMEDG-UHFFFAOYSA-N,False,False,0.4189189189189189
Mol61,CHZUDAHTAPDLPR-UHFFFAOYSA-N,False,False,0.42424242424242425
Mol64,XQDRORXGSRMPIK-UHFFFAOYSA-N,False,False,0.4
Mol71,RSDQQHVDBXWCDE-DNVJHFABSA-N,False,False,0.4594594594594595
Mol72,RTSIVZFZSQNFQG-UHFFFAOYSA-N,False,False,0.49411764705882355
Mol74,FYXCIBJXJYBWPX-UHFFFAOYSA-N,False,False,0.41333333333333333
Mol81,LZMJNVRJMFMYQS-UHFFFAOYSA-N,False,False,0.4731182795698925
Mol84,KNVJMHHAXCPZHF-JTQLQIEISA-N,False,False,0.37373737373737376
Mol85,MYKJVLTXPNIGOV-KTKRTIGZSA-N,False,False,0.3018867924528302
Mol87,CDYSSOARLIVXTN-UHFFFAOYSA-N,False,False,0.45454545454545453
Mol88,NKANXQFJJICGDU-QPLCGJKRSA-N,False,False,0.5161290322580645
Mol89,XMEKIZVYEUCVCT-UHFFFAOYSA-N,False,False,0.484375
Mol90,GSHZLMCBYLCLJF-UHFFFAOYSA-N,False,False,0.45714285714285713
Mol91,KDRWUMJNCIGMDU-UHFFFAOYSA-N,False,False,0.34065934065934067
Mol92,CHHHECHQSQNTGV-UHFFFAOYSA-N,False,False,0.39436619718309857
Mol96,ASHNDICTFBCNDX-UHFFFAOYSA-N,False,False,0.36231884057971014
Mol98,WIGIZIANZCJQQY-RUCARUNLSA-N,False,False,0.35802469135802467
Mol101,NNYOJAXCMNGLAI-UHFFFAOYSA-N,False,False,0.3333333333333333
Mol102,GGBUJOQRXGWBLP-UHFFFAOYSA-N,False,False,0.35
Mol104,AAPWEYDMQBLZCQ-HNNXBMFYSA-N,False,False,0.3522727272727273
Mol106,ZJJXGWJIGJFDTL-UHFFFAOYSA-N,False,False,0.4155844155844156
Mol107,ZWFDKBAXZVNNBR-UHFFFAOYSA-N,False,False,0.43661971830985913
Mol108,JUHLMJKOEKSRGQ-UHFFFAOYSA-N,False,False,0.43243243243243246
Mol116,HBLXNQMPDSMODH-INIZCTEOSA-N,False,False,0.4666666666666667
Mol119,OYNBEDDKSIPEQC-UHFFFAOYSA-N,False,False,0.49206349206349204
Mol122,JLRGJRBPOGGCBT-UHFFFAOYSA-N,False,False,0.49122807017543857
Mol125,OHFKPEOPRKVCGF-UHFFFAOYSA-N,False,False,0.37333333333333335
Mol126,CFWGBDXZJKAFDJ-UHFFFAOYSA-N,False,False,0.40350877192982454
Mol128,SNZVTWLNSMPCST-UHFFFAOYSA-N,False,False,0.4189189189189189
Mol130,RKWGIWYCVPQPMF-UHFFFAOYSA-N,False,False,0.4791666666666667
Mol134,NULOERHCXMXMIF-UHFFFAOYSA-N,False,False,0.47761194029850745
Mol139,MOMCHYGXXYBDCD-UHFFFAOYSA-N,False,False,0.4533333333333333
Mol140,ONYWALXTZFPKAS-XHCCPWGMSA-N,False,False,0.4155844155844156
Mol142,RYYNGWLOYLRZLK-RBUKOAKNSA-N,False,False,0.4418604651162791
Mol145,GJPICJJJRGTNOD-UHFFFAOYSA-N,False,False,0.4939759036144578
Mol153,JKDGKIBAOAFRPJ-ZBINZKHDSA-N,False,False,0.4931506849315068
Mol155,YIDDLAAKOYYGJG-UHFFFAOYSA-N,False,False,0.49382716049382713
Mol156,HWQQDVNGHZIALS-UHFFFAOYSA-N,False,False,0.4142857142857143
Mol160,KXBDTLQSDKGAEB-UHFFFAOYSA-N,False,False,0.4935064935064935
Mol161,VVLHQJDAUIPZFH-UHFFFAOYSA-N,False,False,0.47560975609756095
Mol162,CUABMPOJOBCXJI-UHFFFAOYSA-N,False,False,0.4174757281553398
Mol168,NWXBRIYZBMNFNP-UHFFFAOYSA-N,False,False,0.4305555555555556
Mol169,BTDKOFMWYIXWST-UHFFFAOYSA-N,False,False,0.49019607843137253
Mol170,IBPVQHMKZIALCG-UHFFFAOYSA-N,False,False,0.4225352112676056
Mol171,ZBAUPCSYCKCMEL-UHFFFAOYSA-N,False,False,0.4666666666666667
Mol172,KHYSVIIQFIPZCM-UHFFFAOYSA-N,False,False,0.41935483870967744
Mol174,NPLRJFHZIYZAGC-UHFFFAOYSA-N,False,False,0.4507042253521127
Mol175,PFIMNXYWZIJWII-UHFFFAOYSA-N,False,False,0.39344262295081966
Mol178,YDQRBNYGAYXCIM-UHFFFAOYSA-N,False,False,0.4393939393939394
Mol179,ZCIZOOMETHCMJC-UHFFFAOYSA-N,False,False,0.32727272727272727
Mol181,VSNHROIGKLNPBI-UHFFFAOYSA-N,False,False,0.4084507042253521
Mol182,JCRGHRMNIRPPGA-UHFFFAOYSA-N,False,False,0.4117647058823529
Mol184,OKHPWDIARTVTSI-UHFFFAOYSA-N,False,False,0.3939393939393939
Mol185,YALNUENQHAQXEA-UHFFFAOYSA-N,False,False,0.42424242424242425
Mol191,GYELMTFAQQOSKZ-UHFFFAOYSA-N,False,False,0.3493975903614458
Mol192,WNZTUWLUFXNECY-UHFFFAOYSA-N,False,False,0.3448275862068966
Mol195,RKPGSHGQEFFOFS-UHFFFAOYSA-N,False,False,0.45454545454545453
Mol203,ARYLMIYFAZEEAH-UHFFFAOYSA-N,False,False,0.43333333333333335
Mol206,LPTVPXXWCHGQRK-UHFFFAOYSA-N,False,False,0.4393939393939394
Mol209,ZFCQNJIYMKSORB-UHFFFAOYSA-N,False,False,0.417910447761194
Mol211,WYYDYPLPQIGLBE-SNAWJCMRSA-N,False,False,0.34782608695652173
Mol212,INGXYDNOMOPBLY-UHFFFAOYSA-N,False,False,0.5
Mol216,UEIJBFILXGUXEZ-UHFFFAOYSA-N,False,False,0.4375
Mol222,BKETULHNGSAZEO-UHFFFAOYSA-N,False,False,0.48148148148148145
Mol224,BUKVMMPSCXRELM-LBPRGKRZSA-N,False,False,0.4931506849315068
Mol226,XCHADODBFYKNNY-UHFFFAOYSA-N,False,False,0.3561643835616438
Mol228,IROPUKCGJODFNW-SJORKVTESA-N,False,False,0.45454545454545453
Mol229,BPUPPIYEBQBCMP-UHFFFAOYSA-N,False,False,0.36619718309859156
Mol230,FRVHWQJRYSNTGD-HZPDHXFCSA-N,False,False,0.36764705882352944
Mol238,PVVPTHLGICQKNA-UHFFFAOYSA-N,False,False,0.44642857142857145
Mol241,CQGZARKTKSJDKH-UHFFFAOYSA-N,False,False,0.46875
Mol242,MRCMQOJYCPDBRO-UHFFFAOYSA-N,False,False,0.36538461538461536
Mol244,JNJALAQGTJZWGW-UHFFFAOYSA-N,False,False,0.3484848484848485
Mol249,DPAGQSYJBXSMIT-UHFFFAOYSA-N,False,False,0.36
Mol253,UETBEMJAZGZXIW-UHFFFAOYSA-N,False,False,0.32075471698113206
Mol255,OIFYEFTYZRZGGE-UHFFFAOYSA-N,False,False,0.47619047619047616
Mol258,LPXIEGPVFXCKGL-UHFFFAOYSA-N,False,False,0.5111111111111111
Mol259,YQWSRNOQYWWXJR-UHFFFAOYSA-N,False,False,0.4647887323943662
Mol260,FUZPKIULJCKZFG-UHFFFAOYSA-N,False,False,0.4444444444444444
Mol261,RIDKNFYWCILRMB-UHFFFAOYSA-N,False,False,0.45
Mol262,WYOOCFJYLODEMX-UHFFFAOYSA-N,False,False,0.3918918918918919
Mol263,RLRAKWDCQVBBPK-UHFFFAOYSA-N,False,False,0.48214285714285715
Mol264,FCLMPLBYOSTGFB-UHFFFAOYSA-N,False,False,0.4225352112676056
Mol271,UBVGQRAYIUDUDL-UHFFFAOYSA-N,False,False,0.4807692307692308
Mol278,RNTJYOROXAQAGK-UHFFFAOYSA-N,False,False,0.3387096774193548
Mol282,DPFALTRSWVGDCG-UHFFFAOYSA-N,False,False,0.48
Mol290,KCCLSEQIYOCTAB-UHFFFAOYSA-N,False,False,0.38596491228070173
Mol299,SXGQRRBYBJLHPW-UHFFFAOYSA-N,False,False,0.3972602739726027
Mol301,DYCOBNRHHTZVOI-HUUCEWRRSA-N,False,False,0.45454545454545453
Mol302,NKALKXMQBFLGQI-CMPLNLGQSA-N,False,False,0.4925373134328358
Mol304,VPQUGPTWPBYAIR-UHFFFAOYSA-N,False,False,0.4166666666666667
Mol310,DLIGHJPTEAUQLA-UHFFFAOYSA-N,False,False,0.484375
Mol311,IDBOSWJZEGFIDK-UHFFFAOYSA-O,False,False,0.3728813559322034
Mol314,ZOOZHRRKBRETFS-UHFFFAOYSA-N,False,False,0.49056603773584906
Mol316,SUJRLEXSAYOKIR-DCDXPUDHSA-N,False,False,0.3728813559322034
Mol317,CWQIYYLMQPCOIS-YDEYXMKJSA-N,False,False,0.3548387096774194
Mol319,ACYFIOVWITZLFV-UHFFFAOYSA-N,False,False,0.38461538461538464
Mol325,IGENCOTZNWBLCO-UHFFFAOYSA-N,False,False,0.48
Mol331,ITJZJVDIZNLPEK-UHFFFAOYSA-N,False,False,0.39436619718309857
Mol332,AKKBIRCPBATZHR-UHFFFAOYSA-N,False,False,0.45161290322580644
Mol333,OMCONMZXIOTUSW-VMPITWQZSA-N,False,False,0.4
Mol335,WQQJWLKLVWBCMJ-UHFFFAOYSA-N,False,False,0.48717948717948717
Mol337,HKJHHBVAEUEIDX-UHFFFAOYSA-N,False,False,0.4098360655737705
Mol338,OGPPLSFWUVHCEI-UHFFFAOYSA-N,False,False,0.38961038961038963
Mol344,MLSAQOINCGAULQ-QFMPWRQOSA-N,False,False,0.4805194805194805
Mol345,QHICZGXRTSRQHU-UHFFFAOYSA-N,False,False,0.45454545454545453
Mol347,RCYNULOHRKVOCT-UHFFFAOYSA-N,False,False,0.4074074074074074
Mol352,YWSFHLVKEXMPRO-UHFFFAOYSA-N,False,False,0.48148148148148145
Mol353,OYWQZGKTVOIORA-UHFFFAOYSA-N,False,False,0.4918032786885246
Mol357,OCEREZJCSOAZAB-UHFFFAOYSA-N,False,False,0.38461538461538464
Mol359,DBVFYWQXVNAKCZ-UHFFFAOYSA-N,False,False,0.4897959183673469
Mol361,FFSRGRGUPPBZDZ-UHFFFAOYSA-N,False,False,0.3548387096774194
Mol365,AMQIGKNWDSNJBW-UHFFFAOYSA-N,False,False,0.35185185185185186
Mol366,PWHAQPAIQHFLND-UHFFFAOYSA-N,False,False,0.375
Mol367,ZJMLHUDVNCPMJI-UHFFFAOYSA-N,False,False,0.4827586206896552
Mol370,IHUUWEIWQKPBLW-UHFFFAOYSA-N,False,False,0.46296296296296297
Mol373,DYHORCKOXRQRCK-UHFFFAOYSA-N,False,False,0.4625
Mol374,CXWZQFYDFRAJJW-UHFFFAOYSA-N,False,False,0.43636363636363634
Mol376,UYURBIUOWMNHIM-UHFFFAOYSA-N,False,False,0.34285714285714286
Mol382,XDCFRANCTAINNZ-UHFFFAOYSA-N,False,False,0.3333333333333333
Mol385,BPVHSQXOOBPJGO-UHFFFAOYSA-N,False,False,0.4931506849315068
Mol386,CQOFKWLEYCQQNB-UHFFFAOYSA-N,False,False,0.4915254237288136
Mol392,FQIZTYCOQDINSQ-UHFFFAOYSA-N,False,False,0.4444444444444444
Mol397,HMQIKNIJZBWSNJ-UHFFFAOYSA-N,False,False,0.352112676056338
Mol399,WJHZMLMBVGQQPK-UHFFFAOYSA-N,False,False,0.39344262295081966
Mol402,BABIMNQXZCCYBA-UHFFFAOYSA-N,False,False,0.3870967741935484
Mol403,NSQSAUGJQHDYNO-UHFFFAOYSA-N,False,False,0.5783132530120482
Mol404,HJOQMJVPFXCEBV-UHFFFAOYSA-N,False,False,0.4745762711864407
Mol411,MKTMPSVNSDAAJK-VIFPVBQESA-N,False,False,0.39285714285714285
Mol413,ZTDLLWNTNRENCG-UHFFFAOYSA-N,False,False,0.3698630136986301
Mol418,HJKBEJSEUHFXLE-UHFFFAOYSA-N,False,False,0.4177215189873418
Mol425,DJGILJOLONPABY-UHFFFAOYSA-N,False,False,0.42857142857142855
Mol427,TXEUTVDNIJTCPW-UHFFFAOYSA-N,False,False,0.49056603773584906
Mol429,VJCZOPYDZPBDDK-UHFFFAOYSA-N,False,False,0.3939393939393939
Mol433,CRDKGQHMQZDLBU-UHFFFAOYSA-N,False,False,0.43548387096774194
Mol436,UVIRKBKVDJARPE-UHFFFAOYSA-N,False,False,0.4852941176470588
Mol438,DIBYZZDFOLJZJT-UHFFFAOYSA-N,False,False,0.40298507462686567
Mol441,IFTPDDRLOWBJGY-UHFFFAOYSA-N,False,False,0.4
Mol445,AXIVZGQAOBMNJB-UHFFFAOYSA-N,False,False,0.4583333333333333
Mol450,CFSVIMRFRRJRDH-UHFFFAOYSA-N,False,False,0.49122807017543857
Mol451,GPCJCAXWZKVQJB-UHFFFAOYSA-N,False,False,0.4142857142857143
Mol453,ROBIKHYXHUWQQY-UHFFFAOYSA-N,False,False,0.4931506849315068
Mol461,WSHYKWTXQQQMNR-UHFFFAOYSA-N,False,False,0.3974358974358974
Mol468,UVLSQSCHGFZCEK-CQSZACIVSA-N,False,False,0.4838709677419355
Mol469,VSAYLIPDPHFUBP-UHFFFAOYSA-N,False,False,0.43137254901960786
Mol470,JGFSNDFJYPCFNV-UHFFFAOYSA-N,False,False,0.4
Mol472,DOWHGGATFKZWGB-UHFFFAOYSA-N,False,False,0.45454545454545453
Mol473,XGNBVPXYBQWYPA-UHFFFAOYSA-N,False,False,0.4626865671641791
Mol474,SRCMYIJFZPPIAA-UHFFFAOYSA-N,False,False,0.3373493975903614
Mol476,YNKSJTUOLLRWFE-UHFFFAOYSA-N,False,False,0.4418604651162791
Mol479,XAFFYDSYNQILAD-UHFFFAOYSA-N,False,False,0.47619047619047616
Mol481,IHEBCVRRIRIUGA-ZIAGYGMSSA-N,False,False,0.42424242424242425
Mol482,CMGNTJAZLXTBPE-UHFFFAOYSA-N,False,False,0.4117647058823529
Mol486,OKHCPHAZJIMFSK-UHFFFAOYSA-N,False,False,0.4153846153846154
Mol493,KAHRDKXNHIKLLC-UHFFFAOYSA-N,False,False,0.3424657534246575
Mol494,VBDZRSPQVQKPGI-UHFFFAOYSA-N,False,False,0.43478260869565216
Mol495,IJQLFSFNQJVIOZ-UHFFFAOYSA-N,False,False,0.4864864864864865
Mol498,WFNNNFOLTKWTQY-CYBMUJFWSA-N,False,False,0.42857142857142855
Mol502,SMFLQKMDDPDSQZ-UHFFFAOYSA-N,False,False,0.33962264150943394
Mol505,RQEYAJHDVZJZOJ-UHFFFAOYSA-N,False,False,0.325
Mol512,ZVALCLKPLGJKFU-UHFFFAOYSA-N,False,False,0.4444444444444444
Mol514,NGSKTYWXXOQCFM-UHFFFAOYSA-N,False,False,0.4067796610169492
Mol517,QRNCFHAKDYINSH-UHFFFAOYSA-N,False,False,0.4918032786885246
Mol522,SSNUZZSFIYWUOA-UHFFFAOYSA-N,False,False,0.4857142857142857
Mol524,ZXRFIELUIMUSBJ-UHFFFAOYSA-N,False,False,0.39285714285714285
Mol525,PLEJKABOINCQQQ-QAPCUYQASA-N,False,False,0.4050632911392405
Mol528,UGLRFKPRRRLTLA-UHFFFAOYSA-N,False,False,0.36666666666666664
Mol532,QYANZLOQXIPLIP-UHFFFAOYSA-N,False,False,0.3972602739726027
Mol535,VYHGWPYUOZUABM-UHFFFAOYSA-N,False,False,0.4583333333333333
Mol536,MNRYVBJITPPUCM-UHFFFAOYSA-N,False,False,0.36585365853658536
Mol537,LGWACEZVCMBSKW-UHFFFAOYSA-N,False,False,0.4918032786885246
Mol540,IDJJIUCLYNIMAZ-QAQDUYKDSA-N,False,False,0.4444444444444444
Mol541,UJWQCXNEMIQVPQ-UHFFFAOYSA-N,False,False,0.43283582089552236
Mol542,UWEUTACYIBCUQM-UHFFFAOYSA-N,False,False,0.4117647058823529
Mol548,OJLBZWLCVGWJLZ-UHFFFAOYSA-N,False,False,0.4411764705882353
Mol549,ZREIQECJMXGYIP-UHFFFAOYSA-N,False,False,0.4772727272727273
Mol550,ONSZHOWXOBPJQN-UHFFFAOYSA-N,False,False,0.39655172413793105
Mol551,OILNKWOHTPDTJZ-UHFFFAOYSA-N,False,False,0.38235294117647056
Mol557,DBKWXZWAWNWGKA-UHFFFAOYSA-N,False,False,0.36486486486486486
Mol558,YTPYAEDROVEOLL-UHFFFAOYSA-N,False,False,0.45
Mol561,PSCRFWOFSDHSNL-LBPRGKRZSA-N,False,False,0.4861111111111111
Mol564,WTOZAGKUEVMPNX-BYPYZUCNSA-N,False,False,0.3230769230769231
Mol571,RXTNNSLOMGEPKA-UHFFFAOYSA-N,False,False,0.4189189189189189
Mol574,WXVYHUDLTDHZDO-UHFFFAOYSA-N,False,False,0.45901639344262296
Mol575,OVWLABUNODQRGC-UHFFFAOYSA-N,False,False,0.43661971830985913
Mol581,RRXYQIFHBWNQKL-UHFFFAOYSA-N,False,False,0.42857142857142855
Mol582,KOBPSNZNXLDNEJ-UHFFFAOYSA-N,False,False,0.49206349206349204
Mol589,PYEFPDQFAZNXLI-UHFFFAOYSA-N,False,False,0.49295774647887325
Mol590,LZGFKWQSOKFMQT-UHFFFAOYSA-N,False,False,0.4339622641509434
Mol592,GJFCHYYVWYAKNE-GFCCVEGCSA-N,False,False,0.43859649122807015
Mol595,JTKKLCUAFGLTRX-UHFFFAOYSA-N,False,False,0.42857142857142855
Mol597,RHCIJHJUXQAURF-UHFFFAOYSA-N,False,False,0.37333333333333335
Mol601,CYKASKDHWLGJHP-UHFFFAOYSA-N,False,False,0.47540983606557374
Mol605,GJUXTOMLQCYIGX-UHFFFAOYSA-N,False,False,0.45901639344262296
Mol606,LQKOUUUEAOKUTJ-UHFFFAOYSA-N,False,False,0.4603174603174603
Mol608,NNCBFSNVEPMDHX-UHFFFAOYSA-N,False,False,0.39705882352941174
Mol610,BQHAYIMWTCDYCY-UHFFFAOYSA-N,False,False,0.3548387096774194
Mol613,PNDAILXGQXODRS-UHFFFAOYSA-N,False,False,0.45652173913043476
Mol614,BUBCBAICTFVBTL-UHFFFAOYSA-N,False,False,0.42
Mol621,WYHBMOZFRRAAFK-UHFFFAOYSA-N,False,False,0.4032258064516129
Mol628,CTYTVBYHWMRIKT-UHFFFAOYSA-N,False,False,0.42857142857142855
Mol632,RFGKUIHLISNSNF-UHFFFAOYSA-N,False,False,0.4426229508196721
Mol637,JJUMUYPEXZXUEZ-UHFFFAOYSA-N,False,False,0.4307692307692308
Mol644,UQKNLCSSIHMKNT-UHFFFAOYSA-N,False,False,0.4225352112676056
Mol653,QZCLAJXYYHZENX-UHFFFAOYSA-N,False,False,0.484375
Mol664,QEYWGTGQPUMGJP-UHFFFAOYSA-N,False,False,0.40816326530612246
Mol668,YZEKHAPPKIJWRP-UHFFFAOYSA-N,False,False,0.45454545454545453
Mol669,QAAXJXJRNWKXFQ-UHFFFAOYSA-N,False,False,0.3888888888888889
Mol674,FJGGHZWQAAEUAC-UHFFFAOYSA-N,False,False,0.49122807017543857
Mol682,FRWLBZKINXWPKT-ZDUSSCGKSA-N,False,False,0.37333333333333335
Mol683,VEYGHJPCCHUVOY-UHFFFAOYSA-N,False,False,0.3898305084745763
Mol684,NZNPYKWNAVHQQQ-UHFFFAOYSA-N,False,False,0.5208333333333334
Mol686,NFHAPDLCDAJFCX-UHFFFAOYSA-N,False,False,0.49230769230769234
Mol687,DUBMDJVPKXKXGD-UHFFFAOYSA-N,False,False,0.4807692307692308
Mol690,MZLWLTOLDGQETN-UHFFFAOYSA-N,False,False,0.4117647058823529
Mol691,GFDQIXAYBUBQAY-UHFFFAOYSA-N,False,False,0.44776119402985076
Mol693,YDUIILJLZLGIMX-UHFFFAOYSA-N,False,False,0.4918032786885246
Mol696,UCJGJABZCDBEDK-UHFFFAOYSA-N,False,False,0.4878048780487805
Mol697,HDSRYPSIPIBKQX-UHFFFAOYSA-N,False,False,0.46774193548387094
Mol701,GQJXOZXHKIWEBE-UHFFFAOYSA-N,False,False,0.4827586206896552
Mol708,WGPPNPLKTCNUPQ-UHFFFAOYSA-N,False,False,0.3466666666666667
Mol711,ONZFVYOYQFCRCX-UHFFFAOYSA-N,False,False,0.4032258064516129
Mol715,XCFZZBMJVSGMMJ-UHFFFAOYSA-N,False,False,0.49230769230769234
Mol716,DUNOPKCWRLVJHJ-UHFFFAOYSA-N,False,False,0.44680851063829785
Mol720,LCFITBDHTBGYPM-UHFFFAOYSA-N,False,False,0.4262295081967213
Mol722,RFOCXDBKBAMNMY-UHFFFAOYSA-N,False,False,0.43333333333333335
Mol723,DFWXMUFOLKKMRQ-UHFFFAOYSA-N,False,False,0.35294117647058826
Mol725,MZUNTXNIYIIZQU-UHFFFAOYSA-N,False,False,0.3968253968253968
Mol726,GIFYKGIODMXYNT-UHFFFAOYSA-N,False,False,0.46938775510204084
Mol729,OUNHNGHMGJKYFJ-UHFFFAOYSA-N,False,False,0.3380281690140845
Mol732,FCMDFEXVBFGFFF-UHFFFAOYSA-N,False,False,0.42424242424242425
Mol735,GKJZVWRZCHIAII-UHFFFAOYSA-N,False,False,0.38666666666666666
Mol738,KOCMAZVFAGSKGW-UHFFFAOYSA-N,False,False,0.48484848484848486
Mol739,KIFOKMIADRKLTJ-UHFFFAOYSA-N,False,False,0.46875
Mol742,PFZBQYOOHREQKW-UHFFFAOYSA-N,False,False,0.4339622641509434
Mol743,OAHDJGJMLBHICO-UHFFFAOYSA-N,False,False,0.42857142857142855
Mol745,HVJJFHCJADKZQH-UHFFFAOYSA-N,False,False,0.4444444444444444
Mol747,YXRYEZBQLGDFGI-UHFFFAOYSA-N,False,False,0.4927536231884058
Mol748,QNOUKVPHXOIUQW-UHFFFAOYSA-N,False,False,0.38461538461538464
Mol749,JHJAOLBFSDNYDN-UHFFFAOYSA-N,False,False,0.42857142857142855
Mol754,MCIHINOEJDDSKD-UHFFFAOYSA-N,False,False,0.3225806451612903
Mol762,IAKHDLCRPGREKF-UHFFFAOYSA-N,False,False,0.4107142857142857
Mol763,YWNXAXBSTKVANW-UHFFFAOYSA-N,False,False,0.3870967741935484
Mol764,OINGHOPGNMYCAB-INIZCTEOSA-N,False,False,0.7027027027027027
Mol769,MVNMFPRTUCNQKW-UHFFFAOYSA-N,False,False,0.40789473684210525
Mol770,UYUUEZBMQUAJQR-UHFFFAOYSA-N,False,False,0.43859649122807015
Mol771,NBKAIGHQPZGXLF-UHFFFAOYSA-N,False,False,0.38461538461538464
Mol788,CGJRTLJGHAPHDH-UHFFFAOYSA-N,False,False,0.49056603773584906
Mol792,XTXLXFUMMXZLIL-UHFFFAOYSA-N,False,False,0.4375
Mol794,GEDQQEVPPZTFDV-UHFFFAOYSA-N,False,False,0.3125
Mol795,FJLZWEYRIGDVKO-UHFFFAOYSA-N,False,False,0.35443037974683544
Mol797,YVJLHVNXCNFQLV-UHFFFAOYSA-N,False,False,0.36666666666666664
Mol798,AALYXTSAQKOCPM-XHSDSOJGSA-N,False,False,0.32
Mol802,BDJFEVNMUHOFNL-MRXNPFEDSA-N,False,False,0.32098765432098764
Mol803,FDXYHGCWLMJXQX-UHFFFAOYSA-N,False,False,0.41379310344827586
Mol814,JOHQOOIUIIOSRM-UHFFFAOYSA-N,False,False,0.3723404255319149
Mol815,GEFAJZFTPPLZJO-UHFFFAOYSA-N,False,False,0.4807692307692308
Mol817,YDWBBGCNUQEBAW-UHFFFAOYSA-N,False,False,0.4888888888888889
Mol818,YQZARKBLLNUWFM-UHFFFAOYSA-N,False,False,0.375
Mol827,JLKVSOFRBQTWLE-UHFFFAOYSA-N,False,False,0.43548387096774194
Mol829,DDIKDFDDKMFLJE-UHFFFAOYSA-N,False,False,0.42857142857142855
Mol831,KVDFCEKYWDVOHW-UHFFFAOYSA-N,False,False,0.32142857142857145
Mol835,HLARYGUWZBJOLD-UHFFFAOYSA-N,False,False,0.4461538461538462
Mol836,DIIMYPPJQYOYFF-ZDUSSCGKSA-N,False,False,0.47619047619047616
Mol842,GRLXVWHGXWFBIY-UHFFFAOYSA-N,False,False,0.4090909090909091
Mol848,OABVICGIOLFKQY-UHFFFAOYSA-N,False,False,0.46296296296296297
Mol850,FEEYKVCPKPHZFI-UHFFFAOYSA-N,False,False,0.4583333333333333
Mol858,YAFQPQWPYSVBIY-UHFFFAOYSA-N,False,False,0.4
Mol864,AIIYQIMFRIRGOF-UHFFFAOYSA-N,False,False,0.4625
Mol878,RWLGBMUGEUQCNU-INIZCTEOSA-N,False,False,0.44594594594594594
Mol880,JIINOVPNMVVWGK-UHFFFAOYSA-N,False,False,0.417910447761194
Mol883,DDFZWZOMOJAGID-UHFFFAOYSA-N,False,False,0.47368421052631576
Mol900,BKXJHJZZOLJMKV-UHFFFAOYSA-N,False,False,0.45161290322580644
Mol902,ARVYCDPHIDHTMS-UHFFFAOYSA-N,False,False,0.4520547945205479
Mol903,ZQIOCTMLKHFADY-UHFFFAOYSA-N,False,False,0.4375
Mol910,WABOODYLNSTDQR-UHFFFAOYSA-N,False,False,0.3888888888888889
Mol911,HTXSDWWOBAGDHY-UHFFFAOYSA-N,False,False,0.4461538461538462
Mol912,QOFSXTAYXIAFTF-UHFFFAOYSA-N,False,False,0.39622641509433965
Mol914,RASAAPDECPFTHQ-UHFFFAOYSA-N,False,False,0.4716981132075472
Mol923,PKLBWRLBOQWRLY-UHFFFAOYSA-N,False,False,0.44285714285714284
Mol925,XXUPHNPBGONBNG-UHFFFAOYSA-N,False,False,0.48214285714285715
Mol927,HHFBDROWDBDFBR-UHFFFAOYSA-N,False,False,0.4492753623188406
Mol928,UADGIWYEQMLUJB-UHFFFAOYSA-N,False,False,0.4727272727272727
Mol930,IAAIAVRNWAMWJG-UHFFFAOYSA-N,False,False,0.4666666666666667
Mol935,ROYXIPOUVGDTAO-UHFFFAOYSA-N,False,False,0.43103448275862066
Mol940,SMJDNMTVWKSOCG-UHFFFAOYSA-N,False,False,0.4722222222222222
Mol941,FUEXETRGXNADCE-UHFFFAOYSA-N,False,False,0.44
Mol945,AKVAPBSMZHDIDC-UHFFFAOYSA-N,False,False,0.4375
Mol950,HGPVWDHYAGNRKB-HNNXBMFYSA-N,False,False,0.379746835443038
Mol952,ZKJUGZMVKIGRAO-UHFFFAOYSA-N,False,False,0.46808510638297873
Mol957,HNIGCSMSFLMAEM-UHFFFAOYSA-N,False,False,0.46875
Mol958,BKSTXRVGVAYEJE-UHFFFAOYSA-N,False,False,0.48
Mol960,FRUNELKONVVOEG-SNVBAGLBSA-N,False,False,0.42857142857142855
Mol967,UTUWXJQRPJMARG-UHFFFAOYSA-N,False,False,0.4142857142857143
Mol971,FMSCEHOLVLZCDN-UHFFFAOYSA-N,False,False,0.48936170212765956
Mol975,WAKOGVFCFQQVSP-UHFFFAOYSA-N,False,False,0.46296296296296297
Mol976,WQXDOOBDJYXLRX-UHFFFAOYSA-N,False,False,0.3188405797101449
Mol977,CIFTVHVBBAXINQ-UHFFFAOYSA-N,False,False,0.41818181818181815
Mol978,VTVFDKFJFATSQI-UHFFFAOYSA-N,False,False,0.46551724137931033
Mol987,UNYYDRIBBLTIOP-UHFFFAOYSA-N,False,False,0.44285714285714284
Mol991,NJKAEQUXQBIFMV-UHFFFAOYSA-N,False,False,0.4915254237288136
Mol992,BDRSSFXXNVTSDQ-NSHDSACASA-N,False,False,0.38095238095238093
Mol994,DQSHQKNJFQFQJU-UHFFFAOYSA-N,False,False,0.42105263157894735
Mol996,DGGMCAUNLONNOW-UHFFFAOYSA-N,False,False,0.4426229508196721
Mol999,GGXXFMYCDQAWGE-UHFFFAOYSA-N,False,False,0.3783783783783784
Mol1004,WURKHGYIIOBSPV-UHFFFAOYSA-N,False,False,0.3939393939393939
Mol1011,SNMCSNHPYHHOAM-UHFFFAOYSA-N,False,False,0.4146341463414634
Mol1013,FGYHLIHEFHCMPP-FVWOBLMASA-N,False,False,0.49333333333333335
Mol1014,YVEUQXLFDSTANC-UHFFFAOYSA-N,False,False,0.3333333333333333
Mol1019,XFKVJLIKAQZTFV-UHFFFAOYSA-N,False,False,0.35294117647058826
Mol1020,WJHITRMIOOMJLD-UHFFFAOYSA-N,False,False,0.46774193548387094
Mol1021,NFZBYJDNPFLNLU-UHFFFAOYSA-N,False,False,0.45614035087719296
Mol1022,CYNULLGFZJGSAB-GFCCVEGCSA-N,False,False,0.323943661971831
Mol1023,DHAMNAFNGFAQOK-UHFFFAOYSA-N,False,False,0.5
Mol1028,ANTKKPZRNQMUNN-UHFFFAOYSA-N,False,False,0.4262295081967213
Mol1029,LTUIOLVGQSZARV-UHFFFAOYSA-N,False,False,0.48
Mol1030,LCKNXXSRWUDWIU-UHFFFAOYSA-N,False,False,0.47368421052631576
Mol1034,SNAXIVQNNHUFGP-UHFFFAOYSA-N,False,False,0.4492753623188406
Mol1035,KVEOZGZPAVUHBK-UHFFFAOYSA-N,False,False,0.3780487804878049
Mol1038,JXQBOJSPKGXIBE-UHFFFAOYSA-N,False,False,0.484375
Mol1039,DSWXGHONYJOBMW-UHFFFAOYSA-N,False,False,0.45161290322580644
Mol1046,ZTORKIVYPZHTIV-UHFFFAOYSA-N,False,False,0.3787878787878788
Mol1048,UYSPZFALMWFKBZ-UHFFFAOYSA-N,False,False,0.3877551020408163
Mol1051,BGWCZNFXDGJWQB-UHFFFAOYSA-N,False,False,0.38235294117647056
Mol1055,QDIYOEYPJWXMRN-CQSZACIVSA-N,False,False,0.4931506849315068
Mol1060,XJMYIJPPDSZOPN-UHFFFAOYSA-N,False,False,0.58
Mol1068,GNKBQEXYZZRNCI-UHFFFAOYSA-N,False,False,0.421875
Mol1069,VXBWLGBTQRJBLK-FUHWJXTLSA-N,False,False,0.4807692307692308
Mol1070,HHUZEOHYKCAAOZ-UHFFFAOYSA-N,False,False,0.47692307692307695
Mol1073,QQXFMFBWVFDUMM-UHFFFAOYSA-N,False,False,0.46875
Mol1078,JWJAATXZJCUFFN-UHFFFAOYSA-N,False,False,0.3918918918918919
Mol1079,CDUWEJFBFYSEPJ-SIKLNZKXSA-N,False,False,0.3563218390804598
Mol1080,WIDYBCMQVSMFDI-UHFFFAOYSA-N,False,False,0.3333333333333333
Mol1081,YPCWURVLIGXDBJ-UHFFFAOYSA-N,False,False,0.49122807017543857
Mol1082,MASPZZMEXUIEEC-UHFFFAOYSA-N,False,False,0.3709677419354839
Mol1094,LOKVHURFTYHGBZ-UHFFFAOYSA-N,False,False,0.4918032786885246
Mol1098,POHBUZVMFNFKOV-UHFFFAOYSA-N,False,False,0.47692307692307695
Mol1102,HVCUSCHUHHXIEC-UHFFFAOYSA-N,False,False,0.43548387096774194
Mol1105,LSQMWEMCZSKHSA-UHFFFAOYSA-N,False,False,0.48484848484848486
Mol1111,WOSMCMULWWHMIV-UHFFFAOYSA-N,False,False,0.4714285714285714
Mol1119,KNXRDWYDPFWBLZ-UHFFFAOYSA-N,False,False,0.4
Mol1120,WWOSZAQGUBYVFJ-UHFFFAOYSA-N,False,False,0.4915254237288136
Mol1122,KHCQCIHBMYJRRJ-UHFFFAOYSA-N,False,False,0.48148148148148145
Mol1126,HQMCRBUBEKJICE-BBWFWOEESA-N,False,False,0.3389830508474576
Mol1130,CIIDSOGNYNGNST-UHFFFAOYSA-N,False,False,0.39622641509433965
Mol1131,GWVCGZMCFREYKD-UHFFFAOYSA-N,False,False,0.3132530120481928
Mol1133,PISPUMXDSOMCDE-UHFFFAOYSA-N,False,False,0.46296296296296297
Mol1136,WOZNUGDFAIDXFJ-UHFFFAOYSA-N,False,False,0.41509433962264153
Mol1137,OOXBILHMJRROBX-UHFFFAOYSA-N,False,False,0.38571428571428573
Mol1139,JTAKQQSAAIWCIY-UHFFFAOYSA-N,False,False,0.3387096774193548
Mol1142,GOPYNSRYJLROHJ-UHFFFAOYSA-N,False,False,0.3898305084745763
Mol1144,CUVKRPUNVDDPKG-UHFFFAOYSA-N,False,False,0.46938775510204084
Mol1146,ORTUADGOGAWUMN-UHFFFAOYSA-N,False,False,0.41818181818181815
Mol1151,HUCZYJUHKYRNOQ-UHFFFAOYSA-N,False,False,0.49056603773584906
Mol1152,AVUZAYKLOPGUSX-UHFFFAOYSA-N,False,False,0.3939393939393939
Mol1154,AYQBYSPEGRYKFA-UHFFFAOYSA-N,False,False,0.3918918918918919
Mol1155,ZLHFILGSQDJULK-UHFFFAOYSA-N,False,False,0.4625
Mol1157,WBLXRRPVKDBLHS-UHFFFAOYSA-N,False,False,0.4691358024691358
Mol1159,QRFUXICJPRAKEW-NSCUHMNNSA-N,False,False,0.4605263157894737
Mol1161,DBENMZZIIWUNIP-UHFFFAOYSA-N,False,False,0.39655172413793105
Mol1162,UKDFICJNFKHIDK-UHFFFAOYSA-N,False,False,0.4647887323943662
Mol1163,NDZBHWXDBASESU-UHFFFAOYSA-N,False,False,0.4772727272727273
Mol1169,XVPPIAIYPFVSBW-UHFFFAOYSA-N,False,False,0.4915254237288136
Mol1170,HBSGRLJNVVNDGJ-UHFFFAOYSA-N,False,False,0.3333333333333333
Mol1171,WVKJVKCHAYBCGK-UHFFFAOYSA-N,False,False,0.3684210526315789
Mol1173,BZPJRSBIYSIUHD-UHFFFAOYSA-N,False,False,0.4155844155844156
Mol1180,IMRFLEMQZYHZSD-UHFFFAOYSA-N,False,False,0.3382352941176471
Mol1181,GMGCTYFZJPQQNA-UHFFFAOYSA-N,False,False,0.4576271186440678
Mol1183,HCISDOBRMCFMSV-UHFFFAOYSA-N,False,False,0.4533333333333333
Mol1184,KUNKURLZZAIKEC-UHFFFAOYSA-N,False,False,0.40298507462686567
Mol1186,QOTAQTRFJWLFCR-XFHMXUHZSA-N,False,False,0.5689655172413793
Mol1188,RTKIYFITIVXBLE-QEQCGCAPSA-N,False,False,0.6346153846153846
Mol1189,XOOIZQPIOQDXJI-UHFFFAOYSA-N,False,False,0.4057971014492754
Mol1191,RJDLNFNDZIYYOP-UHFFFAOYSA-N,False,False,0.4482758620689655
Mol1203,MRWAYZIJGXCMFC-QWHCGFSZSA-N,False,False,0.43548387096774194
Mol1207,AJSPTCNBQXUMHE-UHFFFAOYSA-N,False,False,0.43661971830985913
Mol1210,NOGKSCJLZVICAU-UHFFFAOYSA-N,False,False,0.4230769230769231
Mol1213,WYIPCYVTNMWZMX-UHFFFAOYSA-N,False,False,0.3898305084745763
Mol1214,LBKPWNZGKGNWNB-UHFFFAOYSA-N,False,False,0.41509433962264153
Mol1215,RFHAOTPXVQNOHP-UHFFFAOYSA-N,False,False,0.41333333333333333
Mol1217,ROTRJAOHYHMCDD-UHFFFAOYSA-N,False,False,0.35555555555555557
Mol1219,AJAJIUWERDQPMG-UHFFFAOYSA-N,False,False,0.463768115942029
Mol1220,PFVYJXBPEPSHDL-UHFFFAOYSA-N,False,False,0.47619047619047616
Mol1228,XRDXNWRBRAGKPF-UHFFFAOYSA-N,False,False,0.4782608695652174
Mol1231,DZBQTEQPWCBCQY-UHFFFAOYSA-N,False,False,0.425
Mol1232,YEBLTBCDBNKMOR-UHFFFAOYSA-N,False,False,0.425
Mol1234,NQHBLWVBWSBKRX-UHFFFAOYSA-N,False,False,0.323943661971831
Mol1237,CDUOTZWVKPSMIB-UHFFFAOYSA-N,False,False,0.421875
Mol1240,IUUGNJGCTKOENY-UHFFFAOYSA-N,False,False,0.4126984126984127
Mol1245,WAYADEDQPOPGPG-UHFFFAOYSA-N,False,False,0.45454545454545453
Mol1248,PIEYNIBALKCKJW-UHFFFAOYSA-N,False,False,0.44642857142857145
Mol1255,KKEPINMWMPMALA-UHFFFAOYSA-N,False,False,0.4264705882352941
Mol1261,HTEHGMVMUJRZNT-UHFFFAOYSA-N,False,False,0.4883720930232558
Mol1263,QYGOCZHZGFCPTK-UHFFFAOYSA-N,False,False,0.4642857142857143
Mol1266,WXGLWHNJNBSGRY-UHFFFAOYSA-N,False,False,0.41935483870967744
Mol1267,YJRYGRNORJMHNF-UHFFFAOYSA-N,False,False,0.40384615384615385
Mol1271,YAIRUPGIMYYBAS-UHFFFAOYSA-N,False,False,0.4772727272727273
Mol1276,UYDWMMQTWFFRDW-UHFFFAOYSA-N,False,False,0.49122807017543857
Mol1277,IKFARRVCWHFJGS-UHFFFAOYSA-N,False,False,0.3787878787878788
Mol1282,KQTQFJVMFMYCHJ-MSOLQXFVSA-N,False,False,0.44594594594594594
Mol1283,WPWGJBLFHKDLEF-UHFFFAOYSA-N,False,False,0.4782608695652174
Mol1284,BDYHZPNFESVBDI-HNNXBMFYSA-N,False,False,0.4266666666666667
Mol1296,KMNSPAGTLKOMTH-UHFFFAOYSA-N,False,False,0.463768115942029
Mol1297,LZMOSYUFVYJEPY-UHFFFAOYSA-N,False,False,0.4807692307692308
Mol1298,DEZZLWQELQORIU-RELWKKBWSA-N,False,False,0.49230769230769234
Mol1299,GSRBZEQWYAJCRP-UHFFFAOYSA-N,False,False,0.49206349206349204
Mol1304,FTXDRCQTOWRREU-UHFFFAOYSA-N,False,False,0.44594594594594594
Mol1306,PRFHXEYGJQNXBK-UHFFFAOYSA-N,False,False,0.45161290322580644
Mol1308,XWQKYIHXNDROCW-UHFFFAOYSA-N,False,False,0.375
Mol1319,RAECUCLHSNLMPA-OAHLLOKOSA-N,False,False,0.4
Mol1323,YNPIXLIBKJGSSR-UHFFFAOYSA-N,False,False,0.4166666666666667
Mol1325,GFHNUTMZZQLERN-UHFFFAOYSA-N,False,False,0.39436619718309857
Mol1327,PNONELFEKONHQP-UHFFFAOYSA-N,False,False,0.40350877192982454
Mol1329,WCTOHPVVHJKFBB-UHFFFAOYSA-N,False,False,0.38271604938271603
Mol1332,SXKQNOXADNTYEA-UHFFFAOYSA-N,False,False,0.3709677419354839
Mol1348,SAJDLIPPNWWYEQ-UHFFFAOYSA-N,False,False,0.4642857142857143
Mol1352,UDZQTXKVRIZNCL-MRXNPFEDSA-N,False,False,0.3783783783783784
Mol1356,LXLBTGXESGUKQU-OLZOCXBDSA-N,False,False,0.3389830508474576
Mol1358,HIJNISSINSWMST-UHFFFAOYSA-N,False,False,0.42857142857142855
Mol1361,IGWCSERDTPKAMH-UHFFFAOYSA-N,False,False,0.35
Mol1362,NLYIBMLRPHCKGA-UHFFFAOYSA-N,False,False,0.37735849056603776
Mol1364,USZOYTCTXKHZOX-UHFFFAOYSA-N,False,False,0.38596491228070173
Mol1365,SHFQBVGISRIZLE-UHFFFAOYSA-N,False,False,0.47058823529411764
Mol1366,IDYIPULQUOZLDY-UHFFFAOYSA-N,False,False,0.4358974358974359
Mol1370,YXUKFUDRIICZFB-UHFFFAOYSA-N,False,False,0.36363636363636365
Mol1374,PFROQKWMWAATAB-UHFFFAOYSA-N,False,False,0.4603174603174603
Mol1379,ILQWLAGCKQTDMY-UHFFFAOYSA-N,False,False,0.4230769230769231
Mol1395,UTJZQRVIMUWIAM-UHFFFAOYSA-N,False,False,0.421875
Mol1396,VETSUNZWTJUJCA-UHFFFAOYSA-N,False,False,0.4264705882352941
Mol1404,IDJSUSOKRAKTMU-UHFFFAOYSA-N,False,False,0.4264705882352941
Mol1407,DVJDHOAOVQYFIO-UHFFFAOYSA-N,False,False,0.4166666666666667
Mol1408,UKGJZRHYPQETPA-UHFFFAOYSA-N,False,False,0.46153846153846156
Mol1409,LPTNUCSJSXOWRA-UHFFFAOYSA-N,False,False,0.47368421052631576
Mol1411,ZVIMQGANPJDDPW-UHFFFAOYSA-N,False,False,0.417910447761194
Mol1415,SKEMFPFDGJGANH-UHFFFAOYSA-N,False,False,0.2702702702702703
Mol1421,IMFHSWWPPCULMP-UHFFFAOYSA-N,False,False,0.43137254901960786
Mol1423,IMYWEPBNEASHJY-UHFFFAOYSA-N,False,False,0.46153846153846156
Mol1428,CLGCHUKGBICQTE-UHFFFAOYSA-N,False,False,0.4935064935064935
Mol1429,CJDJTUUGMCWUKM-UHFFFAOYSA-N,False,False,0.352112676056338
Mol1439,QLUYMIVVAYRECT-OCCSQVGLSA-N,False,False,0.4927536231884058
Mol1443,DKVKSZHHUXHENY-UHFFFAOYSA-N,False,False,0.42857142857142855
Mol1452,KHFTUERUENUSRD-OWOJBTEDSA-N,False,False,0.4
Mol1458,RCSJWAUFSMPCPD-UHFFFAOYSA-N,False,False,0.38271604938271603
Mol1459,CWKIBOQOMKRYSO-UHFFFAOYSA-N,False,False,0.48717948717948717
Mol1461,NPACNFCQLSYYNA-UHFFFAOYSA-N,False,False,0.3888888888888889
Mol1462,SINQIEAULQKUPD-UHFFFAOYSA-N,False,False,0.43548387096774194
Mol1464,MZFYBHAVWYFSFB-UHFFFAOYSA-N,False,False,0.4791666666666667
Mol1471,XTUIUIDTYOEITB-QPJJXVBHSA-N,False,False,0.45098039215686275
Mol1474,KQOAWUUSLGPFRF-UHFFFAOYSA-N,False,False,0.4406779661016949
Mol1475,NHGZPOPCVWNKMD-UHFFFAOYSA-N,False,False,0.4915254237288136
Mol1476,PKESIWXMSZWOFW-UHFFFAOYSA-N,False,False,0.35384615384615387
Mol1477,JSHHWJAMYJADCA-UHFFFAOYSA-N,False,False,0.4888888888888889
Mol1483,YZZYFCAVOPEFII-UHFFFAOYSA-N,False,False,0.46808510638297873
Mol1493,DLIRIISBTXAILU-UHFFFAOYSA-N,False,False,0.49206349206349204
Mol1496,OESXNTWXDBGEGQ-UHFFFAOYSA-N,False,False,0.48214285714285715
Mol1498,SEJWXEPIINCLNQ-UHFFFAOYSA-N,False,False,0.4
Mol1499,KUMPWJXZXJHLML-UHFFFAOYSA-N,False,False,0.3815789473684211
Mol1509,FYCKISATUZRTEJ-UHFFFAOYSA-N,False,False,0.35185185185185186
Mol1512,VNIYMFDYEIBJEN-UHFFFAOYSA-N,False,False,0.4897959183673469
Mol1513,MOQCLSFEKCRBCF-UHFFFAOYSA-N,False,False,0.358974358974359
Mol1514,JJAXNBOXCUWEMN-UHFFFAOYSA-N,False,False,0.41379310344827586
Mol1519,UWSIMCSCHLAVBF-UHFFFAOYSA-N,False,False,0.47540983606557374
Mol1522,JPLYHOXHAZSHCY-UHFFFAOYSA-N,False,False,0.3880597014925373
Mol1527,PRYCOBBCQWYIPX-UHFFFAOYSA-N,False,False,0.41935483870967744
Mol1531,CGMNMAPKJLXTNQ-UHFFFAOYSA-N,False,False,0.41818181818181815
Mol1532,ZFTAOVXWJPSTAF-PZJWPPBQSA-N,False,False,0.3670886075949367
Mol1536,ZNOJWQVYQVPIMB-UHFFFAOYSA-N,False,False,0.35714285714285715
Mol1539,LETDDDLJJYQLQG-UHFFFAOYSA-N,False,False,0.43137254901960786
Mol1543,ZNRPZVJXUQIMRX-UHFFFAOYSA-N,False,False,0.4444444444444444
Mol1546,NUDBCPIKWACEHL-UHFFFAOYSA-N,False,False,0.42857142857142855
Mol1547,ZAGHAYXNSSUWJU-UHFFFAOYSA-N,False,False,0.4696969696969697
Mol1552,UFQGPINGGMRJAW-UHFFFAOYSA-N,False,False,0.4492753623188406
Mol1553,FIIRARSGPAOFNF-UHFFFAOYSA-N,False,False,0.4142857142857143
Mol1555,PSKKWQUCBNHSQY-UHFFFAOYSA-N,False,False,0.4107142857142857
Mol1557,YDDXRABTBGCAGI-UHFFFAOYSA-N,False,False,0.3698630136986301
Mol1562,UFNZGLAMHQMRFZ-UHFFFAOYSA-N,False,False,0.45
Mol1575,KNZKBMFYZAQUFO-UHFFFAOYSA-N,False,False,0.4925373134328358
Mol1578,QFQUECQTRCPQRM-UHFFFAOYSA-N,False,False,0.4375
Mol1591,RSBLJGWVAQYZTQ-UHFFFAOYSA-N,False,False,0.38961038961038963
Mol1596,HJIZXPYIVLHBLT-UHFFFAOYSA-N,False,False,0.46
Mol1602,FCGXCXCALMXTBU-UHFFFAOYSA-N,False,False,0.417910447761194
Mol1605,PJHKDVXQSMZJFM-UHFFFAOYSA-N,False,False,0.4426229508196721
Mol1608,OIQPRZFTRJIPPP-UHFFFAOYSA-N,False,False,0.36764705882352944
Mol1609,GZKHWROXZPJADR-UHFFFAOYSA-N,False,False,0.4032258064516129
Mol1612,MIQMWLGMZCCHTG-UHFFFAOYSA-N,False,False,0.4576271186440678
Mol1616,XNHGHUKLZXMAKZ-UHFFFAOYSA-N,False,False,0.43137254901960786
Mol1617,GEXLITNAZRMLHQ-UHFFFAOYSA-N,False,False,0.375
Mol1618,KOGFQIYWLRGOOL-UHFFFAOYSA-N,False,False,0.4166666666666667
Mol1627,GGLHWMZKTXXAPA-UHFFFAOYSA-N,False,False,0.4461538461538462
Mol1628,FYQXZZXVHZLCKV-UHFFFAOYSA-N,False,False,0.46551724137931033
Mol1631,SRTYKNAMRKULIZ-UHFFFAOYSA-N,False,False,0.36231884057971014
Mol1633,ZCMFEWUYBFMLIN-UHFFFAOYSA-N,False,False,0.7105263157894737
Mol1640,OTXLBTXVVUYRHI-UHFFFAOYSA-N,False,False,0.4897959183673469
Mol1645,SSLBZBZNDRXZMW-UHFFFAOYSA-N,False,False,0.48717948717948717
Mol1647,PFCOUNVGHGOKQM-UHFFFAOYSA-N,False,False,0.48
Mol1648,SJDHKWMWRRTVQK-UHFFFAOYSA-N,False,False,0.4117647058823529
Mol1649,UBEZQWFVZLMOKL-UHFFFAOYSA-N,False,False,0.48333333333333334
Mol1656,YZJFNJNUXVIWBF-UHFFFAOYSA-N,False,False,0.49056603773584906
Mol1660,VUCLHYLCXRBXIA-UHFFFAOYSA-N,False,False,0.42857142857142855
Mol1665,OJEYDUFEJWBQBG-UHFFFAOYSA-N,False,False,0.4426229508196721
Mol1669,YJJPNSUHIKBOHH-CYBMUJFWSA-N,False,False,0.40298507462686567
Mol1670,QWRZSWOXHDDSNG-UHFFFAOYSA-N,False,False,0.39759036144578314
Mol1678,DYNHJHQFHQTFTP-UHFFFAOYSA-N,False,False,0.36585365853658536
Mol1681,MUSBNIVMDVBSIS-UHFFFAOYSA-N,False,False,0.44285714285714284
Mol1682,PKERLZOSYGXDLO-UHFFFAOYSA-N,False,False,0.38333333333333336
Mol1684,FDHRRUQIMHDYAQ-UHFFFAOYSA-N,False,False,0.45901639344262296
Mol1687,ASLPIYRKCQRJSK-UHFFFAOYSA-N,False,False,0.45098039215686275
Mol1688,LSTAITSUYGQGGW-UHFFFAOYSA-N,False,False,0.4716981132075472
Mol1691,GGHKFVNCVUIGRP-UHFFFAOYSA-N,False,False,0.4722222222222222
Mol1692,LNFHBROIGHMRFW-UHFFFAOYSA-N,False,False,0.379746835443038
Mol1693,ZFEDBLFXERJVPX-UHFFFAOYSA-N,False,False,0.4126984126984127
Mol1698,KHPPSUJXZQEZQW-JTQLQIEISA-N,False,False,0.4666666666666667
Mol1712,GRNOFVOEZBWMHR-UHFFFAOYSA-N,False,False,0.45901639344262296
Mol1713,OXNHQXBWGGSDPM-UHFFFAOYSA-N,False,False,0.49056603773584906
Mol1717,HESLKTSGTIBHJU-UHFFFAOYSA-N,False,False,0.4823529411764706
Mol1720,MFFKTSRAWDGVTQ-UHFFFAOYSA-N,False,False,0.375
Mol1722,RNAMYOYQYRYFQY-UHFFFAOYSA-N,False,False,0.4943820224719101
Mol1723,NLGZRXBJGVRFHD-UHFFFAOYSA-N,False,False,0.31666666666666665
Mol1725,SQHCJZLNXSRTPE-UHFFFAOYSA-N,False,False,0.4067796610169492
Mol1729,APXFLSPSQMHERW-UHFFFAOYSA-N,False,False,0.38028169014084506
Mol1743,RFKXAYJUFUZBMA-INIZCTEOSA-N,False,False,0.49333333333333335
Mol1747,IWTHXUBYIOPNIC-UHFFFAOYSA-N,False,False,0.36065573770491804
Mol1750,UPFYGCWWVXXUFI-UHFFFAOYSA-N,False,False,0.4782608695652174
Mol1754,MZDKLVOWGIOKTN-UHFFFAOYSA-N,False,False,0.5121951219512195
Mol1759,UYDRRQPGDSIMNU-UHFFFAOYSA-N,False,False,0.4852941176470588
Mol1762,ITMLWGWTDWJSRZ-PXLXIMEGSA-N,False,False,0.47540983606557374
Mol1764,OFWBDVDPOSQYNF-UHFFFAOYSA-N,False,False,0.45161290322580644
Mol1766,PDUYGZRQLUOFAU-UHFFFAOYSA-N,False,False,0.4714285714285714
Mol1767,AJXPVNYGVQOWGE-UHFFFAOYSA-N,False,False,0.41333333333333333
Mol1776,WZKBPTIRLCFSPF-UHFFFAOYSA-N,False,False,0.4888888888888889
Mol1777,XUPXJNQWWUIRON-UHFFFAOYSA-N,False,False,0.38333333333333336
Mol1779,UVKJHYZDFYJLCH-UHFFFAOYSA-N,False,False,0.47368421052631576
Mol1782,NWQMFQARNXQXGV-UHFFFAOYSA-N,False,False,0.4666666666666667
Mol1789,CLJUADZCBATKQI-UHFFFAOYSA-N,False,False,0.49056603773584906
Mol1795,DHMNJGCTXQPTDS-UHFFFAOYSA-N,False,False,0.33663366336633666
Mol1796,CUYLRIJVNYSSHN-GZTJUZNOSA-N,False,False,0.4838709677419355
Mol1797,NHUYUZODTMKRQU-UHFFFAOYSA-N,False,False,0.3698630136986301
Mol1799,QLXANWNGEUYJKD-UHFFFAOYSA-N,False,False,0.47058823529411764
Mol1801,VXGXWPZMXHBLIE-UHFFFAOYSA-N,False,False,0.4383561643835616
Mol1804,LMVBVODEIXGKGS-UHFFFAOYSA-N,False,False,0.42045454545454547
Mol1805,FWLMVFUGMHIOAA-UHFFFAOYSA-N,False,False,0.4166666666666667
Mol1807,VQPFBVPDJPHSCU-UHFFFAOYSA-N,False,False,0.373134328358209
Mol1808,YOVNXLRPVINCRO-UHFFFAOYSA-N,False,False,0.43478260869565216
Mol1812,OTTJIRVZJJGFTK-SFHVURJKSA-N,False,False,0.4891304347826087
Mol1813,GFCFKGIOKCSUMA-UHFFFAOYSA-N,False,False,0.3287671232876712
Mol1815,TXCIUJGPBBLMIT-UHFFFAOYSA-N,False,False,0.41304347826086957
Mol1820,VCGNYBDKFCKCLU-UHFFFAOYSA-N,False,False,0.46296296296296297
Mol1824,JMSUDQYHPSNBSN-UHFFFAOYSA-N,False,False,0.49333333333333335
Mol1825,VOJDNRIJBVGIEK-UHFFFAOYSA-N,False,False,0.3673469387755102
Mol1826,BYEOHFUSTGPSEA-UHFFFAOYSA-N,False,False,0.39344262295081966
Mol1827,WRADPCFZZWXOTI-BMRADRMJSA-N,False,False,0.4576271186440678
Mol1829,BFJCGYZVCUZYPL-UHFFFAOYSA-N,False,False,0.4727272727272727
Mol1831,SMZVFSXGDCQZLT-CYBMUJFWSA-N,False,False,0.43859649122807015
Mol1835,CPXNTZPBKITPOO-UHFFFAOYSA-N,False,False,0.43283582089552236
Mol1838,HEQDZPHDVAOBLN-UHFFFAOYSA-N,False,False,0.4915254237288136
Mol1852,FJUKDAZEABGEIH-UHFFFAOYSA-N,False,False,0.4788732394366197
Mol1853,JHJCTVJYVILRHH-UHFFFAOYSA-N,False,False,0.4339622641509434
Mol1854,VYTYXHRCFKSGIT-UHFFFAOYSA-N,False,False,0.5238095238095238
Mol1857,CNTLOEJFQKYKKU-UHFFFAOYSA-N,False,False,0.4909090909090909
Mol1863,CLFPJFDGZSBMDQ-UHFFFAOYSA-N,False,False,0.4142857142857143
Mol1868,PEACIOGDEQRHFA-KIYKJNLWSA-N,False,False,0.36
Mol1869,VSFMYGPGXVTXDS-UHFFFAOYSA-N,False,False,0.42857142857142855
Mol1870,KFGZVQJELATTCQ-VIFPVBQESA-N,False,False,0.4782608695652174
Mol1885,VUSOWNHHKLLQJP-UHFFFAOYSA-N,False,False,0.42857142857142855
Mol1894,PVKHVPQESLXAED-GDBMZVCRSA-N,False,False,0.37681159420289856
Mol1896,QTQWRJIXDMIEMQ-UHFFFAOYSA-N,False,False,0.32
Mol1898,JQRNPTRUEQNBRL-UHFFFAOYSA-N,False,False,0.4225352112676056
Mol1899,IDNBAOHPUNAWRL-UHFFFAOYSA-N,False,False,0.3469387755102041
Mol1905,OWSVYPZGKUFLBF-UHFFFAOYSA-N,False,False,0.36585365853658536
Mol1907,FMHOBOWZESJITE-UHFFFAOYSA-N,False,False,0.39344262295081966
Mol1909,KNKYQXQCYJUNHT-UHFFFAOYSA-N,False,False,0.48148148148148145
Mol1911,OLAHOMJCDNXHFI-UHFFFAOYSA-N,False,False,0.4943820224719101
Mol1917,XMNXFCLXXXYHDG-UHFFFAOYSA-N,False,False,0.390625
Mol1923,UDVKXDBGHCJGJB-UHFFFAOYSA-N,False,False,0.4810126582278481
Mol1929,ARGXQOYXDFQBQF-UHFFFAOYSA-N,False,False,0.35714285714285715
Mol1937,IQUCFJKSCOVCCT-UHFFFAOYSA-N,False,False,0.4025974025974026
Mol1943,NQOQMUAFCXDQPW-UHFFFAOYSA-N,False,False,0.38235294117647056
Mol1945,UTLOHPNUISLAGV-ONNFQVAWSA-N,False,False,0.3561643835616438
Mol1947,KEJICVHYASTLMC-UHFFFAOYSA-N,False,False,0.49056603773584906
Mol1948,JOKGKZUJVCHUQZ-ROUUACIJSA-N,False,False,0.45454545454545453
Mol1949,UVSPYXRZZWQNAS-UHFFFAOYSA-N,False,False,0.43636363636363634
Mol1950,GMWFSZXJTNWHPR-UHFFFAOYSA-N,False,False,0.3424657534246575
Mol1952,TXTAERIRJDIFFQ-UHFFFAOYSA-N,False,False,0.4069767441860465
Mol1958,KEKPXLLULBNZMN-UHFFFAOYSA-N,False,False,0.3770491803278688
Mol1960,WZAHSZSVCJAWLN-UHFFFAOYSA-N,False,False,0.27419354838709675
Mol1961,KKQJUTLJORLVKJ-UHFFFAOYSA-N,False,False,0.48936170212765956
Mol1962,OFSKXPBMKXNSPA-UHFFFAOYSA-N,False,False,0.4716981132075472
Mol1965,IPGHINUNMDYALP-UHFFFAOYSA-N,False,False,0.35135135135135137
Mol1966,FHLYQRVTUCTJEM-UHFFFAOYSA-N,False,False,0.4915254237288136
Mol1968,RSEHOCOTEWPOET-UHFFFAOYSA-N,False,False,0.44
Mol1970,UZDRTCWACAPDLS-UHFFFAOYSA-N,False,False,0.3787878787878788
Mol1971,OKJHFELRKNNCFB-UHFFFAOYSA-N,False,False,0.38333333333333336
Mol1972,RNXZVQFATHCGQC-UHFFFAOYSA-N,False,False,0.46551724137931033
Mol1975,NVECHTZRNSJNQA-UHFFFAOYSA-N,False,False,0.4
Mol1982,NEFFVBKWRKJFLA-UHFFFAOYSA-N,False,False,0.4576271186440678
Mol1987,IDYVALVNJCSEDX-UHFFFAOYSA-N,False,False,0.42857142857142855
Mol1990,PQISTQOFUSQLAS-UHFFFAOYSA-N,False,False,0.34545454545454546
Mol1992,CTCLXRKZCVLDFR-UHFFFAOYSA-N,False,False,0.3968253968253968
Mol1993,INMNJIWPVSLLLP-UHFFFAOYSA-N,False,False,0.4603174603174603
Mol1997,YNYUEERUXCDEJB-UHFFFAOYSA-N,False,False,0.4262295081967213
Mol2001,ICEHAUGQKSAEMQ-UHFFFAOYSA-N,False,False,0.3698630136986301
Mol2005,GZBQTUGKGODOBH-UHFFFAOYSA-N,False,False,0.49206349206349204
Mol2006,KMNOMYLRUPNFPM-UHFFFAOYSA-N,False,False,0.37735849056603776
Mol2008,JDZVNQJLVPDWER-UHFFFAOYSA-N,False,False,0.31645569620253167
Mol2009,WHCRUGQJSMEJFS-UHFFFAOYSA-N,False,False,0.36507936507936506
Mol2013,HKTBYUWLRDZAJK-UHFFFAOYSA-N,False,False,0.3880597014925373
Mol2021,JMJATVLIHWSRRQ-UHFFFAOYSA-N,False,False,0.4153846153846154
Mol2026,BYZDCCFVDYSRGK-UHFFFAOYSA-N,False,False,0.33962264150943394
Mol2030,JLSUOJPPLAUWGA-UHFFFAOYSA-N,False,False,0.39344262295081966
Mol2034,LMBBBDQNENHFRP-UHFFFAOYSA-N,False,False,0.3484848484848485
Mol2036,BOKRHEAPPQCNSQ-UHFFFAOYSA-N,False,False,0.4909090909090909
Mol2039,VDUTUMLGRNPHGH-UHFFFAOYSA-N,False,False,0.35294117647058826
Mol2044,MWZWJRYMXCZCGB-UHFFFAOYSA-N,False,False,0.49019607843137253
Mol2046,UWEXZHZQWYHAKK-UHFFFAOYSA-N,False,False,0.45588235294117646
Mol2047,OMYZVHMCOYQOEQ-UHFFFAOYSA-N,False,False,0.4107142857142857
Mol2050,VVYKZULSHPEASC-UHFFFAOYSA-N,False,False,0.36764705882352944
Mol2054,AJKFKUOGKBPZJM-HNNXBMFYSA-N,False,False,0.48484848484848486
Mol2059,UQYNFOMOUNRCOV-UHFFFAOYSA-N,False,False,0.43548387096774194
Mol2064,VKBQCFRVVYWDRY-UHFFFAOYSA-N,False,False,0.4533333333333333
Mol2067,AHFZDNYNXFMRFQ-UHFFFAOYSA-N,False,False,0.49295774647887325
Mol2068,ZFVRYNYOPQZKDG-XBXGTLAGSA-N,False,False,0.4939759036144578
Mol2074,XAVKVBZLOMXGQH-OALUTQOASA-N,False,False,0.4153846153846154
Mol2076,AGZNUZREHYZNDA-UHFFFAOYSA-N,False,False,0.3372093023255814
Mol2083,XOWXXJGSABWMIK-UHFFFAOYSA-N,False,False,0.47761194029850745
Mol2084,AVUGRJDCFVGYDX-UHFFFAOYSA-N,False,False,0.3829787234042553
Mol2092,ZQJHIKSDYPSSAH-UHFFFAOYSA-N,False,False,0.4339622641509434
Mol2098,HFQPVFPZPBXCIZ-OWOJBTEDSA-N,False,False,0.35185185185185186
Mol2100,VDAVMXLEMHVXOG-UHFFFAOYSA-N,False,False,0.48936170212765956
Mol2109,XAYSLYSSGNXHCV-UHFFFAOYSA-N,False,False,0.38095238095238093
Mol2110,XCDJSCXQFMJECF-UHFFFAOYSA-N,False,False,0.421875
Mol2114,MGJWDUSVNRSNOO-UHFFFAOYSA-N,False,False,0.3508771929824561
Mol2115,XESWGKHJNYJWFV-UHFFFAOYSA-N,False,False,0.32894736842105265
Mol2116,SDGJBAUIGHSMRI-UHFFFAOYSA-N,False,False,0.49514563106796117
Mol2117,YZUHVRXESYGNQC-UHFFFAOYSA-N,False,False,0.49230769230769234
Mol2119,YBTUUYAUCXGSKI-UHFFFAOYSA-N,False,False,0.359375
Mol2120,KHWCPNJRJCNVRI-UHFFFAOYSA-N,False,False,0.4406779661016949
Mol2123,KHXNLSXYMYLEKW-UHFFFAOYSA-N,False,False,0.4117647058823529
Mol2124,VYCQDBAWGOKVAM-UHFFFAOYSA-N,False,False,0.417910447761194
Mol2125,NAZHXFAHTVCDQC-UHFFFAOYSA-N,False,False,0.36507936507936506
Mol2128,ZLMBXXGKVKYOSJ-UHFFFAOYSA-N,False,False,0.3333333333333333
Mol2134,LZYORJLVUNKLNK-UHFFFAOYSA-N,False,False,0.375
Mol2135,PGOPZEZQDUCQNZ-UHFFFAOYSA-N,False,False,0.4264705882352941
Mol2140,QGWNHEVSQBMBPU-UHFFFAOYSA-N,False,False,0.38333333333333336
Mol2143,YJGVMLPVUAXIQN-HAEOHBJNSA-N,False,False,0.45977011494252873
Mol2144,CLODUYRNZMIONW-UHFFFAOYSA-N,False,False,0.4166666666666667
Mol2157,SBPKCZRKCCNJND-UHFFFAOYSA-N,False,False,0.48214285714285715
Mol2158,UDSUKOSNJDBQKI-UHFFFAOYSA-N,False,False,0.3283582089552239
Mol2162,JLGXXFBERWDYJM-UHFFFAOYSA-N,False,False,0.36923076923076925
Mol2164,IBGLGMOPHJQDJB-IHRRRGAJSA-N,False,False,0.49333333333333335
Mol2168,IMLPUGPNFHYSON-UHFFFAOYSA-N,False,False,0.38095238095238093
Mol2170,XMXPWXAZIOCBNT-UHFFFAOYSA-N,False,False,0.44776119402985076
Mol2172,JFHROPTYMMSOLG-UHFFFAOYSA-N,False,False,0.46987951807228917
Mol2173,BAAZVUFLDSRNDT-UHFFFAOYSA-N,False,False,0.4383561643835616
Mol2175,AWPIDLWLPMRDTP-UHFFFAOYSA-N,False,False,0.43636363636363634
Mol2178,JZKBFYMLSCHWIN-UHFFFAOYSA-N,False,False,0.525
Mol2181,OIGNJSKKLXVSLS-VWUMJDOOSA-N,False,False,0.47191011235955055
Mol2182,XDKDXODYGFWSIO-UHFFFAOYSA-N,False,False,0.43137254901960786
Mol2183,ZDWZNJACSBWEAU-UHFFFAOYSA-N,False,False,0.4142857142857143
Mol2186,DOOBGHVUFGMYKW-UHFFFAOYSA-N,False,False,0.4642857142857143
Mol2192,AFTCXOMTSBYVHB-UHFFFAOYSA-N,False,False,0.4
Mol2196,WINVMIGYTCPEJY-UHFFFAOYSA-N,False,False,0.4
Mol2197,QYLHTKYUVOHSKP-UHFFFAOYSA-N,False,False,0.47540983606557374
Mol2199,KPSSYRFNDYZWNM-UHFFFAOYSA-N,False,False,0.3442622950819672
Mol2204,JATJZZFTSXWNNE-UHFFFAOYSA-N,False,False,0.4696969696969697
Mol2205,UHLQZKDBNDUIJG-UHFFFAOYSA-N,False,False,0.37333333333333335
Mol2206,MKPXSMGQGIQEJP-UHFFFAOYSA-N,False,False,0.4158415841584158
Mol2213,BZCALJIHZVNMGJ-QHCPKHFHSA-N,False,False,0.49382716049382713
Mol2216,RVGBOJHKCHSMHQ-UHFFFAOYSA-N,False,False,0.42857142857142855
Mol2223,KEADNMATDPXPKZ-UHFFFAOYSA-N,False,False,0.379746835443038
Mol2225,HGHAPWCEYGLSKE-UHFFFAOYSA-N,False,False,0.3466666666666667
Mol2226,CMBQHYPKNXJEFM-UHFFFAOYSA-N,False,False,0.4883720930232558
Mol2230,ZHLJUKYABUCSCJ-UHFFFAOYSA-N,False,False,0.42028985507246375
Mol2238,CMQDKZPKRYWXDD-UHFFFAOYSA-N,False,False,0.36585365853658536
Mol2245,MUOIOKHIUXXPRA-UHFFFAOYSA-N,False,False,0.36363636363636365
Mol2252,RCWMQUUJRZZKMR-UHFFFAOYSA-N,False,False,0.4634146341463415
Mol2257,AYFXSYIAIRJWSY-HNNXBMFYSA-N,False,False,0.45901639344262296
Mol2259,ARTUGTGMMMXTRN-UHFFFAOYSA-N,False,False,0.4838709677419355
Mol2260,RDWAZSKNPSLXJY-UHFFFAOYSA-N,False,False,0.4482758620689655
Mol2270,SGPDBTDFKXROAN-UHFFFAOYSA-N,False,False,0.375
Mol2276,HUWDMGBCUYABRN-UHFFFAOYSA-N,False,False,0.390625
Mol2283,SODROPXDDXGRNB-UHFFFAOYSA-N,False,False,0.45652173913043476
Mol2284,ANSZQRHZRZQYNT-UHFFFAOYSA-N,False,False,0.4
Mol2287,BTGZOBUKQFDKIS-UHFFFAOYSA-N,False,False,0.4507042253521127
Mol2288,DIMJCKFMWXAUOV-UHFFFAOYSA-N,False,False,0.43283582089552236
Mol2290,YLXDSYKOBKBWJQ-LBPRGKRZSA-N,False,False,0.46774193548387094
Mol2295,LCSJBWYUSSBJGF-UHFFFAOYSA-N,False,False,0.4
Mol2298,FAPBRHCGIRQRLB-UHFFFAOYSA-N,False,False,0.3829787234042553
Mol2300,BKWJAKQVGHWELA-UHFFFAOYSA-N,False,False,0.49411764705882355
Mol2303,QRTVISCIGSUGML-UHFFFAOYSA-N,False,False,0.3968253968253968
Mol2305,JAUOIFJMECXRGI-UHFFFAOYSA-N,False,False,0.45901639344262296
Mol2311,FNARJLWRAXEBNK-UHFFFAOYSA-N,False,False,0.3870967741935484
Mol2314,LOQZULFUSSFOAG-UHFFFAOYSA-N,False,False,0.44680851063829785
Mol2320,JMVCDNFYMJCUDW-MRXNPFEDSA-N,False,False,0.47560975609756095
Mol2331,UWKQSNNFCGGAFS-XIFFEERXSA-N,False,False,0.4188034188034188
Mol2332,JUKJRZRVZLJHDU-UHFFFAOYSA-N,False,False,0.36363636363636365
Mol2336,DUVZREAYHQCGEJ-UHFFFAOYSA-N,False,False,0.36619718309859156
Mol2341,FPXDABSFPYRDAI-UHFFFAOYSA-N,False,False,0.35384615384615387
Mol2342,YENKGFRTFIFLCZ-UHFFFAOYSA-N,False,False,0.26785714285714285
Mol2346,JJSMYBBDSKQQAW-UHFFFAOYSA-N,False,False,0.4375
Mol2351,UNCZRBFKSLMYGV-UHFFFAOYSA-N,False,False,0.4626865671641791
Mol2353,QTDATUULMOYFCH-UHFFFAOYSA-N,False,False,0.4107142857142857
Mol2355,KCQRRFULLIIHTM-UHFFFAOYSA-N,False,False,0.4576271186440678
Mol2356,RDEDRUILRFOLRV-UHFFFAOYSA-N,False,False,0.46153846153846156
Mol2358,CKMZSSLHJMJSME-UHFFFAOYSA-N,False,False,0.38333333333333336
Mol2359,YDWJPXYMDPYGSE-UHFFFAOYSA-N,False,False,0.4166666666666667
Mol2362,IEIZUFQRMBPARH-UHFFFAOYSA-N,False,False,0.3898305084745763
Mol2363,SFWYQSIQEUEBMU-UHFFFAOYSA-N,False,False,0.3048780487804878
Mol2365,BBUVDDPUURMFOX-SAABIXHNSA-N,False,False,0.4943820224719101
Mol2369,HYFVMEZBSSGHFH-UHFFFAOYSA-N,False,False,0.3620689655172414
Mol2370,XCSCJVFFUYCKKZ-UHFFFAOYSA-N,False,False,0.3684210526315789
Mol2380,KQLYMLJUCKUSNW-UHFFFAOYSA-N,False,False,0.46938775510204084
Mol2383,PQKBFYQWIPIRGX-UHFFFAOYSA-N,False,False,0.40384615384615385
Mol2386,WQFZBENPFGTINF-UHFFFAOYSA-N,False,False,0.4084507042253521
Mol2388,NRSIMTITZCXRLO-UHFFFAOYSA-N,False,False,0.47058823529411764
Mol2389,GSZUTQQJPXSUMK-UHFFFAOYSA-N,False,False,0.3382352941176471
Mol2390,BFYIZQONLCFLEV-DAELLWKTSA-N,False,False,0.5961538461538461
Mol2392,COGLRPVCWFCLLB-UHFFFAOYSA-N,False,False,0.45098039215686275
Mol2396,BYUCGKZFNMJCFR-UHFFFAOYSA-N,False,False,0.38095238095238093
Mol2397,KOIGLTIAIWJHPW-UHFFFAOYSA-N,False,False,0.41818181818181815
Mol2400,ZBPFEOACLMJZBP-UHFFFAOYSA-N,False,False,0.42857142857142855
Mol2402,ZMOKDJBUJMOHIG-UHFFFAOYSA-N,False,False,0.4057971014492754
Mol2407,UYRSFYYKHGPXAW-UHFFFAOYSA-N,False,False,0.3617021276595745
Mol2408,ZUMBJYXLFLJLPS-UHFFFAOYSA-N,False,False,0.4931506849315068
Mol2419,LSENUPHMOUEZHG-UHFFFAOYSA-N,False,False,0.48484848484848486
Mol2422,UIQHYJCLTNXRGP-UHFFFAOYSA-N,False,False,0.42857142857142855
Mol2423,DTTOQQHSUSHLCF-UHFFFAOYSA-N,False,False,0.4642857142857143
Mol2428,JEXACLGXUUYXDX-UHFFFAOYSA-N,False,False,0.4492753623188406
Mol2429,NIMVGYMWMXWFJY-UHFFFAOYSA-N,False,False,0.4666666666666667
Mol2433,QQRGSFYTPBYCFD-UHFFFAOYSA-N,False,False,0.484375
Mol2434,KLSIOKNVMNNVHL-UHFFFAOYSA-N,False,False,0.3620689655172414
Mol2441,KYDXJPGBQBTXIC-UHFFFAOYSA-N,False,False,0.32142857142857145
Mol2443,CZSZSVHZGXEYKV-UHFFFAOYSA-N,False,False,0.32857142857142857
Mol2449,RQLNGFJNDOYANP-UHFFFAOYSA-N,False,False,0.45161290322580644
Mol2457,HGCFTQLZXGSCPN-UHFFFAOYSA-N,False,False,0.48
Mol2458,LSAUOIOHKYHAPD-UHFFFAOYSA-N,False,False,0.26666666666666666
Mol2459,WJNBSTLIALIIEW-UHFFFAOYSA-N,False,False,0.5147058823529411
Mol2462,DQWOVSMSQPZEER-UHFFFAOYSA-N,False,False,0.38666666666666666
Mol2467,CTFKKFSJZFBHQJ-UHFFFAOYSA-N,False,False,0.4
Mol2468,ODHMOQGORUVSSD-UHFFFAOYSA-N,False,False,0.4098360655737705
Mol2475,YOBDPJRFMHTHRU-UHFFFAOYSA-N,False,False,0.47619047619047616
Mol2488,NSZKSEMMRCZZSB-UHFFFAOYSA-N,False,False,0.4090909090909091
Mol2492,TVNSCKMVODVWRS-UHFFFAOYSA-N,False,False,0.33962264150943394
Mol2502,GRRUUAXFNIYAIV-UHFFFAOYSA-N,False,False,0.3953488372093023
Mol2505,QJHBJYSPNWVUKE-UHFFFAOYSA-N,False,False,0.4444444444444444
Mol2506,HVQXFGHHSFTACS-WKILWMFISA-N,False,False,0.484375
Mol2518,SPUFPDZYGIPINU-UHFFFAOYSA-N,False,False,0.37681159420289856
Mol2519,OQAIUVAXIIUXBX-UHFFFAOYSA-N,False,False,0.3728813559322034
Mol2520,UXQGJMJUTRDPQO-UHFFFAOYSA-N,False,False,0.2777777777777778
Mol2523,SPTDKIFVZFILIE-UHFFFAOYSA-N,False,False,0.3888888888888889
Mol2525,XFZBEEZEOBNWMA-UHFFFAOYSA-N,False,False,0.37681159420289856
Mol2527,VUFMNIAPVZDOEF-DOTOQJQBSA-N,False,False,0.39436619718309857
Mol2529,NYEMCCQAIAWMTQ-UHFFFAOYSA-N,False,False,0.42857142857142855
Mol2531,OTQAPCIUXYIPGU-HNNXBMFYSA-N,False,False,0.3898305084745763
Mol2539,PTPNCCWOTBBVJR-UHFFFAOYSA-N,False,False,0.4942528735632184
Mol2543,XIUJODANNKKFOK-UHFFFAOYSA-N,False,False,0.4782608695652174
Mol2545,WVLMCNPLQWMDDA-UHFFFAOYSA-N,False,False,0.3492063492063492
Mol2551,ZATSFUMMDPKMQR-UHFFFAOYSA-N,False,False,0.48
Mol2552,SKUWXYRCICEMRF-UHFFFAOYSA-N,False,False,0.4594594594594595
Mol2559,VBUWRGOMGBVPEF-UHFFFAOYSA-N,False,False,0.40350877192982454
Mol2562,OJAZIPRAAWOLTN-UHFFFAOYSA-N,False,False,0.3770491803278688
Mol2568,XBYZPGOSVASXMJ-UHFFFAOYSA-N,False,False,0.4716981132075472
Mol2569,JDDPFLARTAAPTA-UHFFFAOYSA-N,False,False,0.36
Mol2570,XUMZBOQAKUKQEE-UHFFFAOYSA-N,False,False,0.47619047619047616
Mol2571,JBFULNOXIPQDFU-UHFFFAOYSA-N,False,False,0.4117647058823529
Mol2575,HJLDPKOUPWDERW-UHFFFAOYSA-N,False,False,0.40476190476190477
Mol2576,UJOCLVLROQMPQO-UHFFFAOYSA-N,False,False,0.4406779661016949
Mol2586,CQVIUJHKZQPJQT-UHFFFAOYSA-N,False,False,0.3620689655172414
Mol2596,DQGQFEBUMSVGGQ-UHFFFAOYSA-N,False,False,0.391304347826087
Mol2606,MCGIKJPXIXVBQO-IRXDYDNUSA-N,False,False,0.4
Mol2607,KBXJFTNDYBTOAQ-UHFFFAOYSA-N,False,False,0.4358974358974359
Mol2609,XTPNJUUEJGWTCA-FUHWJXTLSA-N,False,False,0.3548387096774194
Mol2611,WHTRMVIJZOZRSP-UHFFFAOYSA-N,False,False,0.36507936507936506
Mol2615,KBECAUXOCWDOKV-UHFFFAOYSA-N,False,False,0.4230769230769231
Mol2619,JCINBYQJBYJGDM-UHFFFAOYSA-N,False,False,0.45
Mol2622,RKBOOQATFJLJGS-UHFFFAOYSA-N,False,False,0.36507936507936506
Mol2623,VPHYZTMHHILHIX-UHFFFAOYSA-N,False,False,0.3333333333333333
Mol2624,FUBIYHHIXAOQPJ-UHFFFAOYSA-N,False,False,0.4782608695652174
Mol2626,FSLBGCZJCASKES-UHFFFAOYSA-N,False,False,0.4057971014492754
Mol2631,QHRCVGXBBIRPTE-UHFFFAOYSA-N,False,False,0.4074074074074074
Mol2632,PIADEMGWYIDPBW-UHFFFAOYSA-N,False,False,0.3684210526315789
Mol2636,CFYDXUOCVTUVOO-UHFFFAOYSA-N,False,False,0.35064935064935066
Mol2640,GGWSRJKWVGDFKV-UHFFFAOYSA-N,False,False,0.4805194805194805
Mol2642,PUXPEQJKNAWNQA-AAEUAGOBSA-N,False,False,0.4931506849315068
Mol2651,JGANKUFNQAOZNX-UHFFFAOYSA-N,False,False,0.4461538461538462
Mol2652,LWOZFJCKXZHDPR-UHFFFAOYSA-N,False,False,0.45901639344262296
Mol2655,KEMNTCFWPHWPEB-UHFFFAOYSA-N,False,False,0.3968253968253968
Mol2656,KYEFYNYMCVLEFK-UHFFFAOYSA-N,False,False,0.4027777777777778
Mol2658,UBCFODVBSPDNMG-UZLBHIALSA-N,False,False,0.42857142857142855
Mol2659,LLHLLHXDTOHTHH-UHFFFAOYSA-N,False,False,0.3939393939393939
Mol2663,QVHWFESVVHWHEK-UHFFFAOYSA-N,False,False,0.43859649122807015
Mol2664,YEEJYFKEJJOBCV-UHFFFAOYSA-N,False,False,0.4
Mol2665,XGYMXIHPZOWKOF-UHFFFAOYSA-N,False,False,0.4827586206896552
Mol2666,OXCVGFIPDUCKIG-UHFFFAOYSA-N,False,False,0.38181818181818183
Mol2668,WUZYKBABMWJHDL-UHFFFAOYSA-N,False,False,0.4305555555555556
Mol2669,ZTNUSVXPKSQTIK-UHFFFAOYSA-N,False,False,0.3780487804878049
Mol2670,CJVVTODPMRJEIP-UHFFFAOYSA-N,False,False,0.41935483870967744
Mol2673,BWZNJVZTAWBIFG-UHFFFAOYSA-N,False,False,0.4065934065934066
Mol2677,KELIZGYFCUQMIH-UHFFFAOYSA-N,False,False,0.3620689655172414
Mol2678,MVMFVWUUEWYREP-UHFFFAOYSA-N,False,False,0.4166666666666667
Mol2681,ANUWYLYZXQAMLM-UHFFFAOYSA-N,False,False,0.36764705882352944
Mol2682,WUZYBXWZXBNJNZ-UHFFFAOYSA-N,False,False,0.3142857142857143
Mol2683,JLIKANPMXOCDAV-UHFFFAOYSA-N,False,False,0.45614035087719296
Mol2689,ZMQSLMZOWVGBSM-GXTWGEPZSA-N,False,False,0.3880597014925373
Mol2697,FLXJPRPDIJIOOE-UHFFFAOYSA-N,False,False,0.43636363636363634
Mol2703,AVDSOVJPJZVBTC-CTYIDZIISA-N,False,False,0.45054945054945056
Mol2705,SGIWFELWJPNFDH-UHFFFAOYSA-N,False,False,0.49122807017543857
Mol2710,VVLQBUYDZKNFQC-UHFFFAOYSA-N,False,False,0.5
Mol2714,KVHZAYHENXRTBX-UHFFFAOYSA-N,False,False,0.46875
Mol2718,LFOWYMPCDAYCDS-UHFFFAOYSA-N,False,False,0.4473684210526316
Mol2721,WQFOQBYCQYLMNU-UHFFFAOYSA-N,False,False,0.2909090909090909
Mol2729,KBAJUPRFFUAJQU-UHFFFAOYSA-N,False,False,0.45161290322580644
Mol2731,MXUZQZIUZIDLHL-UHFFFAOYSA-N,False,False,0.463768115942029
Mol2736,ACKBRPBRCYDYKI-HNNXBMFYSA-N,False,False,0.4675324675324675
Mol2744,AAHNBILIYONQLX-UHFFFAOYSA-N,False,False,0.4845360824742268
Mol2745,YHZRHPNQUFSEGP-UHFFFAOYSA-N,False,False,0.42592592592592593
Mol2748,HJKGHDFKGJTZMN-UHFFFAOYSA-N,False,False,0.3
Mol2750,OTMNASPQDWPTMB-UHFFFAOYSA-N,False,False,0.328125
Mol2751,FJLMOYNUOOMERY-UHFFFAOYSA-N,False,False,0.42424242424242425
Mol2756,JMSPCTGDYFVMJZ-UHFFFAOYSA-N,False,False,0.4927536231884058
Mol2763,JHCIEANHGKTYCR-UHFFFAOYSA-N,False,False,0.46774193548387094
Mol2764,SDRVQGODGHHBNP-UHFFFAOYSA-N,False,False,0.3611111111111111
Mol2766,LTSLPXJWIWXZCS-UHFFFAOYSA-N,False,False,0.40298507462686567
Mol2775,MXGCIWYIHUIHAA-UHFFFAOYSA-N,False,False,0.48333333333333334
Mol2776,ORBXRJACMWKJMO-UHFFFAOYSA-N,False,False,0.4745762711864407
Mol2780,VHOBEKQUWYNMLY-UHFFFAOYSA-N,False,False,0.48484848484848486
Mol2782,DCYOADKBABEMIQ-XJPJFEQISA-N,False,False,0.4794520547945205
Mol2786,QMTLSDPEXIFRRW-UHFFFAOYSA-N,False,False,0.38461538461538464
Mol2787,BASYUMIEGJMSHS-UHFFFAOYSA-N,False,False,0.4857142857142857
Mol2791,GOUSTJJHWQTFOM-UHFFFAOYSA-N,False,False,0.3880597014925373
Mol2794,OFUROMFFDPXUTN-UHFFFAOYSA-N,False,False,0.375
Mol2802,SGKXDPHQUIPKMJ-UHFFFAOYSA-N,False,False,0.45454545454545453
Mol2803,RZZZFZAPPODNLP-UHFFFAOYSA-N,False,False,0.48148148148148145
Mol2806,CFRMYDNDSNZXJV-UHFFFAOYSA-N,False,False,0.46511627906976744
Mol2807,DXYKHSFXMNQYKP-UHFFFAOYSA-N,False,False,0.44642857142857145
Mol2812,AEOXRXPNWFACGE-UHFFFAOYSA-N,False,False,0.42857142857142855
Mol2814,ZBTKDWLMJQCPIS-UHFFFAOYSA-N,False,False,0.46153846153846156
Mol2815,SAIPOSMOTFGKMF-UHFFFAOYSA-N,False,False,0.46808510638297873
Mol2824,CBBOTXFISBRHNB-UHFFFAOYSA-N,False,False,0.4520547945205479
Mol2825,AQMRLWQJQGHTIK-UHFFFAOYSA-N,False,False,0.4262295081967213
Mol2826,MMRAZBHGQZLYKV-UHFFFAOYSA-N,False,False,0.3188405797101449
Mol2829,DZVDOQBUGDTEKB-UHFFFAOYSA-N,False,False,0.4666666666666667
Mol2833,JOGKUKXHTYWRGZ-UHFFFAOYSA-N,False,False,0.4875
Mol2835,PPAIMZHKIXDJRN-BZCSJUTBSA-N,False,False,0.5510204081632653
Mol2836,XESKPFZPSOLASS-UHFFFAOYSA-N,False,False,0.3148148148148148
Mol2838,VNADJTWHOAMTLY-UHFFFAOYSA-N,False,False,0.42105263157894735
Mol2843,DJLXTVSGSQYTHJ-UHFFFAOYSA-N,False,False,0.45
Mol2846,HBLZFANAJAJVRQ-UHFFFAOYSA-N,False,False,0.47368421052631576
Mol2847,LPGBXHWIQNZEJB-UHFFFAOYSA-N,False,False,0.47619047619047616
Mol2854,IINKIYNKLDRKRK-UHFFFAOYSA-N,False,False,0.44680851063829785
Mol2856,YEXKFBSBNDNVEI-UHFFFAOYSA-N,False,False,0.41379310344827586
Mol2857,ILPQMLGSVMQSMI-UHFFFAOYSA-N,False,False,0.39655172413793105
Mol2861,MJOFXENDVKHPJX-UHFFFAOYSA-N,False,False,0.32
Mol2862,RUCYPGJTZPSUSL-UHFFFAOYSA-N,False,False,0.43636363636363634
Mol2864,AYFRNJQBFNVGSI-UHFFFAOYSA-N,False,False,0.41379310344827586
Mol2865,IDWNFBSYCWOGHJ-UHFFFAOYSA-N,False,False,0.4634146341463415
Mol2869,PMPNYTSNRRCRAM-UHFFFAOYSA-N,False,False,0.3877551020408163
Mol2880,ABGUOMZRBNKUQD-UHFFFAOYSA-N,False,False,0.4883720930232558
Mol2883,CUHFFSVADJYGSK-UHFFFAOYSA-N,False,False,0.45652173913043476
Mol2884,SQOGWLLYYCEMNN-UHFFFAOYSA-N,False,False,0.4423076923076923
Mol2886,ULDXWLCXEDXJGE-UHFFFAOYSA-N,False,False,0.4868421052631579
Mol2889,HTCRJPLMWKJJNZ-UHFFFAOYSA-N,False,False,0.4888888888888889
Mol2890,QPUXBKKCDLFGSF-UHFFFAOYSA-N,False,False,0.345679012345679
Mol2892,IXPROWGEHNVJOY-UHFFFAOYSA-N,False,False,0.49206349206349204
Mol2896,MGINJOPEZYGKMF-UHFFFAOYSA-N,False,False,0.4117647058823529
Mol2897,KXHIWKYURXLABK-UHFFFAOYSA-N,False,False,0.4915254237288136
Mol2904,YQFFSZZUIOXONH-UHFFFAOYSA-N,False,False,0.3617021276595745
Mol2907,CZZZMPMJCKKBIP-UHFFFAOYSA-N,False,False,0.3484848484848485
Mol2911,RCKPAQCEXNLWBJ-UHFFFAOYSA-N,False,False,0.40350877192982454
Mol2912,AJVAELMECDDPPL-UHFFFAOYSA-N,False,False,0.4262295081967213
Mol2918,CFQSXASUIQNGGH-UHFFFAOYSA-N,False,False,0.5
Mol2921,AAVWMASTNODXJW-UHFFFAOYSA-N,False,False,0.4166666666666667
Mol2922,WYEQJJLCNFOGEE-UHFFFAOYSA-N,False,False,0.4461538461538462
Mol2926,PJYVQPQHSFLFJE-UHFFFAOYSA-N,False,False,0.4716981132075472
Mol2930,KQQDAQQMYZMIMO-UHFFFAOYSA-N,False,False,0.3880597014925373
Mol2932,MMLPAQWDEWODPU-UHFFFAOYSA-N,False,False,0.46
Mol2934,MJRWKKWYGWFQPE-UHFFFAOYSA-N,False,False,0.3787878787878788
Mol2936,IMJKHYVLXDDVNG-UHFFFAOYSA-N,False,False,0.38596491228070173
Mol2938,HASHNSZYXKHZTO-UHFFFAOYSA-N,False,False,0.4430379746835443
Mol2940,QPIMCDFADQFRFF-UHFFFAOYSA-N,False,False,0.3409090909090909
Mol2946,MZBZKVGVMZPBPH-AQXPWDSUSA-N,False,False,0.427536231884058
Mol2947,ZHEXSLDOKUULHY-AWEZNQCLSA-N,False,False,0.41975308641975306
Mol2948,GRWVTFDFALKMFW-INIZCTEOSA-N,False,False,0.46835443037974683
Mol2956,HSMDELCZHQVNBL-UHFFFAOYSA-N,False,False,0.48717948717948717
Mol2957,WFSJJVRSVHNOOD-PKOBYXMFSA-N,False,False,0.3815789473684211
Mol2961,YSNBZCSAYULXQB-UHFFFAOYSA-N,False,False,0.4025974025974026
Mol2962,SPRVNQRDVGTGBZ-UHFFFAOYSA-N,False,False,0.423728813559322
Mol2977,GRUPOGQLHRTKCK-UHFFFAOYSA-N,False,False,0.44642857142857145
Mol2978,OYUGLXQMLSGKGU-SFHVURJKSA-N,False,False,0.48484848484848486
Mol2980,OMASLOLKHYPGLB-UHFFFAOYSA-N,False,False,0.3835616438356164
Mol2984,ARIRERZAGIDHFR-UHFFFAOYSA-N,False,False,0.4634146341463415
Mol2985,ZEIJJIOGPUNGMI-UHFFFAOYSA-N,False,False,0.3225806451612903
Mol2988,CAWOBNGZOZSNFV-UHFFFAOYSA-N,False,False,0.4507042253521127
Mol2995,NBHPRWLFLUBAIE-UHFFFAOYSA-N,False,False,0.4794520547945205
Mol3009,RSLJZNILPXBBDB-UHFFFAOYSA-N,False,False,0.3877551020408163
Mol3015,ZBCMHWUFWQFPLV-VVOJOOEHSA-N,False,False,0.49411764705882355
Mol3017,ZOPNBMMVVZRSGH-NRFANRHFSA-N,False,False,0.49230769230769234
Mol3034,WHLJEOLPBUJQNC-UHFFFAOYSA-N,False,False,0.42105263157894735
Mol3035,LFVOQRZIHLLBGI-UHFFFAOYSA-N,False,False,0.4666666666666667
Mol3036,QFZZPRVHYAXZPG-UHFFFAOYSA-N,False,False,0.4897959183673469
Mol3037,GKTLBRYFFRQLGS-UHFFFAOYSA-N,False,False,0.38235294117647056
Mol3038,KIPPPIPUONNFEI-UHFFFAOYSA-N,False,False,0.4878048780487805
Mol3044,JPOKFBXNSFUINS-UHFFFAOYSA-N,False,False,0.39759036144578314
Mol3057,HEJZLOUWVQRHEE-UHFFFAOYSA-N,False,False,0.45348837209302323
Mol3058,LPTUHTIDKFDPEY-UHFFFAOYSA-N,False,False,0.4262295081967213
Mol3059,VGGGPCQERPFHOB-UHFFFAOYSA-N,False,False,0.49019607843137253
Mol3069,WOGBGZMXRIAUQD-UHFFFAOYSA-N,False,False,0.4461538461538462
Mol3071,MRIGHKSVZKAFMR-UHFFFAOYSA-N,False,False,0.48148148148148145
Mol3076,RAMROQQYRRQPDL-HNNXBMFYSA-N,False,False,0.49295774647887325
Mol3077,LCIHDNKTJWCKCN-UHFFFAOYSA-N,False,False,0.45614035087719296
Mol3084,SIKVYAIFKVFENX-UHFFFAOYSA-N,False,False,0.45614035087719296
Mol3087,ISNCNGPJLHFXIH-UHFFFAOYSA-N,False,False,0.421875
Mol3097,HZLAQYHYWMXTTB-UHFFFAOYSA-N,False,False,0.35294117647058826
Mol3110,RAEXDGCCOMPWOJ-UHFFFAOYSA-N,False,False,0.49206349206349204
Mol3119,ZGFDLOVZUJWONL-UHFFFAOYSA-N,False,False,0.4528301886792453
Mol3121,MFMUXFPKQDBGJB-JZJYNLBNSA-N,False,False,0.38571428571428573
Mol3122,YVQWBGNLQKPQDZ-PDGQHHTCSA-N,False,False,0.42424242424242425
Mol3129,NPALXYBTFZPTSG-UHFFFAOYSA-N,False,False,0.40789473684210525
Mol3131,MNLHFGXIUJNDAF-UHFFFAOYSA-N,False,False,0.4745762711864407
Mol3133,OAPDGGNXIFUSOO-LZYBPNLTSA-N,False,False,0.4
Mol3138,DAQZEJZXOMXLAM-UHFFFAOYSA-N,False,False,0.39285714285714285
Mol3141,YGJLZKZVNRANGS-UHFFFAOYSA-N,False,False,0.4935064935064935
Mol3143,FMJSAVYGOUMVMK-UHFFFAOYSA-N,False,False,0.55
Mol3146,LDTAHRLHGHFHKP-UHFFFAOYSA-N,False,False,0.425
Mol3150,UDNNLEQKNPVZON-UHFFFAOYSA-N,False,False,0.48717948717948717
Mol3154,SQSHWQLHNWUZBV-UHFFFAOYSA-N,False,False,0.43283582089552236
Mol3161,MTQBIRKAQLLWPA-UHFFFAOYSA-N,False,False,0.4918032786885246
Mol3162,ROLOAAMVPIRXFQ-UHFFFAOYSA-N,False,False,0.375
Mol3164,JGZHLVUAVNHKAQ-UHFFFAOYSA-N,False,False,0.45161290322580644
Mol3166,BNVROFNOTAHDHZ-UHFFFAOYSA-N,False,False,0.3974358974358974
Mol3169,DLESAUBHNHQNIJ-UHFFFAOYSA-N,False,False,0.49295774647887325
Mol3170,DLFCEZOMHBPDGI-UHFFFAOYSA-N,False,False,0.410958904109589
Mol3171,BKLJDIJJOOQUFG-UHFFFAOYSA-N,False,False,0.4175824175824176
Mol3176,DZOZKEPKLSPGMP-UHFFFAOYSA-N,False,False,0.48484848484848486
Mol3178,UUDNGLPFGYJJQX-UHFFFAOYSA-N,False,False,0.5166666666666667
Mol3180,MUXCZUJFYPLGLX-UHFFFAOYSA-N,False,False,0.38461538461538464
Mol3181,PLPOVWGNVWWEHJ-UHFFFAOYSA-N,False,False,0.3709677419354839
Mol3186,ZINCHWNWRGWZBK-UHFFFAOYSA-N,False,False,0.44
Mol3187,ISQPFSWGGGAMRQ-UHFFFAOYSA-N,False,False,0.41818181818181815
Mol3189,NUJUEWZURKDKJS-UHFFFAOYSA-N,False,False,0.4146341463414634
Mol3191,PJKWGGAIJMNVFV-UHFFFAOYSA-N,False,False,0.36923076923076925
Mol3197,KQRUHLRIQGLHOJ-UHFFFAOYSA-N,False,False,0.48214285714285715
Mol3198,MBKWRKQWWBJVNO-UHFFFAOYSA-N,False,False,0.4782608695652174
Mol3206,SBVDSMBFMAGOMB-UHFFFAOYSA-N,False,False,0.4857142857142857
Mol3212,OQVLMDBQJXRUTB-UHFFFAOYSA-N,False,False,0.43333333333333335
Mol3216,YJDDGBWVRZRFBG-UHFFFAOYSA-N,False,False,0.43636363636363634
Mol3224,UVZVQXCMVYOLDM-UHFFFAOYSA-N,False,False,0.4375
Mol3226,NXESDLFFFIHWEW-UHFFFAOYSA-N,False,False,0.44642857142857145
Mol3230,AHKFEEOQERHKIM-UHFFFAOYSA-N,False,False,0.42424242424242425
Mol3231,KTCRRXULPYPECJ-KBPBESRZSA-N,False,False,0.4
Mol3236,RDDSHQNXWAFYPP-UHFFFAOYSA-N,False,False,0.38028169014084506
Mol3240,OHNVSLFZVNZGBY-UHFFFAOYSA-N,False,False,0.40298507462686567
Mol3241,KBVAKUYVTPZFPR-UHFFFAOYSA-N,False,False,0.45454545454545453
Mol3242,VLZAYRPAOSNUBO-UHFFFAOYSA-N,False,False,0.4189189189189189
Mol3246,NVTKTJVKWRYJCV-UHFFFAOYSA-N,False,False,0.4861111111111111
Mol3248,FLHKAMXOKHOZLZ-UHFFFAOYSA-N,False,False,0.4918032786885246
Mol3249,WFQICQKIAOXQJW-UHFFFAOYSA-N,False,False,0.4074074074074074
Mol3250,TUBYXRVPZRIUSP-UHFFFAOYSA-N,False,False,0.38181818181818183
Mol3252,YELQNULSABLCKC-UHFFFAOYSA-N,False,False,0.36065573770491804
Mol3253,DKZYXHCYPUVGAF-JCNLHEQBSA-N,False,False,0.49411764705882355
Mol3257,GPDUTYLELGTSPG-UHFFFAOYSA-N,False,False,0.36363636363636365
Mol3260,PWPZCOPBAMNALO-UHFFFAOYSA-N,False,False,0.35714285714285715
Mol3263,QOIPDSBILRLDDJ-UHFFFAOYSA-N,False,False,0.48148148148148145
Mol3273,ZGIKWINFUGEQEO-UHFFFAOYSA-N,False,False,0.45714285714285713
Mol3276,ZXCPBNUYGTYNKO-UHFFFAOYSA-N,False,False,0.3050847457627119
Mol3277,LOECHBHGNLYTMM-UHFFFAOYSA-N,False,False,0.43478260869565216
Mol3282,KVXZCIUQYBTPCX-UHFFFAOYSA-N,False,False,0.41935483870967744
Mol3286,OESXAOYFSFVFKU-UHFFFAOYSA-N,False,False,0.37777777777777777
Mol3287,ICIKIFRWZKPOER-UHFFFAOYSA-N,False,False,0.46
Mol3288,LOUPRKONTZGTKE-VOMFEXJBSA-N,False,False,0.4457831325301205
Mol3289,YUBPAHCSVBEIQI-UHFFFAOYSA-N,False,False,0.4126984126984127
Mol3290,CASLRTXDFAFUGU-UHFFFAOYSA-N,False,False,0.3283582089552239
Mol3291,DEDLQQFAGFJWCA-UHFFFAOYSA-N,False,False,0.38461538461538464
Mol3294,YWUKMFKVXXSZKG-UHFFFAOYSA-N,False,False,0.4634146341463415
Mol3295,FCWUGFDEMJLPMH-HXUWFJFHSA-N,False,False,0.4745762711864407
Mol3296,CYZKUXVEDYZLTN-QBFSEMIESA-N,False,False,0.3898305084745763
Mol3298,HWMPMAKIJQPFAN-UHFFFAOYSA-N,False,False,0.4897959183673469
Mol3299,QAFBNKXGFVBHGB-UHFFFAOYSA-N,False,False,0.4576271186440678
Mol3303,CYWJDBUGTLLXLZ-UHFFFAOYSA-N,False,False,0.49019607843137253
Mol3305,XNQQMIFWOOPLLU-UHFFFAOYSA-N,False,False,0.4444444444444444
Mol3308,IAOPBUOUPDGHSS-UHFFFAOYSA-N,False,False,0.38596491228070173
Mol3313,VKYVHZNDUDCIAZ-UHFFFAOYSA-N,False,False,0.4423076923076923
Mol3315,SZEJYPAPBGNEMH-UHFFFAOYSA-N,False,False,0.46938775510204084
Mol3316,XNEHUAKGYXQSBF-UHFFFAOYSA-N,False,False,0.4727272727272727
Mol3329,OVKVTYBAUMZLEL-UHFFFAOYSA-N,False,False,0.47368421052631576
Mol3330,QMDLPHOPDKSPAL-UHFFFAOYSA-N,False,False,0.45454545454545453
Mol3335,QRSOXYGHZMWQEF-UHFFFAOYSA-N,False,False,0.391304347826087
Mol3340,XWIRNNJTIJTHBA-CYBMUJFWSA-N,False,False,0.4791666666666667
Mol3341,CZTQHACQBBHSRD-UHFFFAOYSA-N,False,False,0.38461538461538464
Mol3342,XYQRKDDDBCSWIJ-UHFFFAOYSA-N,False,False,0.45454545454545453
Mol3345,AWBSUWKXZROSPH-JZJYNLBNSA-N,False,False,0.40816326530612246
Mol3348,UPVNKMOHZPPMPB-ZETCQYMHSA-N,False,False,0.4262295081967213
Mol3354,OJXYKXNEPWOOOI-UHFFFAOYSA-N,False,False,0.4626865671641791
Mol3358,YAZYXKMBJOAFPG-UHFFFAOYSA-N,False,False,0.3582089552238806
Mol3361,FSQDAKTTWYZEIB-UHFFFAOYSA-N,False,False,0.43859649122807015
Mol3362,ISVACOXPZUGJCZ-UHFFFAOYSA-N,False,False,0.4305555555555556
Mol3365,NBNNDUZYMXBCOX-UHFFFAOYSA-N,False,False,0.43661971830985913
Mol3367,ZQUILTIWYULTKI-MDWZMJQESA-N,False,False,0.42
Mol3371,SCWHJADBCRFDAG-DUXPYHPUSA-N,False,False,0.45614035087719296
Mol3376,FCMLWBBLOASUSO-UHFFFAOYSA-N,False,False,0.44680851063829785
Mol3378,AGRJJMHKSWLMPH-UHFFFAOYSA-N,False,False,0.4426229508196721
Mol3384,VYVJELKCSROAJJ-UHFFFAOYSA-N,False,False,0.4883720930232558
Mol3390,WWKKBOOHVBSWOH-UHFFFAOYSA-N,False,False,0.4225352112676056
Mol3393,HCHQAXBDJONDDG-UHFFFAOYSA-N,False,False,0.38461538461538464
Mol3394,FPNCXBHEYPOOOL-UHFFFAOYSA-N,False,False,0.3815789473684211
Mol3395,UESKCWDIQLIPDN-UHFFFAOYSA-N,False,False,0.4444444444444444
Mol3396,NONKNRCZGOLEKO-UHFFFAOYSA-N,False,False,0.3877551020408163
Mol3399,NSXOSXRCKRDCHL-UHFFFAOYSA-N,False,False,0.4888888888888889
Mol3407,ZVXUGWURPDLXEU-UHFFFAOYSA-N,False,False,0.45901639344262296
Mol3409,DQFVXVAUWNHGOS-UHFFFAOYSA-N,False,False,0.3148148148148148
Mol3419,KIISCIGBPUVZBF-UHFFFAOYSA-N,False,False,0.4943820224719101
Mol3420,CHKDIZSSMXPENN-UHFFFAOYSA-N,False,False,0.42857142857142855
Mol3424,KIGMIZDKWKULMQ-UHFFFAOYSA-N,False,False,0.4696969696969697
Mol3427,SVVHNBAZLSIIIR-UHFFFAOYSA-N,False,False,0.5
Mol3429,NDFXSHIIGXVOKT-UHFFFAOYSA-N,False,False,0.3614457831325301
Mol3430,IDDQZMNDHVXKHA-UHFFFAOYSA-N,False,False,0.37254901960784315
Mol3431,YIOKMADCGXLWHL-UHFFFAOYSA-N,False,False,0.34210526315789475
Mol3432,MDQKYGOECVSPIW-UHFFFAOYSA-N,False,False,0.3409090909090909
Mol3436,FIRNEPFBYSKBQD-UHFFFAOYSA-N,False,False,0.3235294117647059
Mol3437,CICYCTIQKAYTEL-UHFFFAOYSA-N,False,False,0.40384615384615385
Mol3443,BLQYVHBZHAISJM-CMDGGOBGSA-N,False,False,0.578125
Mol3444,FPJRTUNZCGUYAI-UHFFFAOYSA-N,False,False,0.4155844155844156
Mol3446,UMOPGCCUZUDUMT-UHFFFAOYSA-N,False,False,0.48484848484848486
Mol3448,JUGSNMRURXIPBK-UHFFFAOYSA-N,False,False,0.43103448275862066
Mol3458,JREGHGJKLPIJNQ-UHFFFAOYSA-N,False,False,0.48
Mol3461,WVVLAUJSSJAKCZ-UHFFFAOYSA-N,False,False,0.3972602739726027
Mol3462,VNFPBHJOKIVQEB-UHFFFAOYSA-N,False,False,0.4883720930232558
Mol3472,XBHUTJPFTGJORK-UHFFFAOYSA-N,False,False,0.4528301886792453
Mol3475,KPNZFNKTKZNKKS-UHFFFAOYSA-N,False,False,0.475
Mol3478,WREGJVIGNZMJOB-UHFFFAOYSA-N,False,False,0.37142857142857144
Mol3486,DARZMOVEAYAQSU-UHFFFAOYSA-N,False,False,0.42592592592592593
Mol3493,IZLDYCCCNAAVHS-UHFFFAOYSA-N,False,False,0.43902439024390244
Mol3495,RUBFJGCDGPSXAS-UHFFFAOYSA-N,False,False,0.3373493975903614
Mol3498,NHQLQPQOMGATNV-UHFFFAOYSA-N,False,False,0.46875
Mol3506,ZDNGJXBUEQNFBQ-XMSQKQJNSA-N,False,False,0.3617021276595745
Mol3508,NFTQMASAJQWELS-UHFFFAOYSA-N,False,False,0.4
Mol3510,CUIHSIWYWATEQL-UHFFFAOYSA-N,False,False,0.4857142857142857
Mol3511,HUDWXDLBWRHCKO-UHFFFAOYSA-N,False,False,0.43902439024390244
Mol3512,RDOIQAHITMMDAJ-UHFFFAOYSA-N,False,False,0.4931506849315068
