endpoint,method,repeat,fold,n,r2,spearman,mae
LOG_HLM,chemeleon,0,0,929,0.5063561251880411,0.7078010660078098,0.3292128376329387
LOG_HLM,chemeleon,0,1,929,0.46409729899389773,0.6844244649213412,0.3417238418073197
LOG_HLM,chemeleon,0,2,929,0.46036695517102666,0.6815738830633955,0.34072063496340144
LOG_HLM,chemeleon,0,3,929,0.48726491365892344,0.7033134961279928,0.32881910558127014
LOG_HLM,chemeleon,0,4,929,0.44402605998620925,0.6706578101453007,0.3498317578073196
LOG_HLM,chemeleon,1,0,929,0.45921475823112157,0.6811927880546349,0.3450121702292788
LOG_HLM,chemeleon,1,1,929,0.4791919184638631,0.689086926067332,0.3369395545500538
LOG_HLM,chemeleon,1,2,929,0.4863576477356033,0.7022845730124131,0.33059337656512383
LOG_HLM,chemeleon,1,3,929,0.47029536677885375,0.6900531634881331,0.33689446937244344
LOG_HLM,chemeleon,1,4,929,0.4634552713849379,0.6919337343314909,0.33758233930570514
LOG_HLM,chemeleon,2,0,929,0.42669258535983057,0.6608614619687373,0.35273609769321856
LOG_HLM,chemeleon,2,1,929,0.49132041389103354,0.7026979523688236,0.3326705440053822
LOG_HLM,chemeleon,2,2,929,0.4806172721569181,0.6953889871391432,0.3293068475812702
LOG_HLM,chemeleon,2,3,929,0.46266043874690466,0.6810064393377078,0.3406781284424112
LOG_HLM,chemeleon,2,4,929,0.4742890822698951,0.6992124045124591,0.33522660651130254
LOG_HLM,chemeleon,3,0,929,0.45520957581109667,0.6805267677331005,0.3418329797082885
LOG_HLM,chemeleon,3,1,929,0.500946573751224,0.712162740598731,0.32857336221420885
LOG_HLM,chemeleon,3,2,929,0.4873910462614459,0.7020508152017119,0.33210165360925725
LOG_HLM,chemeleon,3,3,929,0.4746874033687102,0.6928600718823716,0.34049776223789013
LOG_HLM,chemeleon,3,4,929,0.4882970854254015,0.6943515449647527,0.3307210917621098
LOG_HLM,chemeleon,4,0,929,0.4841721593892798,0.6991861563963194,0.33068865653067814
LOG_HLM,chemeleon,4,1,929,0.44976496432340296,0.6754597499992715,0.3513590153530678
LOG_HLM,chemeleon,4,2,929,0.4769545998161422,0.6947376359990903,0.33742785747147475
LOG_HLM,chemeleon,4,3,929,0.4995011373987519,0.7018600930642187,0.32929731271151774
LOG_HLM,chemeleon,4,4,929,0.4706642952146801,0.6894533822655871,0.3384520459967707
LOG_HLM,chemprop,0,0,929,0.3935280434858157,0.6550534151950215,0.364924641876211
LOG_HLM,chemprop,0,1,929,0.4008779545309129,0.6596532513881859,0.3648972953315393
LOG_HLM,chemprop,0,2,929,0.38988003720996767,0.6517158575127037,0.36723530716792246
LOG_HLM,chemprop,0,3,929,0.39272919300034526,0.6612228158429988,0.36051479933799785
LOG_HLM,chemprop,0,4,929,0.40023971988174145,0.6700488341097245,0.36905503547147467
LOG_HLM,chemprop,1,0,929,0.38938333676897363,0.6495111144626391,0.3703282515532831
LOG_HLM,chemprop,1,1,929,0.4026773292615925,0.6666878528120493,0.35379938931862215
LOG_HLM,chemprop,1,2,929,0.41532415829325986,0.6723208564647108,0.356509126853606
LOG_HLM,chemprop,1,3,929,0.37376065054004115,0.6543559001712168,0.3684843849461787
LOG_HLM,chemprop,1,4,929,0.37834561856709514,0.6518214573967857,0.36674451624004306
LOG_HLM,chemprop,2,0,929,0.37843587442654636,0.6505497486978435,0.3702235748406889
LOG_HLM,chemprop,2,1,929,0.4010758177770919,0.6546992896130842,0.36758882501506995
LOG_HLM,chemprop,2,2,929,0.4327974627744493,0.6771030172204622,0.3510315482034445
LOG_HLM,chemprop,2,3,929,0.3826710345247031,0.6538266403552968,0.3684884665349838
LOG_HLM,chemprop,2,4,929,0.4261312502033714,0.6768655389651824,0.35100999889235734
LOG_HLM,chemprop,3,0,929,0.3817614285520661,0.650899561601167,0.3707763028557589
LOG_HLM,chemprop,3,1,929,0.3954328415065631,0.6555434508952407,0.36223972824004297
LOG_HLM,chemprop,3,2,929,0.38008251297965523,0.6470845873592215,0.3688416312389666
LOG_HLM,chemprop,3,3,929,0.40934005753579894,0.6631669911031638,0.3615488474155005
LOG_HLM,chemprop,3,4,929,0.3841293732430313,0.654270261611211,0.3687773510279871
LOG_HLM,chemprop,4,0,929,0.41286333028543853,0.670635738038382,0.35355435487298165
LOG_HLM,chemprop,4,1,929,0.41949403976800925,0.6699322272535053,0.3617213489354144
LOG_HLM,chemprop,4,2,929,0.3869845433748843,0.6529235593794047,0.3673665803412271
LOG_HLM,chemprop,4,3,929,0.4109254597497297,0.6657463525513244,0.359132181540366
LOG_HLM,chemprop,4,4,929,0.36026665572342864,0.6382331789564323,0.3767266554198062
LOG_HLM,chemprop_st,0,0,929,0.35698886978862054,0.6383505855574936,0.37132800312055975
LOG_HLM,chemprop_st,0,1,929,0.3588294098094994,0.6328444262867327,0.37915048308611415
LOG_HLM,chemprop_st,0,2,929,0.3891340259969317,0.6557470123629023,0.36096404543702904
LOG_HLM,chemprop_st,0,3,929,0.3895497698733916,0.6616187394808658,0.3608408421151776
LOG_HLM,chemprop_st,0,4,929,0.36452726920798106,0.631940259548443,0.3764993828794403
LOG_HLM,chemprop_st,1,0,929,0.4147645109006092,0.6664406254734245,0.3573677000441335
LOG_HLM,chemprop_st,1,1,929,0.3539484892196514,0.6247396883326506,0.3767434874262648
LOG_HLM,chemprop_st,1,2,929,0.37397210543432324,0.6582778865476355,0.3623472417556512
LOG_HLM,chemprop_st,1,3,929,0.390336721436909,0.6634586815508756,0.3587063496027987
LOG_HLM,chemprop_st,1,4,929,0.36856177728388007,0.6492730515660684,0.36549133706243275
LOG_HLM,chemprop_st,2,0,929,0.3790010278137925,0.6638789019696645,0.3604709315016146
LOG_HLM,chemprop_st,2,1,929,0.34784783892700244,0.6280122824969783,0.3877315315618945
LOG_HLM,chemprop_st,2,2,929,0.41227827914850035,0.6713929244375819,0.3492244336350915
LOG_HLM,chemprop_st,2,3,929,0.34907371713867175,0.6456026052068882,0.3674157369569429
LOG_HLM,chemprop_st,2,4,929,0.43230852098768235,0.6912883055317878,0.3433823862787944
LOG_HLM,chemprop_st,3,0,929,0.35315023615852437,0.6405207892149287,0.37408640394467163
LOG_HLM,chemprop_st,3,1,929,0.37796822885357706,0.6582625340191904,0.3585596100161464
LOG_HLM,chemprop_st,3,2,929,0.3692044908374865,0.6523617798407693,0.3679936192238967
LOG_HLM,chemprop_st,3,3,929,0.40993338832581727,0.6635005327560136,0.3563565767395049
LOG_HLM,chemprop_st,3,4,929,0.38998876194192067,0.6638518262444246,0.3605425090021528
LOG_HLM,chemprop_st,4,0,929,0.3990690222093315,0.6650604088694339,0.35434089821205594
LOG_HLM,chemprop_st,4,1,929,0.373301264199715,0.6357681338625094,0.37444521567814854
LOG_HLM,chemprop_st,4,2,929,0.3964425791443529,0.6646234692282731,0.35797644213455326
LOG_HLM,chemprop_st,4,3,929,0.40628363771889087,0.6705794302485953,0.3514091984531754
LOG_HLM,chemprop_st,4,4,929,0.3629800137472817,0.6490768398746357,0.3696496534305705
LOG_HLM,lgbm,0,0,929,0.34038072475570913,0.5818840770495379,0.39107797319372795
LOG_HLM,lgbm,0,1,929,0.31582314184238536,0.5746397792208301,0.39995107672592
LOG_HLM,lgbm,0,2,929,0.3107684209027737,0.5597881137290004,0.39891826751088
LOG_HLM,lgbm,0,3,929,0.3475929097938073,0.5869753308223367,0.3914808438954369
LOG_HLM,lgbm,0,4,929,0.3270025219940246,0.5742081241295199,0.3914259581454208
LOG_HLM,lgbm,1,0,929,0.33626150428882995,0.5784468743588671,0.394662260638256
LOG_HLM,lgbm,1,1,929,0.33499500857872877,0.5788690287629829,0.39057044894618137
LOG_HLM,lgbm,1,2,929,0.3542791758041608,0.5896957274910051,0.38618860521639314
LOG_HLM,lgbm,1,3,929,0.3136485101657229,0.5663089900912457,0.39571044538772676
LOG_HLM,lgbm,1,4,929,0.29959198727603265,0.5649854836924757,0.4044893440245689
LOG_HLM,lgbm,2,0,929,0.3060685812126084,0.5648544101521459,0.4012756717427024
LOG_HLM,lgbm,2,1,929,0.3154787369896037,0.5669920105666815,0.39678969584822443
LOG_HLM,lgbm,2,2,929,0.32331692828197545,0.5545593857326478,0.3925938174621629
LOG_HLM,lgbm,2,3,929,0.31761847265344145,0.5748158625478178,0.40130003166942063
LOG_HLM,lgbm,2,4,929,0.3476716870258443,0.5871283701711687,0.38763720977501803
LOG_HLM,lgbm,3,0,929,0.3131684522741732,0.5619099895706332,0.39797125788185966
LOG_HLM,lgbm,3,1,929,0.32815026602645103,0.571132736306094,0.39284685269994657
LOG_HLM,lgbm,3,2,929,0.3346502708491693,0.5760639805910336,0.39316269852114255
LOG_HLM,lgbm,3,3,929,0.3275074759165787,0.5762729632779383,0.39508986037792787
LOG_HLM,lgbm,3,4,929,0.33892458741750076,0.5877404288608243,0.3929582750523334
LOG_HLM,lgbm,4,0,929,0.30930034789948624,0.561058136838766,0.3958280101173825
LOG_HLM,lgbm,4,1,929,0.3442382539116402,0.5876178591938171,0.38853702128131545
LOG_HLM,lgbm,4,2,929,0.3110160777782308,0.5658384221867401,0.4030581106843722
LOG_HLM,lgbm,4,3,929,0.33935178645189734,0.5812500069949158,0.39067912601926624
LOG_HLM,lgbm,4,4,929,0.30978188920962135,0.5619182732543787,0.3989683696699278
LOG_HLM,megacl,0,0,929,0.3000289951810775,0.6015080631008457,0.37539397301507
LOG_HLM,megacl,0,1,929,0.2877277699529832,0.5638123971458444,0.4000511078675996
LOG_HLM,megacl,0,2,929,0.2398820824648048,0.548042776492552,0.40696121568675997
LOG_HLM,megacl,0,3,929,0.27576079861567004,0.5545496442420469,0.4049663883175458
LOG_HLM,megacl,0,4,929,0.3196431365307617,0.601594992427338,0.3811810150043057
LOG_HLM,megacl,1,0,929,0.2752143576281191,0.5683189261075248,0.39194281266200215
LOG_HLM,megacl,1,1,929,0.26961786324571924,0.579232333972462,0.38720090180516686
LOG_HLM,megacl,1,2,929,0.330615726938132,0.6025465758521457,0.38789703509472556
LOG_HLM,megacl,1,3,929,0.2939818289369335,0.5787732311114541,0.3880905243067815
LOG_HLM,megacl,1,4,929,0.2510324818585038,0.5617866530364782,0.3970500079989236
LOG_HLM,megacl,2,0,929,0.22309694382747314,0.5739423932736742,0.40458571844025837
LOG_HLM,megacl,2,1,929,0.2738976437263033,0.5551021910039319,0.4180352016071044
LOG_HLM,megacl,2,2,929,0.279261735764778,0.5939730922521271,0.37965510351237886
LOG_HLM,megacl,2,3,929,0.27994404020380426,0.5621754470876934,0.40423104689666306
LOG_HLM,megacl,2,4,929,0.2658138439618585,0.5660327432849074,0.3917376079817007
LOG_HLM,megacl,3,0,929,0.27857008243980763,0.5571484583004332,0.41112044999031216
LOG_HLM,megacl,3,1,929,0.2185536750557222,0.5316430719752574,0.41026969378579115
LOG_HLM,megacl,3,2,929,0.2745302449433291,0.5631546908790318,0.3893662639407965
LOG_HLM,megacl,3,3,929,0.2626621937059006,0.5534127598989894,0.39306039800968784
LOG_HLM,megacl,3,4,929,0.30612139640345526,0.5825858136390277,0.38837284265554356
LOG_HLM,megacl,4,0,929,0.3140474577812363,0.6100021645619458,0.37558222916146394
LOG_HLM,megacl,4,1,929,0.29996205253666897,0.5793142824588654,0.3959553266770721
LOG_HLM,megacl,4,2,929,0.24191154566230766,0.5403842261418692,0.4098582805995694
LOG_HLM,megacl,4,3,929,0.2575653374027709,0.5759177898973239,0.3968179375898816
LOG_HLM,megacl,4,4,929,0.24690594532513155,0.5368593630568756,0.4036049382249731
LOG_HLM,moljepa,0,0,929,0.4344386341159753,0.6626182569064248,0.3591838608601255
LOG_HLM,moljepa,0,1,929,0.40837236294664536,0.6431327131624069,0.3656221363077367
LOG_HLM,moljepa,0,2,929,0.43686922695659514,0.6615816854027335,0.35713502531023933
LOG_HLM,moljepa,0,3,929,0.4317661767284473,0.6622147027124706,0.35910379298741874
LOG_HLM,moljepa,0,4,929,0.43176818885566204,0.6584135965890651,0.3583813731418464
LOG_HLM,moljepa,1,0,929,0.41370462393921126,0.6432737635694582,0.3648131313063715
LOG_HLM,moljepa,1,1,929,0.4406621842387395,0.6641827482634521,0.3581188757953895
LOG_HLM,moljepa,1,2,929,0.42789389847453474,0.6587804449499932,0.3620659501266951
LOG_HLM,moljepa,1,3,929,0.43935208644981183,0.6598097146921441,0.35747127752874086
LOG_HLM,moljepa,1,4,929,0.43864248295146746,0.6641871444622994,0.3551665457736208
LOG_HLM,moljepa,2,0,929,0.4367471647384641,0.6671617083747233,0.36110004170072063
LOG_HLM,moljepa,2,1,929,0.4225638101813789,0.6546028994828551,0.36291445433048336
LOG_HLM,moljepa,2,2,929,0.441797258713693,0.6659054357244107,0.3537201245112707
LOG_HLM,moljepa,2,3,929,0.4190144058353449,0.652750687783145,0.36255202531293523
LOG_HLM,moljepa,2,4,929,0.42354793657776024,0.6526808670848979,0.3575607973716306
LOG_HLM,moljepa,3,0,929,0.40777722981906217,0.6522372281963476,0.3643199231770166
LOG_HLM,moljepa,3,1,929,0.43036424109833793,0.6566389192765483,0.35919588882514747
LOG_HLM,moljepa,3,2,929,0.4272276157029803,0.6537970042715765,0.36013416485290073
LOG_HLM,moljepa,3,3,929,0.4311023236683358,0.6567413360209288,0.358418490695486
LOG_HLM,moljepa,3,4,929,0.4465764977056472,0.6683174125388589,0.3508504137103643
LOG_HLM,moljepa,4,0,929,0.43548769862637937,0.6614989816043158,0.35849378309434965
LOG_HLM,moljepa,4,1,929,0.4221259311595993,0.6552401649827546,0.35982705755452565
LOG_HLM,moljepa,4,2,929,0.43056469261987296,0.6630040316838853,0.36072312736117074
LOG_HLM,moljepa,4,3,929,0.43155633478061317,0.6606207995276027,0.3609746131811231
LOG_HLM,moljepa,4,4,929,0.41344364511352094,0.6443963431911487,0.36206501240673294
LOG_HLM,monroe,0,0,929,0.5659271575094122,0.7534579584847071,0.2974692033439544
LOG_HLM,monroe,0,1,929,0.5591215932932132,0.7543479353615111,0.2968622461024831
LOG_HLM,monroe,0,2,929,0.5638534132640634,0.7578780905890994,0.29692714997633957
LOG_HLM,monroe,0,3,929,0.5454899279395893,0.7482395803756001,0.3038101268208056
LOG_HLM,monroe,0,4,929,0.5506176618852376,0.7499691391327841,0.3009702651323675
LOG_HLM,monroe,1,0,929,0.5490756851072591,0.7476785069621603,0.3031536576199397
LOG_HLM,monroe,1,1,929,0.5501066033393763,0.7500381343978583,0.3002436660990281
LOG_HLM,monroe,1,2,929,0.5593410665090657,0.7541681923318971,0.2969656619257618
LOG_HLM,monroe,1,3,929,0.5714942146985815,0.7599758063192029,0.2939584312138432
LOG_HLM,monroe,1,4,929,0.5361673418193416,0.7439920702840358,0.30479615620332895
LOG_HLM,monroe,2,0,929,0.5577684957646629,0.7508508085704887,0.3003796191415052
LOG_HLM,monroe,2,1,929,0.5549692223617,0.7501512055420737,0.2982392189348884
LOG_HLM,monroe,2,2,929,0.5574292783828275,0.7559673917373985,0.2981749259833122
LOG_HLM,monroe,2,3,929,0.5449004027150278,0.7471185724603263,0.3031242721553607
LOG_HLM,monroe,2,4,929,0.55569643660151,0.752966412805546,0.2965200136757217
LOG_HLM,monroe,3,0,929,0.5431365955212927,0.7465907628585174,0.3020367836033622
LOG_HLM,monroe,3,1,929,0.5768136854451236,0.7644238028170933,0.2926601015842511
LOG_HLM,monroe,3,2,929,0.5545347712895612,0.7491365036360773,0.2984620906035193
LOG_HLM,monroe,3,3,929,0.5598272572632699,0.7520725949773802,0.2982209318452309
LOG_HLM,monroe,3,4,929,0.5576744868561085,0.7541818744566537,0.29879548885082363
LOG_HLM,monroe,4,0,929,0.5637121879042362,0.7547756498186657,0.295323836340039
LOG_HLM,monroe,4,1,929,0.545694469964119,0.7494528173527049,0.3005356729695971
LOG_HLM,monroe,4,2,929,0.5642154592133674,0.7577964002559934,0.2966948547964368
LOG_HLM,monroe,4,3,929,0.5617528418114827,0.7545811616801296,0.2968633549149996
LOG_HLM,monroe,4,4,929,0.5561346236077602,0.7511704023525406,0.2981244703243101
LOG_HLM,trimole,0,0,929,0.4498181138662559,0.6736556608666097,0.35461524062672706
LOG_HLM,trimole,0,1,929,0.4308202990417065,0.6636983844801585,0.3633236109478228
LOG_HLM,trimole,0,2,929,0.44597189915172086,0.6703975460651626,0.352273686308768
LOG_HLM,trimole,0,3,929,0.4460206973063071,0.6641429852000538,0.35868087712202906
LOG_HLM,trimole,0,4,929,0.4081616670057179,0.6372131469441212,0.365076815649814
LOG_HLM,trimole,1,0,929,0.4344644732787527,0.6619019640189752,0.3621000212948247
LOG_HLM,trimole,1,1,929,0.4429159844309186,0.6671911682215912,0.3536039772088807
LOG_HLM,trimole,1,2,929,0.43491072621098426,0.6614946360795629,0.3575921242460199
LOG_HLM,trimole,1,3,929,0.4396366252272512,0.6634064282864053,0.3525723697706595
LOG_HLM,trimole,1,4,929,0.4230129637894635,0.6562240948417926,0.36055860397640527
LOG_HLM,trimole,2,0,929,0.4396951722696415,0.6625082066666976,0.35865767769298057
LOG_HLM,trimole,2,1,929,0.42424478219807693,0.653070091746596,0.35719141639726426
LOG_HLM,trimole,2,2,929,0.4222637340088642,0.6464547464630286,0.3610667493649767
LOG_HLM,trimole,2,3,929,0.4390549752131465,0.6606658273258517,0.35590513342090174
LOG_HLM,trimole,2,4,929,0.4437527870350685,0.6712469235624732,0.3515663668618362
LOG_HLM,trimole,3,0,929,0.4152001728665047,0.6465432854512569,0.3665928863937054
LOG_HLM,trimole,3,1,929,0.46349621589435774,0.6763122177434056,0.35298428874060966
LOG_HLM,trimole,3,2,929,0.43671050855560334,0.6613750351754748,0.3540459856862423
LOG_HLM,trimole,3,3,929,0.4332437544597343,0.6617260021758921,0.35979773644852603
LOG_HLM,trimole,3,4,929,0.4375571615947357,0.6635201599993521,0.35179592588344377
LOG_HLM,trimole,4,0,929,0.4196758152425377,0.6418256326488532,0.3674912939880212
LOG_HLM,trimole,4,1,929,0.4356933498212856,0.6627182523377677,0.35363743315934015
LOG_HLM,trimole,4,2,929,0.4343712432142858,0.6606854849401662,0.3588337027350302
LOG_HLM,trimole,4,3,929,0.4529764225521483,0.672877404602704,0.35452892470761105
LOG_HLM,trimole,4,4,929,0.43038853857131376,0.6615583012383224,0.3570157483935932
LOG_HPPB,chemeleon,0,0,66,0.20102055169496014,0.5343548101200164,0.5860551568787878
LOG_HPPB,chemeleon,0,1,66,0.24821094322079695,0.5399701489715785,0.5466887470151515
LOG_HPPB,chemeleon,0,2,66,0.20216011823160396,0.47260695761845345,0.5721005032500001
LOG_HPPB,chemeleon,0,3,66,0.09929911287512083,0.5494264630970714,0.6172059822575756
LOG_HPPB,chemeleon,0,4,66,0.15796548421210166,0.5152543080784578,0.5822428319242424
LOG_HPPB,chemeleon,1,0,66,0.3257896887615317,0.581845129403673,0.5193937304393941
LOG_HPPB,chemeleon,1,1,66,0.19942899696424088,0.5092214719145121,0.5706420836515151
LOG_HPPB,chemeleon,1,2,66,0.18641798875749604,0.5256082414255759,0.5903243845303031
LOG_HPPB,chemeleon,1,3,66,0.15935509193673136,0.5280088509717827,0.5743340372878788
LOG_HPPB,chemeleon,1,4,66,0.2228581943009854,0.5684225908105339,0.5535626738030303
LOG_HPPB,chemeleon,2,0,66,0.3035847483908102,0.5825757497003445,0.5506759456363637
LOG_HPPB,chemeleon,2,1,66,0.24161594464194736,0.5551879260079676,0.5499604328030303
LOG_HPPB,chemeleon,2,2,66,0.2683242180787314,0.5219342650765986,0.5634508025000001
LOG_HPPB,chemeleon,2,3,66,0.2915423293705798,0.5438319991111286,0.5313202856666667
LOG_HPPB,chemeleon,2,4,66,0.11608676006889307,0.4477658675316178,0.5871969561666667
LOG_HPPB,chemeleon,3,0,66,0.32813313022719115,0.5858739784681765,0.5111036378712122
LOG_HPPB,chemeleon,3,1,66,0.21912798199074957,0.538822031362523,0.5629249934787879
LOG_HPPB,chemeleon,3,2,66,0.26464712662630774,0.5698838314038771,0.5503892416818182
LOG_HPPB,chemeleon,3,3,66,0.19551070370779677,0.4753206901489481,0.5509935982121211
LOG_HPPB,chemeleon,3,4,66,0.19077524594946893,0.528906470193408,0.5776890135303029
LOG_HPPB,chemeleon,4,0,66,0.2318509706438342,0.5303677107867513,0.5415300958636364
LOG_HPPB,chemeleon,4,1,66,0.2898742537907556,0.5828888726846323,0.5483672696666667
LOG_HPPB,chemeleon,4,2,66,0.358750165324923,0.6163512822721933,0.5159895682424243
LOG_HPPB,chemeleon,4,3,66,0.1943992783963252,0.540366771418343,0.5587425670454547
LOG_HPPB,chemeleon,4,4,66,0.2489866048494368,0.539594401390433,0.5298484302424242
LOG_HPPB,chemprop,0,0,66,0.18211123556478936,0.42409376991945674,0.5665444593484847
LOG_HPPB,chemprop,0,1,66,0.18659861259671795,0.4860712459428308,0.5741266864090909
LOG_HPPB,chemprop,0,2,66,0.1673130225207733,0.45972716553141346,0.5707696679545453
LOG_HPPB,chemprop,0,3,66,0.1884544098614187,0.5227901345669854,0.5630176782727272
LOG_HPPB,chemprop,0,4,66,0.1700059980411467,0.45864167251921556,0.598687600818182
LOG_HPPB,chemprop,1,0,66,0.1410045386499067,0.38679038505796487,0.5892199273030303
LOG_HPPB,chemprop,1,1,66,0.16753816661295662,0.45876692171293076,0.5745083058484848
LOG_HPPB,chemprop,1,2,66,0.16294506360370387,0.43632644117230185,0.5938923968484848
LOG_HPPB,chemprop,1,3,66,0.21489437283331547,0.49419156866869557,0.5641229261818183
LOG_HPPB,chemprop,1,4,66,0.02372215762544272,0.49845004125501025,0.6338706855454546
LOG_HPPB,chemprop,2,0,66,0.06749183538701509,0.38203091569678965,0.6147067710999999
LOG_HPPB,chemprop,2,1,66,0.17771945001579825,0.4911647131539131,0.5751972358575757
LOG_HPPB,chemprop,2,2,66,0.168303162595424,0.4197517978706653,0.5901238658484848
LOG_HPPB,chemprop,2,3,66,0.169255393116575,0.45941404254712565,0.5706315008939393
LOG_HPPB,chemprop,2,4,66,0.22017834511427137,0.5091170975864162,0.5676588797045454
LOG_HPPB,chemprop,3,0,66,0.19091690251301252,0.5357116763852637,0.5775174248393938
LOG_HPPB,chemprop,3,1,66,0.2257273290904237,0.5073218591431659,0.5647409562424243
LOG_HPPB,chemprop,3,2,66,0.12935061793764124,0.4933148243126896,0.5967734807121212
LOG_HPPB,chemprop,3,3,66,0.1899863968913179,0.42935423605549256,0.5926568661666667
LOG_HPPB,chemprop,3,4,66,0.11827568625765883,0.3810706718783069,0.5921367551515152
LOG_HPPB,chemprop,4,0,66,0.1616013098818666,0.4730035800652181,0.5906079938636364
LOG_HPPB,chemprop,4,1,66,0.1239737834384631,0.4642778862363968,0.6137935315606061
LOG_HPPB,chemprop,4,2,66,0.2187859289714983,0.482021522012708,0.5567265985757576
LOG_HPPB,chemprop,4,3,66,0.13859633963195372,0.46106315693104155,0.5956656561969697
LOG_HPPB,chemprop,4,4,66,0.24920684452742425,0.5177384170871415,0.5525242524242424
LOG_HPPB,chemprop_st,0,0,66,-0.12830602304214778,0.22022983228245072,0.6655940490303031
LOG_HPPB,chemprop_st,0,1,66,-0.11087151161160613,0.2514586312487584,0.6574412811515151
LOG_HPPB,chemprop_st,0,2,66,-0.16275889157155765,0.11495788496487737,0.6830856386666667
LOG_HPPB,chemprop_st,0,3,66,0.025477765362209803,0.2841695456740286,0.6496382497727272
LOG_HPPB,chemprop_st,0,4,66,-0.08411158879225678,0.29206024487808224,0.6225980637121212
LOG_HPPB,chemprop_st,1,0,66,-0.1502670057655715,0.16411819349806894,0.6759811079545455
LOG_HPPB,chemprop_st,1,1,66,-0.05464006085776729,0.16532893570398197,0.6490430511212123
LOG_HPPB,chemprop_st,1,2,66,-0.04788653319857605,0.2530868707670552,0.6399778046212122
LOG_HPPB,chemprop_st,1,3,66,-0.07536221175651492,0.2855890365361335,0.6442376711924243
LOG_HPPB,chemprop_st,1,4,66,0.039111982939355694,0.20902002944494588,0.6419647621060607
LOG_HPPB,chemprop_st,2,0,66,-0.04395177793500138,0.15182289764836626,0.6547262983181819
LOG_HPPB,chemprop_st,2,1,66,-0.031952878837349985,0.33145111630149315,0.6165910616666668
LOG_HPPB,chemprop_st,2,2,66,-0.1343937644951685,0.25600935195374175,0.6522604610212123
LOG_HPPB,chemprop_st,2,3,66,-0.1309841555515805,0.15969272198680076,0.6751696804545455
LOG_HPPB,chemprop_st,2,4,66,-0.0405559282121275,0.14885866673044135,0.6525908482424242
LOG_HPPB,chemprop_st,3,0,66,-0.10000943586150579,0.20327944139966872,0.6578625950757575
LOG_HPPB,chemprop_st,3,1,66,-0.02961279381683335,0.3251260320188787,0.6096576511969697
LOG_HPPB,chemprop_st,3,2,66,0.021446175391039435,0.22256781723179994,0.6489031581060606
LOG_HPPB,chemprop_st,3,3,66,-0.08685164146187652,0.12831779896115872,0.662426677469697
LOG_HPPB,chemprop_st,3,4,66,-0.05463852066502328,0.23613647988427322,0.6501501619106062
LOG_HPPB,chemprop_st,4,0,66,-0.09406584477896196,0.24964251793988892,0.6495357791742424
LOG_HPPB,chemprop_st,4,1,66,-0.11774840538071918,0.21169201224420214,0.6552287298845455
LOG_HPPB,chemprop_st,4,2,66,0.03684601235633467,0.3080712668080007,0.6174087935606062
LOG_HPPB,chemprop_st,4,3,66,-0.011008909296476244,0.16169670908624295,0.6510364076818181
LOG_HPPB,chemprop_st,4,4,66,-0.025054959917867325,0.17144527133040452,0.6561836189742424
LOG_HPPB,lgbm,0,0,66,0.1846743337394503,0.4525822478289914,0.5510691690762195
LOG_HPPB,lgbm,0,1,66,0.21164490756200804,0.4516893337893608,0.5516691796633726
LOG_HPPB,lgbm,0,2,66,0.2684297869586212,0.5201811976443762,0.5377876371472442
LOG_HPPB,lgbm,0,3,66,-0.06736515660273801,0.3668938595500826,0.6390815661030963
LOG_HPPB,lgbm,0,4,66,0.10780514561864452,0.43974407147628597,0.5621662472165693
LOG_HPPB,lgbm,1,0,66,0.07726544072720387,0.3290260628317047,0.6279636011004347
LOG_HPPB,lgbm,1,1,66,0.06480694070631854,0.4165353262514621,0.6023424965532642
LOG_HPPB,lgbm,1,2,66,0.12115639490483743,0.44269207889100315,0.5685835442212697
LOG_HPPB,lgbm,1,3,66,0.2590451229060693,0.5156512572431148,0.5214461512221843
LOG_HPPB,lgbm,1,4,66,0.062475728058483115,0.4288517540705597,0.5943504257822202
LOG_HPPB,lgbm,2,0,66,0.18803588981708574,0.447055016881158,0.5716662971317665
LOG_HPPB,lgbm,2,1,66,0.22905290986286786,0.4994728986671816,0.5510723210880673
LOG_HPPB,lgbm,2,2,66,0.09858812224533597,0.4710198628749275,0.5658331073270386
LOG_HPPB,lgbm,2,3,66,0.06858050280011041,0.3573747221170174,0.6143199470292225
LOG_HPPB,lgbm,2,4,66,-0.014114749603012733,0.37653824879147757,0.6257552000253266
LOG_HPPB,lgbm,3,0,66,0.18836729942639785,0.4700595990110657,0.5517362080519223
LOG_HPPB,lgbm,3,1,66,0.04305639562914121,0.3773106349428447,0.6006868860335309
LOG_HPPB,lgbm,3,2,66,0.1372304148148894,0.40994300992169364,0.5776405883790701
LOG_HPPB,lgbm,3,3,66,0.018529994892270252,0.4097926039030409,0.5918860283642926
LOG_HPPB,lgbm,3,4,66,0.18243085264117376,0.45360986151708454,0.559664636902316
LOG_HPPB,lgbm,4,0,66,0.20707246126573275,0.4790727287909152,0.5486087709171079
LOG_HPPB,lgbm,4,1,66,0.07042277472214264,0.35701984199341624,0.5865666251201466
LOG_HPPB,lgbm,4,2,66,0.30986751321781036,0.570741177606841,0.5039292057834028
LOG_HPPB,lgbm,4,3,66,0.1491672183384085,0.42590833657480925,0.5807173438586957
LOG_HPPB,lgbm,4,4,66,0.05065332838478109,0.37541098251650934,0.6038101023796754
LOG_HPPB,megacl,0,0,66,-0.0684879191458827,0.3557912096134682,0.6210273412575756
LOG_HPPB,megacl,0,1,66,-0.2747457110200566,0.25404711458553797,0.6703455259848483
LOG_HPPB,megacl,0,2,66,-0.1989486408726182,0.3920717260596198,0.6596250098030303
LOG_HPPB,megacl,0,3,66,-0.28196942866634456,0.09846674112571753,0.7078034872878787
LOG_HPPB,megacl,0,4,66,-0.1821742069934531,0.09888423843810132,0.6877270372272727
LOG_HPPB,megacl,1,0,66,-0.28145332172975723,0.022043858093864256,0.7229824002272727
LOG_HPPB,megacl,1,1,66,-0.33053343636560917,0.02778444613914141,0.7036435965909091
LOG_HPPB,megacl,1,2,66,-0.4154832425954933,0.16737467253466254,0.7088826852575757
LOG_HPPB,megacl,1,3,66,-0.2517937328207376,0.19672473359524315,0.6715860425939394
LOG_HPPB,megacl,1,4,66,-0.26272535410039466,-0.02603095742712948,0.711119864439394
LOG_HPPB,megacl,2,0,66,-0.5444358914377407,-0.04771994280546752,0.7699073016515152
LOG_HPPB,megacl,2,1,66,-0.4099652003807266,0.10923817178521938,0.7117933753939393
LOG_HPPB,megacl,2,2,66,-0.2003118344133672,0.1277541775894406,0.6632862395909092
LOG_HPPB,megacl,2,3,66,-0.23760620170257019,0.03210554332231367,0.7224507256969698
LOG_HPPB,megacl,2,4,66,-0.33266928472737356,0.2756943502326376,0.6848231776893938
LOG_HPPB,megacl,3,0,66,-0.16613393139824706,0.06654907159397658,0.684670976530303
LOG_HPPB,megacl,3,1,66,-0.5214554150604775,0.11431076413068246,0.7212398032424242
LOG_HPPB,megacl,3,2,66,-0.18630709625268604,-0.2158043607711825,0.7129728931969698
LOG_HPPB,megacl,3,3,66,-0.28671539441708327,0.08412570844533425,0.7238084969090909
LOG_HPPB,megacl,3,4,66,-0.11666269523015527,0.24820215221216482,0.6538557917727272
LOG_HPPB,megacl,4,0,66,-0.27030505375530645,0.25392186539182277,0.7025002877272728
LOG_HPPB,megacl,4,1,66,-0.36734465863010124,0.22853802879888818,0.7465078083181818
LOG_HPPB,megacl,4,2,66,-0.25286962020714765,0.20298719328100007,0.6699240909545454
LOG_HPPB,megacl,4,3,66,-0.14830046883627857,0.12769155299258306,0.6677656140757576
LOG_HPPB,megacl,4,4,66,-0.6997852553671693,-0.034485278002901285,0.8416910724030303
LOG_HPPB,moljepa,0,0,66,0.2381717403911605,0.5395317767935756,0.53418027328477
LOG_HPPB,moljepa,0,1,66,0.2958261257488446,0.5852477324996008,0.5116779367614868
LOG_HPPB,moljepa,0,2,66,0.2742732527027659,0.5264223611847244,0.5304559000182042
LOG_HPPB,moljepa,0,3,66,0.3370184514166389,0.5973551545587308,0.4895552707218541
LOG_HPPB,moljepa,0,4,66,0.30787851721188786,0.5824922502378677,0.49198737328368924
LOG_HPPB,moljepa,1,0,66,0.31230133992624887,0.5565656671388343,0.5278621624763004
LOG_HPPB,moljepa,1,1,66,0.34869452097291975,0.6338444196610743,0.4993802401323929
LOG_HPPB,moljepa,1,2,66,0.29973912449436924,0.6089198301117619,0.494327754737002
LOG_HPPB,moljepa,1,3,66,0.32590126204988434,0.5976474026773995,0.4887175180979367
LOG_HPPB,moljepa,1,4,66,0.2540705659931116,0.5516391988527055,0.515858047708059
LOG_HPPB,moljepa,2,0,66,0.3792317466092653,0.6636954774965155,0.4741625661892376
LOG_HPPB,moljepa,2,1,66,0.2541352062533817,0.5316828273207601,0.5322032425257134
LOG_HPPB,moljepa,2,2,66,0.3155777583456756,0.5769812857144017,0.5260092004672815
LOG_HPPB,moljepa,2,3,66,-0.07146670748727102,0.3700696176969939,0.6512095580108933
LOG_HPPB,moljepa,2,4,66,0.25596670606589766,0.5396152762560522,0.5311864658641954
LOG_HPPB,moljepa,3,0,66,0.2808205936466803,0.5800290160948034,0.5233942811350134
LOG_HPPB,moljepa,3,1,66,0.3210562388877459,0.6078760868308023,0.5083404325184819
LOG_HPPB,moljepa,3,2,66,0.31337032510375895,0.60871108145557,0.5094580300510355
LOG_HPPB,moljepa,3,3,66,0.26770660901320775,0.5611163878438176,0.507024679405929
LOG_HPPB,moljepa,3,4,66,0.3607291490461926,0.6155997871099025,0.48195635519853625
LOG_HPPB,moljepa,4,0,66,0.29403691967077195,0.578776524157652,0.5045181919772125
LOG_HPPB,moljepa,4,1,66,0.20699216984532898,0.5991921427332194,0.56156953259988
LOG_HPPB,moljepa,4,2,66,0.34941959759285157,0.5898402029358226,0.48473454934019194
LOG_HPPB,moljepa,4,3,66,0.25476325031453195,0.5308060829647543,0.515931053342807
LOG_HPPB,moljepa,4,4,66,0.2507620692169512,0.5122692022949138,0.5149317753201786
LOG_HPPB,monroe,0,0,66,0.5206221204949593,0.725839952444843,0.4278093765151272
LOG_HPPB,monroe,0,1,66,0.48900441464220024,0.7235645920923514,0.4472046276031761
LOG_HPPB,monroe,0,2,66,0.5224753307751073,0.7246083353733108,0.4183852845421289
LOG_HPPB,monroe,0,3,66,0.42596782297229674,0.6878268221522987,0.44400759938458834
LOG_HPPB,monroe,0,4,66,0.4882391975204018,0.7137116555200939,0.43310174476233704
LOG_HPPB,monroe,1,0,66,0.5582520566941382,0.753248651002839,0.41986151709873293
LOG_HPPB,monroe,1,1,66,0.47510230826572675,0.7266958219352297,0.42208270063882297
LOG_HPPB,monroe,1,2,66,0.4669761234311267,0.7046937135726039,0.43336970807699976
LOG_HPPB,monroe,1,3,66,0.4579919074637916,0.7011241115517225,0.44837545071183454
LOG_HPPB,monroe,1,4,66,0.3824128104372456,0.6717114258942842,0.4861481995914199
LOG_HPPB,monroe,2,0,66,0.5075015250705164,0.7433957144305816,0.429769885025114
LOG_HPPB,monroe,2,1,66,0.4924563544575089,0.7068438247313803,0.4307690627443289
LOG_HPPB,monroe,2,2,66,0.5008768687416979,0.7198071162808972,0.419568251027923
LOG_HPPB,monroe,2,3,66,0.488822079989654,0.6915842979637529,0.443708634500232
LOG_HPPB,monroe,2,4,66,0.4357820696179431,0.7031907232480222,0.44377348618626605
LOG_HPPB,monroe,3,0,66,0.5027813668360421,0.7296183031219163,0.4240010009494012
LOG_HPPB,monroe,3,1,66,0.48201297121126463,0.6934212861382415,0.4251529511251033
LOG_HPPB,monroe,3,2,66,0.4838889297232005,0.7276143160224742,0.42130817659620695
LOG_HPPB,monroe,3,3,66,0.4367913149504822,0.677953010714422,0.4487565713946989
LOG_HPPB,monroe,3,4,66,0.44884948392893587,0.6665344592207253,0.4764191678442869
LOG_HPPB,monroe,4,0,66,0.4658414275929471,0.7149641474572451,0.4476664173330205
LOG_HPPB,monroe,4,1,66,0.45743992379989196,0.7217276039178626,0.4276984377789979
LOG_HPPB,monroe,4,2,66,0.4683284029275103,0.7013119853422952,0.44470606314268263
LOG_HPPB,monroe,4,3,66,0.5017887679080832,0.7125426630454192,0.41994803799793473
LOG_HPPB,monroe,4,4,66,0.47861825569693606,0.6914590487700377,0.45697658378051675
LOG_HPPB,trimole,0,0,66,0.3094573804519788,0.5852477324996008,0.5056822065568504
LOG_HPPB,trimole,0,1,66,0.32546985197378686,0.6072080911309883,0.4886341649453234
LOG_HPPB,trimole,0,2,66,0.24763905400962705,0.542997004486361,0.5295710450126235
LOG_HPPB,trimole,0,3,66,0.24612958086416603,0.525837864947387,0.5279812916701195
LOG_HPPB,trimole,0,4,66,0.2870551978073481,0.5734325585591394,0.5013496839654866
LOG_HPPB,trimole,1,0,66,0.29673101382173495,0.5647486144615566,0.5234637154309089
LOG_HPPB,trimole,1,1,66,0.32664247240144473,0.5922199376164101,0.49082574713251526
LOG_HPPB,trimole,1,2,66,0.2840672946006322,0.5505537058405076,0.5110055907719654
LOG_HPPB,trimole,1,3,66,0.19690310999659466,0.5520149464338509,0.5335177414773639
LOG_HPPB,trimole,1,4,66,0.14457255253854195,0.5063198655934448,0.5477761350636133
LOG_HPPB,trimole,2,0,66,0.37094765027882337,0.6148482919476117,0.5070777556064213
LOG_HPPB,trimole,2,1,66,0.26517352189875043,0.5901324510544912,0.5055385662138615
LOG_HPPB,trimole,2,2,66,0.22379416400640473,0.5383001597220433,0.5319579894645502
LOG_HPPB,trimole,2,3,66,0.24771972738214454,0.5219133902109794,0.5350408337976084
LOG_HPPB,trimole,2,4,66,0.27520694444284344,0.5441659969610355,0.520744887059946
LOG_HPPB,trimole,3,0,66,0.23193688466032225,0.5534761870271941,0.5295154927286689
LOG_HPPB,trimole,3,1,66,0.2420909109723316,0.5513887004652752,0.5298680480268568
LOG_HPPB,trimole,3,2,66,0.29358061362749155,0.5717625693096042,0.5085837908113767
LOG_HPPB,trimole,3,3,66,0.1752957448071456,0.46563475250164416,0.5437712536834154
LOG_HPPB,trimole,3,4,66,0.2736229321265218,0.5748311745556252,0.5088991172069661
LOG_HPPB,trimole,4,0,66,0.21034209792593483,0.5687774635260602,0.5238497939620973
LOG_HPPB,trimole,4,1,66,0.27064459593840884,0.5282384744935938,0.5418130521046595
LOG_HPPB,trimole,4,2,66,0.3058075765767876,0.5692367105696823,0.5254565594981184
LOG_HPPB,trimole,4,3,66,0.17480787103915396,0.504253253897145,0.5486783141061473
LOG_HPPB,trimole,4,4,66,0.2226458727341981,0.5470258535508646,0.5108737467009661
LOG_MDR1_ER,chemeleon,0,0,804,0.5313879516955384,0.7592553464509941,0.3382711844069154
LOG_MDR1_ER,chemeleon,0,1,804,0.5022874201732609,0.7506212738662758,0.34668496843472635
LOG_MDR1_ER,chemeleon,0,2,804,0.5189604875348165,0.7541903271095309,0.34380333534278606
LOG_MDR1_ER,chemeleon,0,3,804,0.5152689765917713,0.7582244251619236,0.3365367595425622
LOG_MDR1_ER,chemeleon,0,4,804,0.5375927977722097,0.7731259930632336,0.3337221689233831
LOG_MDR1_ER,chemeleon,1,0,804,0.5182800357403221,0.7593340815087947,0.3387105553248757
LOG_MDR1_ER,chemeleon,1,1,804,0.5337456609162889,0.7711971226838819,0.3325858734782338
LOG_MDR1_ER,chemeleon,1,2,804,0.5171045362767921,0.7580168970975509,0.34427153589614423
LOG_MDR1_ER,chemeleon,1,3,804,0.512827388002286,0.7563031743042944,0.34163654786455216
LOG_MDR1_ER,chemeleon,1,4,804,0.5268224286485397,0.7604056864259723,0.3372397333591294
LOG_MDR1_ER,chemeleon,2,0,804,0.5198606828707683,0.7658854848226632,0.3453308368910696
LOG_MDR1_ER,chemeleon,2,1,804,0.5076583394589427,0.7501278982900061,0.3387394311834204
LOG_MDR1_ER,chemeleon,2,2,804,0.533768044888328,0.7585929791187007,0.3370297683187201
LOG_MDR1_ER,chemeleon,2,3,804,0.5017757865695271,0.759831012861868,0.33872489733279854
LOG_MDR1_ER,chemeleon,2,4,804,0.5200728146710752,0.7594103921733196,0.344866387249005
LOG_MDR1_ER,chemeleon,3,0,804,0.5193628460691306,0.7649796160476825,0.33718389389490044
LOG_MDR1_ER,chemeleon,3,1,804,0.5276926509310098,0.7588163003735527,0.3375608760481717
LOG_MDR1_ER,chemeleon,3,2,804,0.516972639494967,0.7552709600054769,0.34082885376666666
LOG_MDR1_ER,chemeleon,3,3,804,0.5136281362083199,0.7579526160415637,0.3421066947370647
LOG_MDR1_ER,chemeleon,3,4,804,0.5274004477167089,0.758829669170757,0.3392076138767413
LOG_MDR1_ER,chemeleon,4,0,804,0.522373085686896,0.7599977418508348,0.34258209293047265
LOG_MDR1_ER,chemeleon,4,1,804,0.5231504937741702,0.7666705495441506,0.33646630622266793
LOG_MDR1_ER,chemeleon,4,2,804,0.5223438696924213,0.7663511992261337,0.3361724682461443
LOG_MDR1_ER,chemeleon,4,3,804,0.5096469385334821,0.7560171882556387,0.344195973235653
LOG_MDR1_ER,chemeleon,4,4,804,0.5208764147518434,0.7568870143839252,0.33898442590032335
LOG_MDR1_ER,chemprop,0,0,804,0.5317667286868946,0.7632049832595643,0.3605007842594029
LOG_MDR1_ER,chemprop,0,1,804,0.5288590985298813,0.757516456146593,0.34934275831504974
LOG_MDR1_ER,chemprop,0,2,804,0.4969085169285836,0.7324760293887261,0.36396420592024875
LOG_MDR1_ER,chemprop,0,3,804,0.5216100652311901,0.7533315839219318,0.3571852049989677
LOG_MDR1_ER,chemprop,0,4,804,0.5259327743059505,0.7543901894732613,0.3515237585035447
LOG_MDR1_ER,chemprop,1,0,804,0.5244171338524573,0.7515593293481696,0.35332855325273627
LOG_MDR1_ER,chemprop,1,1,804,0.5273288751641815,0.7547527170810397,0.3556033083173508
LOG_MDR1_ER,chemprop,1,2,804,0.5309255271939141,0.7606747479006197,0.3541686909172202
LOG_MDR1_ER,chemprop,1,3,804,0.534749985262157,0.7609675684293661,0.3415477692130597
LOG_MDR1_ER,chemprop,1,4,804,0.5235657600824092,0.7581969487048025,0.35067859811592034
LOG_MDR1_ER,chemprop,2,0,804,0.5082992112645182,0.7499412892761813,0.35948784449998794
LOG_MDR1_ER,chemprop,2,1,804,0.5335682931166618,0.7622502110088004,0.3558080111499204
LOG_MDR1_ER,chemprop,2,2,804,0.5104944021288791,0.7433341941853582,0.36089949465621884
LOG_MDR1_ER,chemprop,2,3,804,0.5169801509825991,0.7417129908573821,0.35421672584801
LOG_MDR1_ER,chemprop,2,4,804,0.525794926889195,0.7645866103530136,0.36049174868370654
LOG_MDR1_ER,chemprop,3,0,804,0.5174000195015762,0.7541454411997468,0.36060016567394026
LOG_MDR1_ER,chemprop,3,1,804,0.5443986136931459,0.7671602352351866,0.34599230742686565
LOG_MDR1_ER,chemprop,3,2,804,0.5273332741172463,0.7592559467769481,0.35648157336815917
LOG_MDR1_ER,chemprop,3,3,804,0.5168310777514613,0.7496259103452441,0.35555197913644276
LOG_MDR1_ER,chemprop,3,4,804,0.5145878737286248,0.7450434838023399,0.36093877206824626
LOG_MDR1_ER,chemprop,4,0,804,0.5159085492847366,0.7523914042097395,0.3619290318446144
LOG_MDR1_ER,chemprop,4,1,804,0.5303340260406898,0.7566152052635656,0.3504178415344527
LOG_MDR1_ER,chemprop,4,2,804,0.5108235748560921,0.7415089031225146,0.3579694918950249
LOG_MDR1_ER,chemprop,4,3,804,0.5409446772451382,0.7658265836108012,0.3489001845930323
LOG_MDR1_ER,chemprop,4,4,804,0.527228201215497,0.7561545705412436,0.3526763688267413
LOG_MDR1_ER,chemprop_st,0,0,804,0.5317667286868946,0.7632049832595643,0.3605007842594029
LOG_MDR1_ER,chemprop_st,0,1,804,0.5288590985298813,0.757516456146593,0.34934275831504974
LOG_MDR1_ER,chemprop_st,0,2,804,0.4969085169285836,0.7324760293887261,0.36396420592024875
LOG_MDR1_ER,chemprop_st,0,3,804,0.5216100652311901,0.7533315839219318,0.3571852049989677
LOG_MDR1_ER,chemprop_st,0,4,804,0.5259327743059505,0.7543901894732613,0.3515237585035447
LOG_MDR1_ER,chemprop_st,1,0,804,0.5244171338524573,0.7515593293481696,0.35332855325273627
LOG_MDR1_ER,chemprop_st,1,1,804,0.5273288751641815,0.7547527170810397,0.3556033083173508
LOG_MDR1_ER,chemprop_st,1,2,804,0.5309255271939141,0.7606747479006197,0.3541686909172202
LOG_MDR1_ER,chemprop_st,1,3,804,0.534749985262157,0.7609675684293661,0.3415477692130597
LOG_MDR1_ER,chemprop_st,1,4,804,0.5235657600824092,0.7581969487048025,0.35067859811592034
LOG_MDR1_ER,chemprop_st,2,0,804,0.5082992112645182,0.7499412892761813,0.35948784449998794
LOG_MDR1_ER,chemprop_st,2,1,804,0.5335682931166618,0.7622502110088004,0.3558080111499204
LOG_MDR1_ER,chemprop_st,2,2,804,0.5104944021288791,0.7433341941853582,0.36089949465621884
LOG_MDR1_ER,chemprop_st,2,3,804,0.5169801509825991,0.7417129908573821,0.35421672584801
LOG_MDR1_ER,chemprop_st,2,4,804,0.525794926889195,0.7645866103530136,0.36049174868370654
LOG_MDR1_ER,chemprop_st,3,0,804,0.5174000195015762,0.7541454411997468,0.36060016567394026
LOG_MDR1_ER,chemprop_st,3,1,804,0.5443986136931459,0.7671602352351866,0.34599230742686565
LOG_MDR1_ER,chemprop_st,3,2,804,0.5273332741172463,0.7592559467769481,0.35648157336815917
LOG_MDR1_ER,chemprop_st,3,3,804,0.5168310777514613,0.7496259103452441,0.35555197913644276
LOG_MDR1_ER,chemprop_st,3,4,804,0.5145878737286248,0.7450434838023399,0.36093877206824626
LOG_MDR1_ER,chemprop_st,4,0,804,0.5159085492847366,0.7523914042097395,0.3619290318446144
LOG_MDR1_ER,chemprop_st,4,1,804,0.5303340260406898,0.7566152052635656,0.3504178415344527
LOG_MDR1_ER,chemprop_st,4,2,804,0.5108235748560921,0.7415089031225146,0.3579694918950249
LOG_MDR1_ER,chemprop_st,4,3,804,0.5409446772451382,0.7658265836108012,0.3489001845930323
LOG_MDR1_ER,chemprop_st,4,4,804,0.527228201215497,0.7561545705412436,0.3526763688267413
LOG_MDR1_ER,lgbm,0,0,804,0.4477198731243177,0.690424100792096,0.38475023360506644
LOG_MDR1_ER,lgbm,0,1,804,0.4450700925263913,0.683001666712653,0.39187502379133515
LOG_MDR1_ER,lgbm,0,2,804,0.4483308294622613,0.7004505330836747,0.38601858289866553
LOG_MDR1_ER,lgbm,0,3,804,0.452800042975237,0.698451239852038,0.38345937754850734
LOG_MDR1_ER,lgbm,0,4,804,0.4601808769574617,0.7036770772807681,0.3832182996066075
LOG_MDR1_ER,lgbm,1,0,804,0.43607006398601766,0.693068555723121,0.3897502516483936
LOG_MDR1_ER,lgbm,1,1,804,0.45640188157467143,0.697991990497302,0.38827432496929254
LOG_MDR1_ER,lgbm,1,2,804,0.45424627564271614,0.6977407003895578,0.38553083790780174
LOG_MDR1_ER,lgbm,1,3,804,0.45410965338299425,0.6979544701251829,0.38304977166678567
LOG_MDR1_ER,lgbm,1,4,804,0.44917519047985544,0.7078001621110969,0.3786758322229852
LOG_MDR1_ER,lgbm,2,0,804,0.4337982050539644,0.6862721963306,0.3875398684578887
LOG_MDR1_ER,lgbm,2,1,804,0.4225603218148106,0.6768061412421507,0.39191068062769996
LOG_MDR1_ER,lgbm,2,2,804,0.4589110384318489,0.7021238493223417,0.3847988145152987
LOG_MDR1_ER,lgbm,2,3,804,0.46501961917832313,0.7066750399053693,0.37943540858089064
LOG_MDR1_ER,lgbm,2,4,804,0.4430398631968767,0.6940246902520111,0.38775213157667904
LOG_MDR1_ER,lgbm,3,0,804,0.4405683173345214,0.6794486837333948,0.3878958491316317
LOG_MDR1_ER,lgbm,3,1,804,0.4499546394348848,0.6970741613821627,0.3834363877632284
LOG_MDR1_ER,lgbm,3,2,804,0.4491443551941795,0.6955063408851645,0.38994900334740773
LOG_MDR1_ER,lgbm,3,3,804,0.4530625575692262,0.7036622538475986,0.38164395041396604
LOG_MDR1_ER,lgbm,3,4,804,0.4493994834115955,0.7002047457844707,0.37750440874552516
LOG_MDR1_ER,lgbm,4,0,804,0.4349017776889661,0.6875481660561622,0.3876812148609148
LOG_MDR1_ER,lgbm,4,1,804,0.45058673420765016,0.7007345103493308,0.3784465424536024
LOG_MDR1_ER,lgbm,4,2,804,0.4488111338368357,0.6905474868797031,0.38894799668462476
LOG_MDR1_ER,lgbm,4,3,804,0.4709213120856931,0.7084998650998313,0.3780486788267575
LOG_MDR1_ER,lgbm,4,4,804,0.4398476507007242,0.6878822745096768,0.39221265749065193
LOG_MDR1_ER,megacl,0,0,804,0.3607451321165345,0.6363900045266885,0.4037193338842911
LOG_MDR1_ER,megacl,0,1,804,0.3237561567509004,0.6127191059853536,0.41737903178574626
LOG_MDR1_ER,megacl,0,2,804,0.2993122308623708,0.6025094086662361,0.4158554108143532
LOG_MDR1_ER,megacl,0,3,804,0.3050212651496601,0.5885159723069638,0.42806994572548135
LOG_MDR1_ER,megacl,0,4,804,0.2750082163207527,0.5973923687719213,0.4216725900971393
LOG_MDR1_ER,megacl,1,0,804,0.3060243589304732,0.6072337892077786,0.41927532085920394
LOG_MDR1_ER,megacl,1,1,804,0.29331951317214544,0.5889462443896942,0.4338654324085275
LOG_MDR1_ER,megacl,1,2,804,0.20917015422808216,0.5732576722522763,0.452244382572015
LOG_MDR1_ER,megacl,1,3,804,0.2806170759460158,0.5693030942993162,0.43567112616215176
LOG_MDR1_ER,megacl,1,4,804,0.35234721169707717,0.6480859011025332,0.40463855714595776
LOG_MDR1_ER,megacl,2,0,804,0.3407505209132209,0.627198298399173,0.419908442842811
LOG_MDR1_ER,megacl,2,1,804,0.2539436678536817,0.5728180720278006,0.44596738885634324
LOG_MDR1_ER,megacl,2,2,804,0.31376433881426435,0.6110337601381488,0.40960308420261193
LOG_MDR1_ER,megacl,2,3,804,0.34459763907977137,0.6244297336365288,0.41803518821592045
LOG_MDR1_ER,megacl,2,4,804,0.3393334441524999,0.6274290544600697,0.41368466060845777
LOG_MDR1_ER,megacl,3,0,804,0.3432324952685004,0.6224753494041361,0.42573555219657955
LOG_MDR1_ER,megacl,3,1,804,0.3388274949724186,0.6455456449180503,0.4063876266840796
LOG_MDR1_ER,megacl,3,2,804,0.28539040487795486,0.5975543413321764,0.4254870691284826
LOG_MDR1_ER,megacl,3,3,804,0.32765921796476416,0.5999349569918405,0.4324213380837065
LOG_MDR1_ER,megacl,3,4,804,0.3115824264056235,0.6078923698686706,0.418076016317301
LOG_MDR1_ER,megacl,4,0,804,0.32631858693183624,0.6067308545951662,0.42194675757661687
LOG_MDR1_ER,megacl,4,1,804,0.3505274559432894,0.63415261278595,0.4025465546421766
LOG_MDR1_ER,megacl,4,2,804,0.2948070198721784,0.5971827857456297,0.4201431761164179
LOG_MDR1_ER,megacl,4,3,804,0.3570297153153349,0.6385002657019584,0.40766490769473873
LOG_MDR1_ER,megacl,4,4,804,0.2441215169202986,0.5978765778326639,0.43627664172522396
LOG_MDR1_ER,moljepa,0,0,804,0.48538710546920216,0.7209127281969564,0.35944245000412084
LOG_MDR1_ER,moljepa,0,1,804,0.500011409270962,0.7316641316171262,0.3596106471178811
LOG_MDR1_ER,moljepa,0,2,804,0.49786806342336,0.7302710678956719,0.3563239253642244
LOG_MDR1_ER,moljepa,0,3,804,0.47840352564508903,0.7151433186731233,0.3682457152424511
LOG_MDR1_ER,moljepa,0,4,804,0.4854873974839834,0.7204166206753486,0.36349416972471776
LOG_MDR1_ER,moljepa,1,0,804,0.48754343662820954,0.718236190606679,0.3609784003175165
LOG_MDR1_ER,moljepa,1,1,804,0.5054784882579747,0.727605555545807,0.35487948447969636
LOG_MDR1_ER,moljepa,1,2,804,0.506043116774501,0.7333128818437562,0.35571926613873
LOG_MDR1_ER,moljepa,1,3,804,0.48567902064753044,0.7214319104118793,0.3591122296841992
LOG_MDR1_ER,moljepa,1,4,804,0.5064519208047225,0.7356378738675675,0.3537716677164102
LOG_MDR1_ER,moljepa,2,0,804,0.4858908454859705,0.7181635659638735,0.36213879017579914
LOG_MDR1_ER,moljepa,2,1,804,0.4970931572289301,0.7224985196770108,0.3570477219053151
LOG_MDR1_ER,moljepa,2,2,804,0.4971865957217637,0.7294844981348277,0.3594535910812086
LOG_MDR1_ER,moljepa,2,3,804,0.4830411616539012,0.7226714796184315,0.3600643551193575
LOG_MDR1_ER,moljepa,2,4,804,0.5031368756725795,0.729855237168581,0.356924469299745
LOG_MDR1_ER,moljepa,3,0,804,0.5045088446050341,0.7350219971554017,0.355930165576917
LOG_MDR1_ER,moljepa,3,1,804,0.5071815903961283,0.732372081778689,0.350551306747753
LOG_MDR1_ER,moljepa,3,2,804,0.48587417406513533,0.7180242062741246,0.3634400492324562
LOG_MDR1_ER,moljepa,3,3,804,0.4882260023258933,0.7277787989091478,0.3603340688282524
LOG_MDR1_ER,moljepa,3,4,804,0.4921191325025981,0.7202685941470829,0.3579268273368372
LOG_MDR1_ER,moljepa,4,0,804,0.48002619214118936,0.7151043708821175,0.36409807203275296
LOG_MDR1_ER,moljepa,4,1,804,0.4908977511727366,0.7253094535983249,0.3578472115070727
LOG_MDR1_ER,moljepa,4,2,804,0.49325153348426987,0.7231253953132022,0.3598385599190345
LOG_MDR1_ER,moljepa,4,3,804,0.5090674038773512,0.7359758689282471,0.3533931626632362
LOG_MDR1_ER,moljepa,4,4,804,0.49704755477586127,0.7330652954914021,0.35585546865691753
LOG_MDR1_ER,monroe,0,0,804,0.6429205757242447,0.8171484724994721,0.2911582472414075
LOG_MDR1_ER,monroe,0,1,804,0.6521238001619065,0.8216314296497064,0.2909513544351679
LOG_MDR1_ER,monroe,0,2,804,0.6418824444771432,0.8200756387612458,0.29250166667714517
LOG_MDR1_ER,monroe,0,3,804,0.6381873260775726,0.815442877196053,0.2962545929993627
LOG_MDR1_ER,monroe,0,4,804,0.642552893749325,0.8193756817884541,0.29345770235379504
LOG_MDR1_ER,monroe,1,0,804,0.6373798937201351,0.8160786454706964,0.2939144188100371
LOG_MDR1_ER,monroe,1,1,804,0.6294749808048077,0.8099793106895771,0.29813325393382856
LOG_MDR1_ER,monroe,1,2,804,0.6431618474264199,0.8183995286979472,0.29490673041316745
LOG_MDR1_ER,monroe,1,3,804,0.6504580797335775,0.8218833356557481,0.29150313569486225
LOG_MDR1_ER,monroe,1,4,804,0.6343870999834552,0.8125520075650305,0.2955573964686995
LOG_MDR1_ER,monroe,2,0,804,0.6324356843684,0.8156107144790884,0.29572341758651455
LOG_MDR1_ER,monroe,2,1,804,0.6319719707305615,0.8099065096229365,0.2949132005841102
LOG_MDR1_ER,monroe,2,2,804,0.6461626739858632,0.8217347780716168,0.2944389033645331
LOG_MDR1_ER,monroe,2,3,804,0.6333208698810604,0.8143480442823513,0.2944855779595801
LOG_MDR1_ER,monroe,2,4,804,0.6515106599435644,0.823024740009797,0.2919300540781152
LOG_MDR1_ER,monroe,3,0,804,0.6585499348326802,0.8222826447729331,0.28877154907877184
LOG_MDR1_ER,monroe,3,1,804,0.6345941391316048,0.812896409946893,0.29684039985169525
LOG_MDR1_ER,monroe,3,2,804,0.6395316193236542,0.8188034326176256,0.29625977294285055
LOG_MDR1_ER,monroe,3,3,804,0.6321233060458413,0.8138352966493384,0.29635580728317856
LOG_MDR1_ER,monroe,3,4,804,0.6415837017547554,0.8172594866220247,0.2957067241520907
LOG_MDR1_ER,monroe,4,0,804,0.6403233164906079,0.8164015053865978,0.29512322744071884
LOG_MDR1_ER,monroe,4,1,804,0.6402042781878066,0.8176303264353186,0.29369096832068553
LOG_MDR1_ER,monroe,4,2,804,0.6387350925927161,0.8168841212746166,0.29461551562518823
LOG_MDR1_ER,monroe,4,3,804,0.6531279761686792,0.822152466398775,0.2907358652369389
LOG_MDR1_ER,monroe,4,4,804,0.6361411760692767,0.8154820369198152,0.29576048714253084
LOG_MDR1_ER,trimole,0,0,804,0.5070571730997186,0.7381041082960315,0.34725288758475026
LOG_MDR1_ER,trimole,0,1,804,0.489659545597819,0.7274084702066888,0.3676083219636283
LOG_MDR1_ER,trimole,0,2,804,0.495813929967581,0.7294734529513582,0.36556780339968853
LOG_MDR1_ER,trimole,0,3,804,0.4884682299035653,0.7222074308577469,0.3646045856083442
LOG_MDR1_ER,trimole,0,4,804,0.4989080834475096,0.7285839776928111,0.3641337134453963
LOG_MDR1_ER,trimole,1,0,804,0.48221911189427036,0.7162041251397923,0.3691475442687459
LOG_MDR1_ER,trimole,1,1,804,0.5063959895906669,0.737236129324526,0.36196461719981365
LOG_MDR1_ER,trimole,1,2,804,0.49669700541492323,0.7234424629711447,0.36494686861218806
LOG_MDR1_ER,trimole,1,3,804,0.4955258385396516,0.7262304921483715,0.3657523958939342
LOG_MDR1_ER,trimole,1,4,804,0.5005370021019373,0.7323515079322106,0.3556285542344564
LOG_MDR1_ER,trimole,2,0,804,0.48475073396493196,0.7314333786540946,0.36499904852536436
LOG_MDR1_ER,trimole,2,1,804,0.5088079410165636,0.7293941175676039,0.3539003048751172
LOG_MDR1_ER,trimole,2,2,804,0.5092195548259646,0.7337759428840651,0.3613669264530914
LOG_MDR1_ER,trimole,2,3,804,0.47481052870957374,0.7115168031811734,0.3682956981167273
LOG_MDR1_ER,trimole,2,4,804,0.5026500819800156,0.7381052627690197,0.35772978295558483
LOG_MDR1_ER,trimole,3,0,804,0.496710000100697,0.7262087418772724,0.3587812520875706
LOG_MDR1_ER,trimole,3,1,804,0.49628515016101216,0.7316257831223205,0.36673054426439977
LOG_MDR1_ER,trimole,3,2,804,0.5045677302058049,0.7372472353546732,0.3627845409030258
LOG_MDR1_ER,trimole,3,3,804,0.489513960397849,0.7286120544758861,0.3604416076753818
LOG_MDR1_ER,trimole,3,4,804,0.49929789261899526,0.7288702639044439,0.3619658632796574
LOG_MDR1_ER,trimole,4,0,804,0.5149683711707687,0.737466261970009,0.3512879626132096
LOG_MDR1_ER,trimole,4,1,804,0.5035383212510023,0.7381030735309422,0.35547432325245854
LOG_MDR1_ER,trimole,4,2,804,0.5118140627121553,0.7316471639620635,0.3532266172838801
LOG_MDR1_ER,trimole,4,3,804,0.5032232173314282,0.7323654077869897,0.36139620945936235
LOG_MDR1_ER,trimole,4,4,804,0.49180577847255624,0.7226402427810517,0.3637181773832772
LOG_RLM,chemeleon,0,0,922,0.529518427440274,0.7354059120126084,0.3943586277885032
LOG_RLM,chemeleon,0,1,922,0.5143619415145743,0.7248873387117706,0.4019168727234273
LOG_RLM,chemeleon,0,2,922,0.5185859115813233,0.7278664395764886,0.401698143324295
LOG_RLM,chemeleon,0,3,922,0.5134236407650559,0.7281598264713497,0.4033085857234273
LOG_RLM,chemeleon,0,4,922,0.5046163034184983,0.7228010012589388,0.4074031389533622
LOG_RLM,chemeleon,1,0,922,0.5151698728472551,0.7255700541148721,0.40250788410737526
LOG_RLM,chemeleon,1,1,922,0.500092457807269,0.714363862222195,0.4084061668817787
LOG_RLM,chemeleon,1,2,922,0.516589261666452,0.7257977306194152,0.40162584457592193
LOG_RLM,chemeleon,1,3,922,0.5014374964471737,0.7211821090003373,0.4047227139685466
LOG_RLM,chemeleon,1,4,922,0.5243413542770707,0.7315003689583621,0.4029126669989153
LOG_RLM,chemeleon,2,0,922,0.49415039150267903,0.7140803123497388,0.41410504610737525
LOG_RLM,chemeleon,2,1,922,0.5021975305510407,0.7211997883643105,0.4116517102700651
LOG_RLM,chemeleon,2,2,922,0.5267022962762251,0.7356425061916685,0.3983248458362257
LOG_RLM,chemeleon,2,3,922,0.5034935220070701,0.7132404727312904,0.4094121141572668
LOG_RLM,chemeleon,2,4,922,0.5301476828046514,0.7418112922161573,0.3955429862982646
LOG_RLM,chemeleon,3,0,922,0.5211826527464927,0.7290229792199995,0.3987534858015185
LOG_RLM,chemeleon,3,1,922,0.5316868258650453,0.7382095246879101,0.39805547370390454
LOG_RLM,chemeleon,3,2,922,0.5035797341631696,0.718992015468693,0.4084706196106291
LOG_RLM,chemeleon,3,3,922,0.49622434875225996,0.7129239718982704,0.410430989829718
LOG_RLM,chemeleon,3,4,922,0.5002569355568117,0.7171278203585805,0.40732191826572667
LOG_RLM,chemeleon,4,0,922,0.5211586927811969,0.7275363553784183,0.39733651984056395
LOG_RLM,chemeleon,4,1,922,0.5033753881174892,0.7266125869589984,0.4125288206366594
LOG_RLM,chemeleon,4,2,922,0.5352500428118974,0.7385075925957696,0.3917515409295011
LOG_RLM,chemeleon,4,3,922,0.49892229927142884,0.7174744987860349,0.41031072771041216
LOG_RLM,chemeleon,4,4,922,0.5101879675305916,0.7232746875971652,0.4004837431550976
LOG_RLM,chemprop,0,0,922,0.46790437882398794,0.7005039036987804,0.4294664834088937
LOG_RLM,chemprop,0,1,922,0.4775686471644546,0.7054052154345674,0.4214054095737527
LOG_RLM,chemprop,0,2,922,0.4692453149788127,0.6993824908058359,0.4324246458731019
LOG_RLM,chemprop,0,3,922,0.46481775815829673,0.7027379726960334,0.4314788959013015
LOG_RLM,chemprop,0,4,922,0.47701470967448245,0.7074211921290127,0.4245759693611713
LOG_RLM,chemprop,1,0,922,0.46976582852191295,0.7028212502922507,0.43137638810520607
LOG_RLM,chemprop,1,1,922,0.45645669007517986,0.7010771860582418,0.42984197430911064
LOG_RLM,chemprop,1,2,922,0.4958620671843387,0.7172526218344204,0.41583855633731015
LOG_RLM,chemprop,1,3,922,0.4534834661969539,0.6982272535718334,0.4301168196475054
LOG_RLM,chemprop,1,4,922,0.47910537719359436,0.709275455529902,0.42700728516811287
LOG_RLM,chemprop,2,0,922,0.4469656601606321,0.68615862142512,0.4358987901203904
LOG_RLM,chemprop,2,1,922,0.48089704897403196,0.7088167392397905,0.4273826940379609
LOG_RLM,chemprop,2,2,922,0.4949449001539814,0.7225869540868399,0.4178661339663774
LOG_RLM,chemprop,2,3,922,0.4669161867690609,0.6984902253740559,0.42654266370607374
LOG_RLM,chemprop,2,4,922,0.48465389531797054,0.7123260356929371,0.4217480704913232
LOG_RLM,chemprop,3,0,922,0.4718112832578283,0.7012328929455941,0.4283167012093275
LOG_RLM,chemprop,3,1,922,0.46675991822423313,0.6996922447712663,0.43149515607266814
LOG_RLM,chemprop,3,2,922,0.4466162039512098,0.6836712567621691,0.43738696648698483
LOG_RLM,chemprop,3,3,922,0.47438578861155745,0.707362943779055,0.42348633808785247
LOG_RLM,chemprop,3,4,922,0.45542776669478946,0.6951554671175076,0.4338496226757049
LOG_RLM,chemprop,4,0,922,0.48205482762595164,0.7134252923017731,0.42401013584273317
LOG_RLM,chemprop,4,1,922,0.4877570515646177,0.715184004812136,0.4231325882874186
LOG_RLM,chemprop,4,2,922,0.4671627366645529,0.6940971138284695,0.43122737571258135
LOG_RLM,chemprop,4,3,922,0.47574153181605705,0.7081302851552767,0.4248580415455532
LOG_RLM,chemprop,4,4,922,0.44198585103250654,0.6792251371495885,0.4406092138427332
LOG_RLM,chemprop_st,0,0,922,0.4744513771619411,0.7008201900172933,0.4261265309143167
LOG_RLM,chemprop_st,0,1,922,0.4471490572049365,0.686262078707486,0.43195638623969634
LOG_RLM,chemprop_st,0,2,922,0.4747465906528623,0.6995313179064906,0.42668584009652927
LOG_RLM,chemprop_st,0,3,922,0.44646868423199315,0.70136294236563,0.4334157611854664
LOG_RLM,chemprop_st,0,4,922,0.47341239113011824,0.7039031848546242,0.42789035520498914
LOG_RLM,chemprop_st,1,0,922,0.4602563656641002,0.6947930678411628,0.43353389526355746
LOG_RLM,chemprop_st,1,1,922,0.4441123383060095,0.6832344362742645,0.433724418105206
LOG_RLM,chemprop_st,1,2,922,0.46308588892491853,0.6962962859121282,0.42887394844793925
LOG_RLM,chemprop_st,1,3,922,0.4346412894464847,0.6785029434159159,0.4399849319750542
LOG_RLM,chemprop_st,1,4,922,0.47801169047310343,0.7085588315121862,0.42394866781019525
LOG_RLM,chemprop_st,2,0,922,0.4464470766195089,0.6879214173723535,0.4358776225845987
LOG_RLM,chemprop_st,2,1,922,0.4485388109503883,0.6897257218767449,0.4377432142418656
LOG_RLM,chemprop_st,2,2,922,0.4854517296380959,0.7146675075072434,0.4200698246062906
LOG_RLM,chemprop_st,2,3,922,0.4509562353888098,0.6895084289812845,0.43180454209002167
LOG_RLM,chemprop_st,2,4,922,0.4668539628395829,0.699491525465391,0.42771639890563995
LOG_RLM,chemprop_st,3,0,922,0.46038187062315317,0.6889568712377399,0.4340296272657267
LOG_RLM,chemprop_st,3,1,922,0.46154039197987895,0.6978196683467774,0.4309473580639913
LOG_RLM,chemprop_st,3,2,922,0.4262078560985324,0.6703131855734552,0.44771758003362255
LOG_RLM,chemprop_st,3,3,922,0.45644030424260185,0.6946293702884144,0.4267870301334057
LOG_RLM,chemprop_st,3,4,922,0.45994621712774375,0.6968636614614071,0.4288962124284165
LOG_RLM,chemprop_st,4,0,922,0.46178776592186055,0.6976390241479543,0.43093637674728846
LOG_RLM,chemprop_st,4,1,922,0.47204441406588526,0.7023853874583966,0.4290114488232104
LOG_RLM,chemprop_st,4,2,922,0.4600650248291219,0.694383751177584,0.4290735784327549
LOG_RLM,chemprop_st,4,3,922,0.4831601653249551,0.7124613713633308,0.41607029369522774
LOG_RLM,chemprop_st,4,4,922,0.4419609960635076,0.6823149147892391,0.4387667364761388
LOG_RLM,lgbm,0,0,922,0.3835859967891162,0.6200573856749406,0.4735761944071587
LOG_RLM,lgbm,0,1,922,0.4160639606375369,0.6495921337594823,0.45730729529670083
LOG_RLM,lgbm,0,2,922,0.3906444592532148,0.6276937573784898,0.47019474241749126
LOG_RLM,lgbm,0,3,922,0.38477474888269514,0.6221517444380981,0.4712294799754204
LOG_RLM,lgbm,0,4,922,0.3937082903134421,0.6389302417840872,0.46813420732499333
LOG_RLM,lgbm,1,0,922,0.39854137686281377,0.6320148533394909,0.4656651875981922
LOG_RLM,lgbm,1,1,922,0.3912457188064612,0.6281924423180462,0.469799288487001
LOG_RLM,lgbm,1,2,922,0.3920366729851652,0.6262800531469176,0.4668803893254565
LOG_RLM,lgbm,1,3,922,0.3798596988502565,0.6245170503464091,0.4736660002064854
LOG_RLM,lgbm,1,4,922,0.38629939414950587,0.6236237276645576,0.4731034572810606
LOG_RLM,lgbm,2,0,922,0.3834321952739239,0.6240571312428106,0.4728873972658169
LOG_RLM,lgbm,2,1,922,0.3874182572202062,0.6268505314953196,0.4685055267895725
LOG_RLM,lgbm,2,2,922,0.36520950448233047,0.6083144478401307,0.4761060071140804
LOG_RLM,lgbm,2,3,922,0.3905200181339564,0.6284686144236985,0.46672628840343616
LOG_RLM,lgbm,2,4,922,0.3778589103752449,0.6178646566877326,0.47160298021665936
LOG_RLM,lgbm,3,0,922,0.3783785599467894,0.6229901743897843,0.4738374225405109
LOG_RLM,lgbm,3,1,922,0.4072364203627027,0.641285932845733,0.4646748820750999
LOG_RLM,lgbm,3,2,922,0.38828386735508336,0.6200861229576832,0.46969387388291783
LOG_RLM,lgbm,3,3,922,0.386572165406989,0.6259034193007686,0.4712842981157708
LOG_RLM,lgbm,3,4,922,0.4166517550722546,0.6480948148374669,0.4607850270048355
LOG_RLM,lgbm,4,0,922,0.38812990587995044,0.6233344012228698,0.4737852306385659
LOG_RLM,lgbm,4,1,922,0.38635906950676435,0.6249062486136985,0.4719893319090798
LOG_RLM,lgbm,4,2,922,0.382752244879215,0.617046460050822,0.475803537664755
LOG_RLM,lgbm,4,3,922,0.382778814188378,0.6226590252804102,0.4733192627150153
LOG_RLM,lgbm,4,4,922,0.39718260727564225,0.6320431309482891,0.45869741549155113
LOG_RLM,megacl,0,0,922,0.39918575720349214,0.6408229415879407,0.45851569398373104
LOG_RLM,megacl,0,1,922,0.33955624825119024,0.6107565039746521,0.47256599384924075
LOG_RLM,megacl,0,2,922,0.36501232905021286,0.626872113186998,0.4634941091659436
LOG_RLM,megacl,0,3,922,0.3841824954606715,0.6331187986225573,0.459661114729935
LOG_RLM,megacl,0,4,922,0.41063968929344885,0.6521618643319945,0.44975526171475055
LOG_RLM,megacl,1,0,922,0.35833770435383805,0.6189493722774684,0.4683467704197397
LOG_RLM,megacl,1,1,922,0.3696525832998375,0.6444910094214008,0.46973454901193057
LOG_RLM,megacl,1,2,922,0.41990096171224767,0.6509285897847381,0.44487879427223426
LOG_RLM,megacl,1,3,922,0.3448456281534522,0.6094372550773726,0.4713733306258134
LOG_RLM,megacl,1,4,922,0.3316619164732555,0.5962799158388418,0.4818667062635575
LOG_RLM,megacl,2,0,922,0.3890704314366006,0.6416420064000758,0.4573359866626897
LOG_RLM,megacl,2,1,922,0.36766072357370916,0.6233701485332609,0.4698520206106291
LOG_RLM,megacl,2,2,922,0.3903574472943053,0.6370912625418411,0.46184752863449025
LOG_RLM,megacl,2,3,922,0.35957235611931404,0.6144279121054396,0.46624149631561823
LOG_RLM,megacl,2,4,922,0.40397706447690485,0.6490305271182026,0.4563431844848156
LOG_RLM,megacl,3,0,922,0.3397575587382884,0.6173713805782527,0.4696576664609544
LOG_RLM,megacl,3,1,922,0.37817046416435995,0.6233183969083806,0.4664402132028199
LOG_RLM,megacl,3,2,922,0.3628376128284644,0.6258682542440402,0.46825520909002166
LOG_RLM,megacl,3,3,922,0.33893419845499784,0.6033998745110548,0.4763563378318872
LOG_RLM,megacl,3,4,922,0.3722676316842968,0.627660997948736,0.46701266529175706
LOG_RLM,megacl,4,0,922,0.381914281258002,0.6366132859134693,0.4573926557299349
LOG_RLM,megacl,4,1,922,0.3448773368490168,0.6029430735290442,0.47925946720065077
LOG_RLM,megacl,4,2,922,0.3466666980147982,0.6157622253425277,0.46844975218112794
LOG_RLM,megacl,4,3,922,0.39818660490165136,0.6440693198674916,0.45377548965184383
LOG_RLM,megacl,4,4,922,0.4064132581224065,0.6518019932623428,0.44981932699891536
LOG_RLM,moljepa,0,0,922,0.4564403089333735,0.6784561103022383,0.43370454669688746
LOG_RLM,moljepa,0,1,922,0.4636966946310471,0.6827030380505031,0.43304775234300086
LOG_RLM,moljepa,0,2,922,0.46152538876455573,0.6815439318808274,0.43247778407775195
LOG_RLM,moljepa,0,3,922,0.4699042728046191,0.688809254860076,0.4331149799963683
LOG_RLM,moljepa,0,4,922,0.45717529970337634,0.6798002635536852,0.43492020540150483
LOG_RLM,moljepa,1,0,922,0.4536607264395377,0.6739710819478774,0.43629761635486264
LOG_RLM,moljepa,1,1,922,0.46306883037685886,0.6839110226914438,0.43237442666518594
LOG_RLM,moljepa,1,2,922,0.4585127125859809,0.6824905563796902,0.4348533083993175
LOG_RLM,moljepa,1,3,922,0.462455319912766,0.6847968476479164,0.4332529576465857
LOG_RLM,moljepa,1,4,922,0.45826521384161467,0.6780085003281983,0.4351006008464835
LOG_RLM,moljepa,2,0,922,0.4491875213725097,0.6709578731870826,0.44075970161656297
LOG_RLM,moljepa,2,1,922,0.45496158222450067,0.6768963676586058,0.4375670348780445
LOG_RLM,moljepa,2,2,922,0.4637556491258845,0.6822942651562706,0.4328534129698983
LOG_RLM,moljepa,2,3,922,0.46265984840972674,0.6815270439157902,0.4303223806759573
LOG_RLM,moljepa,2,4,922,0.45378331958347085,0.6763814741402178,0.43507069847670693
LOG_RLM,moljepa,3,0,922,0.453488953447034,0.6727858483314253,0.4375881623714658
LOG_RLM,moljepa,3,1,922,0.4621078709732772,0.6817556984503287,0.4349994121732173
LOG_RLM,moljepa,3,2,922,0.4549106816695768,0.6750287329134504,0.43582292410843726
LOG_RLM,moljepa,3,3,922,0.4636742237290743,0.684704279597229,0.4287610211154538
LOG_RLM,moljepa,3,4,922,0.45992623468390426,0.6800574713632848,0.43490847752946066
LOG_RLM,moljepa,4,0,922,0.467964106853084,0.6860099731585971,0.42635516699538356
LOG_RLM,moljepa,4,1,922,0.4645751430922852,0.6815180369150089,0.4359630702935035
LOG_RLM,moljepa,4,2,922,0.456824703866608,0.6795056508560012,0.4353923908518508
LOG_RLM,moljepa,4,3,922,0.45619855541726984,0.6760677365251246,0.4370512149979902
LOG_RLM,moljepa,4,4,922,0.45396299396058504,0.6781314655791741,0.4346181818984795
LOG_RLM,monroe,0,0,922,0.5720134595172524,0.7625992036053085,0.3721013939304141
LOG_RLM,monroe,0,1,922,0.5604748407665897,0.7526847031569583,0.378103022085917
LOG_RLM,monroe,0,2,922,0.5725433789023359,0.7623706613815037,0.3724544078331586
LOG_RLM,monroe,0,3,922,0.5724054133595287,0.7607483188079088,0.3753576837070716
LOG_RLM,monroe,0,4,922,0.5691018240582559,0.7624162610367645,0.3746129343320578
LOG_RLM,monroe,1,0,922,0.5787037439546808,0.7643795361135118,0.37031096402609903
LOG_RLM,monroe,1,1,922,0.5679699069703498,0.7589071944205901,0.37210256087316285
LOG_RLM,monroe,1,2,922,0.5743996478989527,0.7654095505038924,0.3735851488109095
LOG_RLM,monroe,1,3,922,0.5612949528274029,0.7572872421515048,0.3775991949308384
LOG_RLM,monroe,1,4,922,0.5635917690219612,0.7555069173045339,0.37716722026739197
LOG_RLM,monroe,2,0,922,0.5522755236239827,0.7489569696455463,0.3841660115732043
LOG_RLM,monroe,2,1,922,0.571976833255424,0.7608572232265131,0.37186697602117647
LOG_RLM,monroe,2,2,922,0.5654903498709832,0.75829660952056,0.3798598497588808
LOG_RLM,monroe,2,3,922,0.5570580252537929,0.751022989510046,0.37855066867055426
LOG_RLM,monroe,2,4,922,0.569438781472483,0.7611797687718991,0.37341870760027773
LOG_RLM,monroe,3,0,922,0.5634890461744724,0.7581966304377048,0.37778052545507324
LOG_RLM,monroe,3,1,922,0.5738060228863615,0.7636863324832511,0.37353248647123133
LOG_RLM,monroe,3,2,922,0.5676898193002207,0.7561856948341804,0.37739119397624366
LOG_RLM,monroe,3,3,922,0.565533801638207,0.7592128009811336,0.3738130777832495
LOG_RLM,monroe,3,4,922,0.5772861621112402,0.7663407273350455,0.369767850520431
LOG_RLM,monroe,4,0,922,0.5671894886312996,0.7594406153878602,0.3738708007061787
LOG_RLM,monroe,4,1,922,0.5795945306405756,0.7652997803660264,0.37330606168285513
LOG_RLM,monroe,4,2,922,0.571603751391931,0.7637239491343484,0.37259829578013287
LOG_RLM,monroe,4,3,922,0.5707486345268757,0.7609865601519354,0.37313415500331293
LOG_RLM,monroe,4,4,922,0.569755793027102,0.7597827890106618,0.37179191126854166
LOG_RLM,trimole,0,0,922,0.4841551372384474,0.7010042434645357,0.4270439801246264
LOG_RLM,trimole,0,1,922,0.4822968142581422,0.6989400239896505,0.4213911425481747
LOG_RLM,trimole,0,2,922,0.49390867097612023,0.70699190263256,0.4230123518580364
LOG_RLM,trimole,0,3,922,0.486967483505633,0.7080772924107471,0.4220686940118052
LOG_RLM,trimole,0,4,922,0.48211963458256546,0.6980027947848991,0.425547655580107
LOG_RLM,trimole,1,0,922,0.4649607846924556,0.6851379613995031,0.4354522040763776
LOG_RLM,trimole,1,1,922,0.48169292481160253,0.701177831668316,0.42289764353756376
LOG_RLM,trimole,1,2,922,0.47444501287776264,0.6932432311710269,0.42531866119547035
LOG_RLM,trimole,1,3,922,0.4532122126972048,0.6813972114542389,0.4343982528448483
LOG_RLM,trimole,1,4,922,0.4869411529146416,0.6972359437275513,0.4209301378023659
LOG_RLM,trimole,2,0,922,0.46418860939604445,0.6855353571854634,0.43388224062207953
LOG_RLM,trimole,2,1,922,0.48462269827809756,0.7013861558998101,0.4231578899473865
LOG_RLM,trimole,2,2,922,0.4836759090579267,0.699645968249397,0.42340689385157165
LOG_RLM,trimole,2,3,922,0.4695744544504603,0.6883670865836831,0.4279661097435301
LOG_RLM,trimole,2,4,922,0.4829032008865881,0.7041126889159084,0.42274043254266713
LOG_RLM,trimole,3,0,922,0.4665023869465331,0.6945139538222678,0.42817236366853406
LOG_RLM,trimole,3,1,922,0.4957136368074536,0.7110725814595319,0.4207837146745817
LOG_RLM,trimole,3,2,922,0.4846029045115676,0.7021973118641428,0.4233836519976605
LOG_RLM,trimole,3,3,922,0.48131940661741957,0.6991491756342442,0.4216902549292792
LOG_RLM,trimole,3,4,922,0.4780954601743761,0.6966718625082056,0.42858831083650906
LOG_RLM,trimole,4,0,922,0.47698602843060256,0.6944284621298862,0.4231896759614969
LOG_RLM,trimole,4,1,922,0.48058520867385424,0.6934003860313036,0.4263908390200297
LOG_RLM,trimole,4,2,922,0.4791568861902298,0.7009979229478036,0.4295093326317325
LOG_RLM,trimole,4,3,922,0.47591882268846364,0.6971736655693498,0.4257619101549688
LOG_RLM,trimole,4,4,922,0.46826098058005694,0.6915040880950366,0.42678816878479847
LOG_RPPB,chemeleon,0,0,59,0.20528923123649445,0.5138298339215056,0.5454934483559323
LOG_RPPB,chemeleon,0,1,59,0.20547677501203898,0.5462967022310543,0.534888258059322
LOG_RPPB,chemeleon,0,2,59,0.11892135341684928,0.47122254859718354,0.5597694805932205
LOG_RPPB,chemeleon,0,3,59,0.06727072361147657,0.5191776619148877,0.5907017929322034
LOG_RPPB,chemeleon,0,4,59,0.12852687815127073,0.5096801531834716,0.5664408744745763
LOG_RPPB,chemeleon,1,0,59,0.1917606883909092,0.4966758719973787,0.5376264641355932
LOG_RPPB,chemeleon,1,1,59,0.10965723536612704,0.5009132220467798,0.5628492938135593
LOG_RPPB,chemeleon,1,2,59,0.24153611096780558,0.5352795921026117,0.5456136885169491
LOG_RPPB,chemeleon,1,3,59,0.1422218548712978,0.5098262687024164,0.5407143162830509
LOG_RPPB,chemeleon,1,4,59,0.19817956529036707,0.5391662649065451,0.5294158707627119
LOG_RPPB,chemeleon,2,0,59,0.2366693875761675,0.5586580751337896,0.5379833967559322
LOG_RPPB,chemeleon,2,1,59,0.16870318157348319,0.5094755914569489,0.539984157559322
LOG_RPPB,chemeleon,2,2,59,0.14285392844378153,0.4639167726499404,0.5679514225084747
LOG_RPPB,chemeleon,2,3,59,0.12000195496815713,0.46441356541435297,0.5602637531186441
LOG_RPPB,chemeleon,2,4,59,0.055577690551843806,0.4464998027917127,0.605266546644068
LOG_RPPB,chemeleon,3,0,59,0.15504542006973687,0.5164014670549352,0.5461675299491526
LOG_RPPB,chemeleon,3,1,59,0.12910509443140072,0.5010301144619357,0.5523030734915254
LOG_RPPB,chemeleon,3,2,59,0.1529666333710099,0.5344028989889424,0.5574086417118645
LOG_RPPB,chemeleon,3,3,59,0.2041493909394454,0.5064363886628956,0.5267644937118644
LOG_RPPB,chemeleon,3,4,59,0.08860646394210381,0.49053902020169443,0.5850186740762711
LOG_RPPB,chemeleon,4,0,59,0.15265897331743417,0.5120764476941673,0.5398145864796611
LOG_RPPB,chemeleon,4,1,59,0.2807288064849228,0.5820073350611787,0.5046977366949152
LOG_RPPB,chemeleon,4,2,59,0.21478458544209555,0.5266295533810756,0.5496202407864407
LOG_RPPB,chemeleon,4,3,59,0.03155202358003362,0.480310933875554,0.5930285109661017
LOG_RPPB,chemeleon,4,4,59,0.10988889289556769,0.5298733179016516,0.5547410021694916
LOG_RPPB,chemprop,0,0,59,0.1502411794826174,0.437674425447443,0.5535963825254238
LOG_RPPB,chemprop,0,1,59,0.10558326193084921,0.4646765733484537,0.5615938658728814
LOG_RPPB,chemprop,0,2,59,0.03985493664031503,0.43814199510806656,0.5694139731186442
LOG_RPPB,chemprop,0,3,59,0.11608198538528214,0.48092461905512246,0.5714407949779661
LOG_RPPB,chemprop,0,4,59,0.1467398694572838,0.48200587389531446,0.5773947212711865
LOG_RPPB,chemprop,1,0,59,0.06772906234343246,0.35342421722383494,0.5819650723898306
LOG_RPPB,chemprop,1,1,59,0.07806383740172262,0.42686187704552314,0.5627862394576271
LOG_RPPB,chemprop,1,2,59,0.15875122073463654,0.4424670144688346,0.5596787545593219
LOG_RPPB,chemprop,1,3,59,0.1904885719190309,0.4972311109693691,0.5428516837627119
LOG_RPPB,chemprop,1,4,59,-0.017538583834836752,0.4744663131177595,0.627089604423729
LOG_RPPB,chemprop,2,0,59,0.01613369929637065,0.38977775833731687,0.5924942920508474
LOG_RPPB,chemprop,2,1,59,0.06554238297317516,0.4368561785413518,0.5668269312033899
LOG_RPPB,chemprop,2,2,59,0.1532476290855923,0.4263943073848996,0.5569871806440678
LOG_RPPB,chemprop,2,3,59,0.1012642520476702,0.43402153747382144,0.5923486213898306
LOG_RPPB,chemprop,2,4,59,0.16298462832061122,0.4927599760896564,0.5592729771186442
LOG_RPPB,chemprop,3,0,59,0.11193603791730877,0.5003287599710002,0.5827975115932202
LOG_RPPB,chemprop,3,1,59,0.18733946708386828,0.5148234194503307,0.5418826749661017
LOG_RPPB,chemprop,3,2,59,0.01607739925288698,0.43232659745406105,0.6076257377932205
LOG_RPPB,chemprop,3,3,59,0.1589379110018726,0.42557606047880836,0.5690953633898305
LOG_RPPB,chemprop,3,4,59,0.13566171619196532,0.40976636132897415,0.556663258059322
LOG_RPPB,chemprop,4,0,59,0.1071489968707795,0.44530165553636486,0.5791254912135595
LOG_RPPB,chemprop,4,1,59,0.08152370678264986,0.44413273138480597,0.5940402079999999
LOG_RPPB,chemprop,4,2,59,0.1735708890986153,0.4903344584751717,0.5486898698983051
LOG_RPPB,chemprop,4,3,59,0.1431063256244023,0.46777422235008487,0.5528589960677966
LOG_RPPB,chemprop,4,4,59,0.13955612042183074,0.5087450138622244,0.5596779908898304
LOG_RPPB,chemprop_st,0,0,59,-0.10357875785644488,0.15669428251647122,0.6439648488813561
LOG_RPPB,chemprop_st,0,1,59,0.02252615829894955,0.30783617531303764,0.6450717609830509
LOG_RPPB,chemprop_st,0,2,59,-0.060513940795989374,0.21914405531350573,0.6302913435254237
LOG_RPPB,chemprop_st,0,3,59,-0.03947008274230712,0.20900363829873222,0.6233702206440679
LOG_RPPB,chemprop_st,0,4,59,0.04570748581096029,0.2599395082029115,0.63152596579661
LOG_RPPB,chemprop_st,1,0,59,0.031372207997859225,0.22308917432501701,0.6329598721355932
LOG_RPPB,chemprop_st,1,1,59,-0.05734497226735025,0.1566066132051043,0.6350011104406779
LOG_RPPB,chemprop_st,1,2,59,-0.0032111939492960317,0.2371162641437239,0.6220282885254237
LOG_RPPB,chemprop_st,1,3,59,0.038228538555409974,0.2943935475701102,0.6174781587118644
LOG_RPPB,chemprop_st,1,4,59,0.017777127735354226,0.19342772397920982,0.6268115093559322
LOG_RPPB,chemprop_st,2,0,59,0.01803030791523974,0.40073642225818157,0.6492219257288135
LOG_RPPB,chemprop_st,2,1,59,0.027124401656033248,0.2286707871487108,0.6265575191186441
LOG_RPPB,chemprop_st,2,2,59,-0.015398537935268575,0.23054106579120504,0.6232379477118645
LOG_RPPB,chemprop_st,2,3,59,0.028669762396694498,0.211370709705639,0.6310835610847458
LOG_RPPB,chemprop_st,2,4,59,-0.0031660534397748297,0.2511725770662197,0.6190822899661017
LOG_RPPB,chemprop_st,3,0,59,0.018475761419505132,0.21923172462487264,0.6294811124406778
LOG_RPPB,chemprop_st,3,1,59,0.02868993157512345,0.25453323400195155,0.6156122891864405
LOG_RPPB,chemprop_st,3,2,59,0.005533207953131947,0.40514911093031647,0.6539123239661018
LOG_RPPB,chemprop_st,3,3,59,0.06087828978623566,0.29220181478593726,0.6293526322033898
LOG_RPPB,chemprop_st,3,4,59,-0.017071383358549852,0.21832580840741445,0.6329534820677966
LOG_RPPB,chemprop_st,4,0,59,-0.038598286935566994,0.2097634389972455,0.6300719545423729
LOG_RPPB,chemprop_st,4,1,59,-0.02044425182140497,0.23705781793614594,0.6222769739135594
LOG_RPPB,chemprop_st,4,2,59,0.03242223706668945,0.27098584143514315,0.6117604108135593
LOG_RPPB,chemprop_st,4,3,59,-0.05374102303488426,0.2089159689873653,0.625778323710678
LOG_RPPB,chemprop_st,4,4,59,-0.09607542113464107,0.19190812258218323,0.6337458475762712
LOG_RPPB,lgbm,0,0,59,0.0618857275245871,0.37899289891435006,0.5977676029282131
LOG_RPPB,lgbm,0,1,59,-0.03755641016920097,0.3496938790793702,0.5894406299265637
LOG_RPPB,lgbm,0,2,59,0.1643966869307557,0.47585370491804996,0.562496692481289
LOG_RPPB,lgbm,0,3,59,0.20930060683044638,0.5150580848084761,0.524737061155549
LOG_RPPB,lgbm,0,4,59,0.15450273596926345,0.47260984560183655,0.5222391089756562
LOG_RPPB,lgbm,1,0,59,0.08833746176196045,0.441866241992318,0.5692926847513509
LOG_RPPB,lgbm,1,1,59,0.1182178730928839,0.43453102858358306,0.5507978573884592
LOG_RPPB,lgbm,1,2,59,0.10573545106870652,0.4747139705637047,0.5305167206678274
LOG_RPPB,lgbm,1,3,59,0.24435106916623983,0.5279015737664837,0.5287895346871383
LOG_RPPB,lgbm,1,4,59,0.13833889625365314,0.49224834524593947,0.5282754029896044
LOG_RPPB,lgbm,2,0,59,0.08700897965389476,0.4316378567610144,0.5371712928409901
LOG_RPPB,lgbm,2,1,59,0.031218803037204812,0.4278679662043338,0.5442323869369919
LOG_RPPB,lgbm,2,2,59,0.1248489214877756,0.48950129321238933,0.5825649259553546
LOG_RPPB,lgbm,2,3,59,0.07893975809948839,0.375584523304767,0.5745940975506729
LOG_RPPB,lgbm,2,4,59,0.1455474920387657,0.4894428452967819,0.5648200404552096
LOG_RPPB,lgbm,3,0,59,0.1099882015340552,0.456747910651531,0.5655020418097625
LOG_RPPB,lgbm,3,1,59,0.20948875586975657,0.4925113608661731,0.5365205655435914
LOG_RPPB,lgbm,3,2,59,0.11451842909324705,0.4170551018169557,0.5589177673316114
LOG_RPPB,lgbm,3,3,59,0.00991912219205282,0.4242734193944757,0.569171896273458
LOG_RPPB,lgbm,3,4,59,0.16584073512263842,0.4724345018550141,0.5526564647292564
LOG_RPPB,lgbm,4,0,59,0.12775789293050632,0.4700381373151087,0.5357773114578239
LOG_RPPB,lgbm,4,1,59,0.01688561725187654,0.45878691356067464,0.5648350183352723
LOG_RPPB,lgbm,4,2,59,0.20218071066202792,0.5154813916999006,0.5490990069502146
LOG_RPPB,lgbm,4,3,59,0.1570814814487479,0.45180898961370974,0.5503140221597252
LOG_RPPB,lgbm,4,4,59,0.12105404386721885,0.4389730701697493,0.5572507451846204
LOG_RPPB,megacl,0,0,59,-0.533602943314978,0.08463010857286472,0.7353864652474575
LOG_RPPB,megacl,0,1,59,-0.48354496565382155,0.1512587852117223,0.6964327112203391
LOG_RPPB,megacl,0,2,59,-0.502949293274505,0.07726588641804362,0.7560619081355934
LOG_RPPB,megacl,0,3,59,-0.20939732251350485,0.09722526630591193,0.6680098517288136
LOG_RPPB,megacl,0,4,59,-0.35792230302787154,0.05645903652029511,0.6883569616949153
LOG_RPPB,megacl,1,0,59,-1.1819426198451404,0.10774558366994207,0.8945015207966104
LOG_RPPB,megacl,1,1,59,-0.3971996999291245,-0.17487105307321218,0.7312026700338982
LOG_RPPB,megacl,1,2,59,-0.34628632042137775,0.2168938763217548,0.6810596241355932
LOG_RPPB,megacl,1,3,59,-0.6118283366657893,-0.02086529610532645,0.745314955457627
LOG_RPPB,megacl,1,4,59,-0.23043162930533367,0.14132292992347162,0.6474872268813558
LOG_RPPB,megacl,2,0,59,-0.1546904664945985,-0.018995017462832203,0.6945054774915252
LOG_RPPB,megacl,2,1,59,-0.5286669823556298,0.07174271980192778,0.7605744491864406
LOG_RPPB,megacl,2,2,59,-0.37501637516689823,0.2033635792674605,0.6415700258644068
LOG_RPPB,megacl,2,3,59,-1.2477552359855775,0.17180262717537007,0.7938012759152543
LOG_RPPB,megacl,2,4,59,-0.23191954195975395,0.21803357736952475,0.6552998965084745
LOG_RPPB,megacl,3,0,59,-0.7281532651185971,0.1209544265825577,0.7438346806271187
LOG_RPPB,megacl,3,1,59,-0.3045834444094415,0.14705065826611025,0.6570927788135592
LOG_RPPB,megacl,3,2,59,-0.4209461932272238,-0.17627376205508288,0.7242827793559323
LOG_RPPB,megacl,3,3,59,-0.011384607180771278,0.35485614930949455,0.5872858967966104
LOG_RPPB,megacl,3,4,59,-0.3008504370981917,0.19319393914889801,0.6740882891813559
LOG_RPPB,megacl,4,0,59,-0.28645415066323676,0.356521866225466,0.6536177501694914
LOG_RPPB,megacl,4,1,59,-0.0032269630571302166,0.36958459361913676,0.5602208923050848
LOG_RPPB,megacl,4,2,59,-0.45661451077111637,0.1011996084212122,0.7134374425932204
LOG_RPPB,megacl,4,3,59,-0.4097697054878877,0.22279694328712726,0.6834844233050847
LOG_RPPB,megacl,4,4,59,-0.32238180962113394,0.009292947004893295,0.7097373020677966
LOG_RPPB,moljepa,0,0,59,0.3174135037603605,0.5974955800693343,0.5025317267345579
LOG_RPPB,moljepa,0,1,59,0.20680402664958142,0.519908239509612,0.5278545181674807
LOG_RPPB,moljepa,0,2,59,0.22499991507949058,0.5498326977895199,0.535752592895
LOG_RPPB,moljepa,0,3,59,0.2711524470890153,0.5851049840628099,0.5513368967100349
LOG_RPPB,moljepa,0,4,59,0.25842679377838595,0.5473779570712463,0.5137321037553332
LOG_RPPB,moljepa,1,0,59,0.21111869621810642,0.49775712683757073,0.5235793047129816
LOG_RPPB,moljepa,1,1,59,0.19072855342503015,0.5242040357665909,0.5591012229387853
LOG_RPPB,moljepa,1,2,59,0.29001235215353705,0.5765426146526409,0.5035155256558265
LOG_RPPB,moljepa,1,3,59,0.35186088703793283,0.6237963734794096,0.5005501704285076
LOG_RPPB,moljepa,1,4,59,0.11120836973666959,0.4100001461592859,0.6024626250985422
LOG_RPPB,moljepa,2,0,59,0.43596744865457626,0.6823302503687219,0.44542516680338035
LOG_RPPB,moljepa,2,1,59,0.13719088982454242,0.46146203193166674,0.5521996209593415
LOG_RPPB,moljepa,2,2,59,0.21599620622025284,0.5231227809263989,0.5465928317884731
LOG_RPPB,moljepa,2,3,59,-0.19183480614169657,0.20616899723120186,0.6633859024319646
LOG_RPPB,moljepa,2,4,59,0.329120569010503,0.594573269690437,0.5205245243321944
LOG_RPPB,moljepa,3,0,59,0.11463815533019062,0.4625432867718587,0.58349285673073
LOG_RPPB,moljepa,3,1,59,0.1647893189526426,0.4875290405114303,0.594346907460455
LOG_RPPB,moljepa,3,2,59,0.35643848412984014,0.6323295197857897,0.4930289493665774
LOG_RPPB,moljepa,3,3,59,0.3473168566025987,0.5991905200890947,0.485008553236804
LOG_RPPB,moljepa,3,4,59,0.2631430400732009,0.5532518009328298,0.5176117227030015
LOG_RPPB,moljepa,4,0,59,0.19116028360068815,0.48530808462346836,0.5755379848511268
LOG_RPPB,moljepa,4,1,59,0.30608997775568747,0.5908619355092376,0.5077567339422673
LOG_RPPB,moljepa,4,2,59,0.2618059631013684,0.5560572188965711,0.5140162419136705
LOG_RPPB,moljepa,4,3,59,0.08556092424411688,0.4434313768938706,0.5598797350386358
LOG_RPPB,moljepa,4,4,59,0.26049613721112397,0.5644734727877952,0.5122297571087603
LOG_RPPB,monroe,0,0,59,0.4302443142381097,0.6583088590541863,0.46989249930902416
LOG_RPPB,monroe,0,1,59,0.4067479608516724,0.6814243341512637,0.46280468299494626
LOG_RPPB,monroe,0,2,59,0.44415968474483547,0.7145341107441697,0.4283285930376601
LOG_RPPB,monroe,0,3,59,0.3973143774842275,0.7119040314031622,0.4397360931447997
LOG_RPPB,monroe,0,4,59,0.41954906929474345,0.7181869987177912,0.43938450428246556
LOG_RPPB,monroe,1,0,59,0.372667055953145,0.6624585397922205,0.4565673900662879
LOG_RPPB,monroe,1,1,59,0.40092767818840824,0.7123716010637857,0.4286748230379425
LOG_RPPB,monroe,1,2,59,0.4264498449390355,0.7186545683784148,0.4326011237285102
LOG_RPPB,monroe,1,3,59,0.35314366104558914,0.6465903944348084,0.46472873396236924
LOG_RPPB,monroe,1,4,59,0.4736609759618081,0.7303730329977928,0.4220262702753377
LOG_RPPB,monroe,2,0,59,0.41873631506941245,0.7293794474689678,0.40805481076332006
LOG_RPPB,monroe,2,1,59,0.4922109370760712,0.7655576499597159,0.41182819890031386
LOG_RPPB,monroe,2,2,59,0.4866108113871511,0.7415070355413913,0.4326789368905079
LOG_RPPB,monroe,2,3,59,0.3691172992469086,0.630839141492552,0.49625397245539754
LOG_RPPB,monroe,2,4,59,0.3882773702511991,0.6823886965762997,0.45448249217109843
LOG_RPPB,monroe,3,0,59,0.41299875979575684,0.6920907670342388,0.44997978275420264
LOG_RPPB,monroe,3,1,59,0.4643766447358988,0.7161998276601411,0.424932978601498
LOG_RPPB,monroe,3,2,59,0.37764283276470845,0.6844050907377389,0.4413397682990461
LOG_RPPB,monroe,3,3,59,0.46733383804633866,0.746241178355205,0.4447845239143632
LOG_RPPB,monroe,3,4,59,0.2493439839640541,0.5879688482341292,0.511045684463357
LOG_RPPB,monroe,4,0,59,0.39963789652404336,0.6398983036671335,0.47268306839392643
LOG_RPPB,monroe,4,1,59,0.46188654740402935,0.7308406026584163,0.4154841944547059
LOG_RPPB,monroe,4,2,59,0.4071998665327855,0.6840544134922711,0.46608739474417027
LOG_RPPB,monroe,4,3,59,0.3954521859204958,0.7129268400357761,0.4366164056840306
LOG_RPPB,monroe,4,4,59,0.45045291661935083,0.7246745277589431,0.4128814630195072
LOG_RPPB,trimole,0,0,59,0.13197999372567715,0.4758982452034192,0.5456016365047437
LOG_RPPB,trimole,0,1,59,0.22942224925334997,0.5984307193905815,0.4839075010549357
LOG_RPPB,trimole,0,2,59,0.27505640305772283,0.5564078961420388,0.5595240535935317
LOG_RPPB,trimole,0,3,59,0.29698767845369145,0.5798156022770059,0.5115006017669772
LOG_RPPB,trimole,0,4,59,0.3263771902212822,0.6145034264745163,0.48933819499817244
LOG_RPPB,trimole,1,0,59,0.23066865928334934,0.5800493871073176,0.493901535879543
LOG_RPPB,trimole,1,1,59,0.18472431457801008,0.4549745028905148,0.5695207956799787
LOG_RPPB,trimole,1,2,59,0.13319472869608784,0.5190315463959427,0.5189203044974291
LOG_RPPB,trimole,1,3,59,0.1418847211834121,0.5075176435030876,0.5677264953056033
LOG_RPPB,trimole,1,4,59,0.24782329591576802,0.5743801049722569,0.4912129142712308
LOG_RPPB,trimole,2,0,59,0.22402636256687447,0.5173658294799713,0.5086523270702492
LOG_RPPB,trimole,2,1,59,0.27198224499169,0.5682140300727837,0.5171933792609795
LOG_RPPB,trimole,2,2,59,0.14363496087335648,0.5287336168538816,0.5357240624926015
LOG_RPPB,trimole,2,3,59,0.2531164614148189,0.5314221424024672,0.5450433193952485
LOG_RPPB,trimole,2,4,59,0.2109249857299973,0.5177457298292281,0.5510164532138434
LOG_RPPB,trimole,3,0,59,0.2769277683464336,0.5858063385537452,0.5126145693403037
LOG_RPPB,trimole,3,1,59,0.28107763671619657,0.5685354842144623,0.5022979172185678
LOG_RPPB,trimole,3,2,59,0.2887444747625618,0.5868875933939373,0.5010020515531085
LOG_RPPB,trimole,3,3,59,0.1633482737936861,0.5425269218422768,0.5242599600364615
LOG_RPPB,trimole,3,4,59,0.17774218353690752,0.5117257704486996,0.5388464757183752
LOG_RPPB,trimole,4,0,59,0.27110019170477706,0.5326787358653929,0.5282244404687361
LOG_RPPB,trimole,4,1,59,0.24368927665440154,0.592439983113842,0.49768025142860395
LOG_RPPB,trimole,4,2,59,0.2768929469961754,0.5383187948966648,0.5312285454402784
LOG_RPPB,trimole,4,3,59,0.20776859747724885,0.5104107307781958,0.5106302542682558
LOG_RPPB,trimole,4,4,59,0.19095712384338148,0.554011601631343,0.5325220891061756
LOG_SOL,chemeleon,0,0,672,0.3522967818296687,0.5138873380434378,0.36453195201339283
LOG_SOL,chemeleon,0,1,672,0.37024672081614607,0.5155159163833626,0.36788151160967264
LOG_SOL,chemeleon,0,2,672,0.34813236145777016,0.4850187608593529,0.36679182639732144
LOG_SOL,chemeleon,0,3,672,0.3192126869027828,0.45630685493224066,0.37895189563958337
LOG_SOL,chemeleon,0,4,672,0.36956361881812916,0.5204446549346762,0.37606869369226187
LOG_SOL,chemeleon,1,0,672,0.34697493089530695,0.4881930344108295,0.3795802925907143
LOG_SOL,chemeleon,1,1,672,0.38840515754444416,0.5337552661905389,0.36388055795982144
LOG_SOL,chemeleon,1,2,672,0.37993827178853623,0.5139206731947825,0.36030895498511906
LOG_SOL,chemeleon,1,3,672,0.38205843636953385,0.5150697868727206,0.36803481476116073
LOG_SOL,chemeleon,1,4,672,0.3608686441991451,0.5020388270881626,0.37080246916071424
LOG_SOL,chemeleon,2,0,672,0.3635488189672972,0.4970495079296603,0.3769936839404762
LOG_SOL,chemeleon,2,1,672,0.3815730635166953,0.515878688243904,0.3651708680699405
LOG_SOL,chemeleon,2,2,672,0.35969698806955164,0.5110145835062001,0.380063447547619
LOG_SOL,chemeleon,2,3,672,0.3789922707396193,0.519265606844439,0.3698701981964286
LOG_SOL,chemeleon,2,4,672,0.3714861176552139,0.5144951608326663,0.36945398003526786
LOG_SOL,chemeleon,3,0,672,0.3581184482254586,0.5180719078958708,0.3623032024166667
LOG_SOL,chemeleon,3,1,672,0.3630611648665567,0.5256105357192213,0.36668475268705353
LOG_SOL,chemeleon,3,2,672,0.3377198055720362,0.494878590798878,0.36961948582485116
LOG_SOL,chemeleon,3,3,672,0.3921987042878805,0.5170183905742503,0.3647997707477678
LOG_SOL,chemeleon,3,4,672,0.3618587041484208,0.5184913851028278,0.3821523314285714
LOG_SOL,chemeleon,4,0,672,0.372877155870289,0.5114626111037514,0.36212725400297624
LOG_SOL,chemeleon,4,1,672,0.3934568014569588,0.521060781854133,0.3668454870491072
LOG_SOL,chemeleon,4,2,672,0.3668000416142764,0.5281419114171243,0.36413909362276786
LOG_SOL,chemeleon,4,3,672,0.3005349733930638,0.4905074350489123,0.3860715024164732
LOG_SOL,chemeleon,4,4,672,0.35938933726544575,0.5245497819412591,0.3635138654553572
LOG_SOL,chemprop,0,0,672,0.3589277330340763,0.47066971811845104,0.377034818125
LOG_SOL,chemprop,0,1,672,0.30687566901732477,0.4719869904335107,0.3833993572325894
LOG_SOL,chemprop,0,2,672,0.36794367955384955,0.4956364217691578,0.3770928888497024
LOG_SOL,chemprop,0,3,672,0.3538735071186302,0.5087173842807331,0.37140300454017855
LOG_SOL,chemprop,0,4,672,0.3422364896156591,0.4821736274409936,0.391650611844494
LOG_SOL,chemprop,1,0,672,0.3009990397613249,0.4416164728954814,0.39580124726934524
LOG_SOL,chemprop,1,1,672,0.3181332164712092,0.4605566319787038,0.3919300881123512
LOG_SOL,chemprop,1,2,672,0.3721743190699387,0.4965965373974494,0.38190443923214284
LOG_SOL,chemprop,1,3,672,0.3668944611362267,0.5142599364580827,0.38079874826488097
LOG_SOL,chemprop,1,4,672,0.3224868879446161,0.4612774304825134,0.3874201563459822
LOG_SOL,chemprop,2,0,672,0.3187794702612715,0.4670736145231193,0.38084448760892853
LOG_SOL,chemprop,2,1,672,0.3542779125503429,0.4861901968302142,0.3800298803392857
LOG_SOL,chemprop,2,2,672,0.3380550243625007,0.46006894227344347,0.3937058050372024
LOG_SOL,chemprop,2,3,672,0.3807075547096952,0.4997438225256843,0.3756517078452381
LOG_SOL,chemprop,2,4,672,0.35352565394732705,0.49547049733850246,0.38735704312816965
LOG_SOL,chemprop,3,0,672,0.35076140677491174,0.4827387037312854,0.37093499980610123
LOG_SOL,chemprop,3,1,672,0.35526672911224944,0.49437358105057017,0.38959333645684524
LOG_SOL,chemprop,3,2,672,0.3181174496243353,0.475574137431239,0.3786464274122024
LOG_SOL,chemprop,3,3,672,0.3746126094616846,0.4792133236450641,0.38563736536354165
LOG_SOL,chemprop,3,4,672,0.3162215475152609,0.4698573962364831,0.39447152252619044
LOG_SOL,chemprop,4,0,672,0.3651607594360493,0.46419366307301735,0.3780213903690476
LOG_SOL,chemprop,4,1,672,0.3736190956344905,0.48768741173862395,0.38517815403125005
LOG_SOL,chemprop,4,2,672,0.3263286332367743,0.49235318616604384,0.3810128611309524
LOG_SOL,chemprop,4,3,672,0.34064341619663585,0.4909554033312476,0.3809600199845239
LOG_SOL,chemprop,4,4,672,0.33886934548581304,0.4905244585158801,0.37997491585119053
LOG_SOL,chemprop_st,0,0,672,0.38033547178275406,0.48876957830953177,0.3794005557633929
LOG_SOL,chemprop_st,0,1,672,0.3051209528312553,0.4660880526671999,0.3824746371239583
LOG_SOL,chemprop_st,0,2,672,0.37875748913503304,0.5038456724046004,0.3725435543943452
LOG_SOL,chemprop_st,0,3,672,0.2946827595110203,0.4805060196889961,0.3743213506473214
LOG_SOL,chemprop_st,0,4,672,0.35539279333992235,0.4946948915751866,0.39206832150888393
LOG_SOL,chemprop_st,1,0,672,0.3117831528348085,0.4840205648624434,0.3744964588794643
LOG_SOL,chemprop_st,1,1,672,0.33959867146296674,0.47144348511007356,0.37648252982142855
LOG_SOL,chemprop_st,1,2,672,0.3793268701386572,0.5216772251214079,0.363845147358631
LOG_SOL,chemprop_st,1,3,672,0.36767166798480566,0.5137706847854698,0.3776400589300596
LOG_SOL,chemprop_st,1,4,672,0.33602833756249817,0.48808438870701026,0.3738630992720238
LOG_SOL,chemprop_st,2,0,672,0.3366696897564426,0.4786160787360072,0.37986594995833334
LOG_SOL,chemprop_st,2,1,672,0.3551579931757747,0.4835480203089803,0.37961296570230657
LOG_SOL,chemprop_st,2,2,672,0.31552216971228064,0.44108779637602324,0.40695942892410714
LOG_SOL,chemprop_st,2,3,672,0.3631278030107089,0.47359198108923967,0.3870169818407738
LOG_SOL,chemprop_st,2,4,672,0.308928462567605,0.459803012388754,0.39076512746726194
LOG_SOL,chemprop_st,3,0,672,0.35898543648253134,0.4783091620371199,0.3752561145403274
LOG_SOL,chemprop_st,3,1,672,0.3087252906093304,0.4509166044576242,0.4146270587395833
LOG_SOL,chemprop_st,3,2,672,0.3097559182545273,0.48230376502471295,0.3728772176080357
LOG_SOL,chemprop_st,3,3,672,0.35751679222527377,0.47611254164610733,0.3703506366369047
LOG_SOL,chemprop_st,3,4,672,0.34929421085110335,0.524270209556909,0.3690115574950893
LOG_SOL,chemprop_st,4,0,672,0.31894000768568675,0.4409734761832147,0.3837884893824405
LOG_SOL,chemprop_st,4,1,672,0.3713625773234901,0.49576861561369573,0.3758100106208333
LOG_SOL,chemprop_st,4,2,672,0.32440866241085187,0.4922373830928374,0.37747101574880954
LOG_SOL,chemprop_st,4,3,672,0.31573674538061336,0.47653371922258736,0.38145503236770834
LOG_SOL,chemprop_st,4,4,672,0.3373911494356906,0.4871143872093993,0.382584910625
LOG_SOL,lgbm,0,0,672,0.29444557822250905,0.4721948111783413,0.4063482027832646
LOG_SOL,lgbm,0,1,672,0.2274446494915363,0.43632816550528575,0.4288387176149434
LOG_SOL,lgbm,0,2,672,0.28744174318668436,0.49085662372500904,0.403822447048199
LOG_SOL,lgbm,0,3,672,0.2673805102917999,0.4463687882229225,0.42625990524410573
LOG_SOL,lgbm,0,4,672,0.2984431288909163,0.5145643816896402,0.3995566741043821
LOG_SOL,lgbm,1,0,672,0.2690332196280647,0.47685957724709044,0.41015978331835407
LOG_SOL,lgbm,1,1,672,0.28042450572628885,0.4577452686899391,0.41594738136977216
LOG_SOL,lgbm,1,2,672,0.2786362722145761,0.4750518076398838,0.4013172026413119
LOG_SOL,lgbm,1,3,672,0.273786207847205,0.4858645958383133,0.40857571927073716
LOG_SOL,lgbm,1,4,672,0.27214606571549016,0.4795356227566124,0.4180962056388037
LOG_SOL,lgbm,2,0,672,0.2729379158259517,0.4465593482399215,0.41351460830925063
LOG_SOL,lgbm,2,1,672,0.23627906933828235,0.45895253105121353,0.4261082607823083
LOG_SOL,lgbm,2,2,672,0.27044256346053763,0.4906097537963672,0.41041877702841995
LOG_SOL,lgbm,2,3,672,0.2845372729866045,0.4813938498408249,0.40836092107225525
LOG_SOL,lgbm,2,4,672,0.2976856557011508,0.4903323365315287,0.4058715966168079
LOG_SOL,lgbm,3,0,672,0.2637763951926111,0.4500412898163538,0.42067696154138823
LOG_SOL,lgbm,3,1,672,0.2663137093443846,0.49410877815498316,0.41241853872549283
LOG_SOL,lgbm,3,2,672,0.2512214813213284,0.44847119082697545,0.4199014313100581
LOG_SOL,lgbm,3,3,672,0.29624902960905186,0.47296901782391876,0.40701966945502593
LOG_SOL,lgbm,3,4,672,0.287879609827846,0.48429367188825867,0.41680066316581826
LOG_SOL,lgbm,4,0,672,0.2896757479103784,0.47189989592480747,0.40260359485017716
LOG_SOL,lgbm,4,1,672,0.3099212601117399,0.48799371551361354,0.4040508882914852
LOG_SOL,lgbm,4,2,672,0.28831060961962574,0.5016715274994729,0.41607788687323594
LOG_SOL,lgbm,4,3,672,0.20818359580043788,0.41488165596086907,0.4280839465977641
LOG_SOL,lgbm,4,4,672,0.29203335848645606,0.48682633274917325,0.40595371474522873
LOG_SOL,megacl,0,0,672,0.17438724451147147,0.4565068460685702,0.44560619554017855
LOG_SOL,megacl,0,1,672,0.27603775086344173,0.5071166050053341,0.39249731443303576
LOG_SOL,megacl,0,2,672,0.2878927678752715,0.4929812749873769,0.41160613064464285
LOG_SOL,megacl,0,3,672,0.24576024800392282,0.46388947487406207,0.38674636277083335
LOG_SOL,megacl,0,4,672,0.27755568941632225,0.4752482596349971,0.3902710116532737
LOG_SOL,megacl,1,0,672,0.24581400701500555,0.4579799789993182,0.4028472850238095
LOG_SOL,megacl,1,1,672,0.25270404781685385,0.49065388431700857,0.4082271870223214
LOG_SOL,megacl,1,2,672,0.2569808091588679,0.4665503554600481,0.39726149493303564
LOG_SOL,megacl,1,3,672,0.33210490789577984,0.5076737132849546,0.35714425740505956
LOG_SOL,megacl,1,4,672,0.29561417484582353,0.4682364939600699,0.3941164370208333
LOG_SOL,megacl,2,0,672,0.28972366895790114,0.5014749568739276,0.40080445718497026
LOG_SOL,megacl,2,1,672,0.3585445270806239,0.5232262815285281,0.3748156138467261
LOG_SOL,megacl,2,2,672,0.24897365575149832,0.4483529019670471,0.4369856364122023
LOG_SOL,megacl,2,3,672,0.3513935681549655,0.48968338852593174,0.37092596333702377
LOG_SOL,megacl,2,4,672,0.3185286765130998,0.4909902609064674,0.3841079865044197
LOG_SOL,megacl,3,0,672,0.29356030891162255,0.489538006931722,0.3983624652366071
LOG_SOL,megacl,3,1,672,0.27311487524778466,0.45913844470963255,0.4068564662038691
LOG_SOL,megacl,3,2,672,0.2777267666133453,0.4804708259942193,0.3834039430758929
LOG_SOL,megacl,3,3,672,0.27940606751723374,0.464386813187778,0.4151869334419643
LOG_SOL,megacl,3,4,672,0.3344053275854505,0.48777134276914497,0.3695727073892857
LOG_SOL,megacl,4,0,672,0.22182918474411584,0.41613475499671565,0.4152099202604167
LOG_SOL,megacl,4,1,672,0.22924656793053344,0.47673835671749715,0.41057755672098206
LOG_SOL,megacl,4,2,672,0.2541613875557506,0.5127646591800594,0.3732772186875
LOG_SOL,megacl,4,3,672,0.2712406916921175,0.4590792085806712,0.3853265887901786
LOG_SOL,megacl,4,4,672,0.29657430781211314,0.4649020844684392,0.4036681113229167
LOG_SOL,moljepa,0,0,672,0.3856144510466336,0.5432338834625038,0.3623101245934168
LOG_SOL,moljepa,0,1,672,0.37791530386481,0.5391272878957335,0.3616113720638469
LOG_SOL,moljepa,0,2,672,0.41686787306131323,0.5479399518849949,0.35156374712502697
LOG_SOL,moljepa,0,3,672,0.3717412430347299,0.5227892719576196,0.3680524231304566
LOG_SOL,moljepa,0,4,672,0.3651604607545119,0.5444867538792553,0.35890368851755855
LOG_SOL,moljepa,1,0,672,0.3780272153681492,0.5211123766235278,0.36406710595997627
LOG_SOL,moljepa,1,1,672,0.38540835445241794,0.5328875201575808,0.3637647054931343
LOG_SOL,moljepa,1,2,672,0.3658611499299973,0.5369030509199874,0.36250969728017773
LOG_SOL,moljepa,1,3,672,0.39436915096475955,0.5493459148027305,0.3583738112546991
LOG_SOL,moljepa,1,4,672,0.3774450485598192,0.5393531450245684,0.3589059065920715
LOG_SOL,moljepa,2,0,672,0.38409015461464635,0.5444295048088953,0.361422194740192
LOG_SOL,moljepa,2,1,672,0.39505020028188764,0.5274820691835376,0.36107253072105344
LOG_SOL,moljepa,2,2,672,0.3775758568229032,0.5530863487215862,0.3585835617658874
LOG_SOL,moljepa,2,3,672,0.3832988846120783,0.5580313397887171,0.35242828200892606
LOG_SOL,moljepa,2,4,672,0.3998004832427796,0.5419413599683307,0.35914570250763916
LOG_SOL,moljepa,3,0,672,0.37577078106380546,0.5335154158917605,0.36010762043120714
LOG_SOL,moljepa,3,1,672,0.3561682359391847,0.5345856251829832,0.36733943129068736
LOG_SOL,moljepa,3,2,672,0.39040470817719364,0.5352692535222339,0.3592671422246487
LOG_SOL,moljepa,3,3,672,0.3901899392116308,0.5443484810991875,0.35804260384371317
LOG_SOL,moljepa,3,4,672,0.38974767639890007,0.5517553779601879,0.3596356680153105
LOG_SOL,moljepa,4,0,672,0.3915243668163777,0.5371077385799407,0.358190533632546
LOG_SOL,moljepa,4,1,672,0.400521097745666,0.5441754729996163,0.35836631289447685
LOG_SOL,moljepa,4,2,672,0.3894900307693199,0.5541813911341343,0.3582627319368746
LOG_SOL,moljepa,4,3,672,0.34165085687481667,0.5192326078126511,0.36933457311747203
LOG_SOL,moljepa,4,4,672,0.37892751270432934,0.5347250364000655,0.3605013581031332
LOG_SOL,monroe,0,0,672,0.5071276203568877,0.6280552291492298,0.32241603233634236
LOG_SOL,monroe,0,1,672,0.5055323661819429,0.6276720330826747,0.3205364772815553
LOG_SOL,monroe,0,2,672,0.5152483675744521,0.6286973954484737,0.318934804278132
LOG_SOL,monroe,0,3,672,0.514281663360216,0.6134061700462254,0.3221912344358883
LOG_SOL,monroe,0,4,672,0.49163579237408106,0.6260143507434738,0.32605045517686887
LOG_SOL,monroe,1,0,672,0.4916419011747949,0.6237320000937243,0.3260725094132164
LOG_SOL,monroe,1,1,672,0.4959772144322885,0.6194173717445264,0.32638983245304654
LOG_SOL,monroe,1,2,672,0.5186557281308475,0.6315483219862542,0.3178811744543467
LOG_SOL,monroe,1,3,672,0.5135893374600864,0.6268189023321568,0.32017112178757806
LOG_SOL,monroe,1,4,672,0.5015969195494718,0.6263056082253594,0.32072315714079236
LOG_SOL,monroe,2,0,672,0.5011658100497536,0.617064594161746,0.3251571309081145
LOG_SOL,monroe,2,1,672,0.5012842923749457,0.622384061812036,0.3246702128755715
LOG_SOL,monroe,2,2,672,0.5104809286426141,0.6273506632428426,0.3191925035574164
LOG_SOL,monroe,2,3,672,0.49840525889835086,0.6359789511260449,0.3224195590276851
LOG_SOL,monroe,2,4,672,0.5113901446831907,0.6244107638811882,0.32295896520509054
LOG_SOL,monroe,3,0,672,0.5206785853241394,0.6201270189877438,0.3195443886354428
LOG_SOL,monroe,3,1,672,0.49042573341503104,0.6282973538605986,0.3227136696493056
LOG_SOL,monroe,3,2,672,0.49374765149119404,0.6166481024873234,0.3231060392708835
LOG_SOL,monroe,3,3,672,0.4903881348363578,0.6134984249787133,0.32757136203122694
LOG_SOL,monroe,3,4,672,0.5200893434267013,0.6318147066209325,0.32043508548674293
LOG_SOL,monroe,4,0,672,0.5246489611596001,0.6266735602814242,0.315814567335769
LOG_SOL,monroe,4,1,672,0.5012752789661462,0.626294140616949,0.3248247837467826
LOG_SOL,monroe,4,2,672,0.5024261531372416,0.6249409232810442,0.3203945629075952
LOG_SOL,monroe,4,3,672,0.4690893952945263,0.6085329900804864,0.33229182771495447
LOG_SOL,monroe,4,4,672,0.5190752147227411,0.6347970361337053,0.31675636567555754
LOG_SOL,trimole,0,0,672,0.35311739200474157,0.5082781353351373,0.3805559849502645
LOG_SOL,trimole,0,1,672,0.3166814910329179,0.4822925544489049,0.3961661741494624
LOG_SOL,trimole,0,2,672,0.34840855386598446,0.5101985247656295,0.38119577849713093
LOG_SOL,trimole,0,3,672,0.33221965113099017,0.4692233165783424,0.39181543057985313
LOG_SOL,trimole,0,4,672,0.31712297135221623,0.4813422258312394,0.39240066979791405
LOG_SOL,trimole,1,0,672,0.341025757376628,0.5040864476567944,0.38692509488585647
LOG_SOL,trimole,1,1,672,0.30172196503215587,0.4853443025360379,0.3986810881133944
LOG_SOL,trimole,1,2,672,0.33763641287783974,0.48177198434228846,0.38555063936791206
LOG_SOL,trimole,1,3,672,0.35243025813199014,0.5041154527973772,0.3853681551724078
LOG_SOL,trimole,1,4,672,0.3304120049602325,0.4716745178760658,0.38966161052419296
LOG_SOL,trimole,2,0,672,0.3134897968758369,0.4706210203261841,0.39665401616241364
LOG_SOL,trimole,2,1,672,0.33412301711267445,0.4734051381591047,0.39268533240305714
LOG_SOL,trimole,2,2,672,0.3022054886080311,0.47450970610988996,0.40624386175822585
LOG_SOL,trimole,2,3,672,0.344869778733636,0.4929259536626661,0.3832368958706655
LOG_SOL,trimole,2,4,672,0.3173576296316132,0.49168834168258146,0.3962220035169288
LOG_SOL,trimole,3,0,672,0.3405551037827219,0.47217770862441877,0.3904475582813437
LOG_SOL,trimole,3,1,672,0.3312208277384283,0.4908310390952107,0.38791482250962367
LOG_SOL,trimole,3,2,672,0.32582909745570987,0.4700697447094619,0.39396525106673347
LOG_SOL,trimole,3,3,672,0.3345006344636331,0.48665382432955123,0.3836731201404093
LOG_SOL,trimole,3,4,672,0.3394550899848505,0.4994419871636271,0.3859166678463827
LOG_SOL,trimole,4,0,672,0.3417057616982595,0.4734046240939,0.3888455895454373
LOG_SOL,trimole,4,1,672,0.32418949847072365,0.4830310684305348,0.39168507178286677
LOG_SOL,trimole,4,2,672,0.3169736708067096,0.5006942895455203,0.39084608279375965
LOG_SOL,trimole,4,3,672,0.30854207912729614,0.47924183449218105,0.39378069110882274
LOG_SOL,trimole,4,4,672,0.3435329837985117,0.4894374131640377,0.38818016653947124
