endpoint,config,repeat,fold,n_features,ridge_val_r2
LOG_SOL,r1_dm1_max_cep,0,0,708,-0.09027847761313712
LOG_HLM,r1_dm1_max_cep,0,0,854,-0.17736157274309705
LOG_RLM,r1_dm1_max_cep,0,0,904,-0.28503500107477175
LOG_MDR1_ER,r1_dm1_max_cep,0,0,802,0.08402210693257173
LOG_HPPB,r1_dm1_max_cep,0,0,107,-0.2902644270841521
LOG_RPPB,r1_dm1_max_cep,0,0,98,0.1264751139359478
LOG_SOL,r1_dm1_max_nofrag,0,0,710,-0.13868178489280925
LOG_HLM,r1_dm1_max_nofrag,0,0,854,-0.35155469520814564
LOG_RLM,r1_dm1_max_nofrag,0,0,914,-0.34806585218669484
LOG_MDR1_ER,r1_dm1_max_nofrag,0,0,779,0.10852014777956254
LOG_HPPB,r1_dm1_max_nofrag,0,0,103,-0.3408468425232447
LOG_RPPB,r1_dm1_max_nofrag,0,0,105,0.1846233366181551
LOG_SOL,r1_dm1_sum_cep,0,0,773,-0.30231367969033296
LOG_HLM,r1_dm1_sum_cep,0,0,970,-0.5728904107988142
LOG_RLM,r1_dm1_sum_cep,0,0,1033,-0.5469891197781647
LOG_MDR1_ER,r1_dm1_sum_cep,0,0,896,-0.46584373817136226
LOG_HPPB,r1_dm1_sum_cep,0,0,101,-0.0926467754914384
LOG_RPPB,r1_dm1_sum_cep,0,0,93,-0.11734310088174604
LOG_SOL,r1_dm1_sum_nofrag,0,0,784,-0.5033045684734103
LOG_HLM,r1_dm1_sum_nofrag,0,0,981,-0.623827999570314
LOG_RLM,r1_dm1_sum_nofrag,0,0,1012,-0.8391591335144648
LOG_MDR1_ER,r1_dm1_sum_nofrag,0,0,872,-0.16538417842720543
LOG_HPPB,r1_dm1_sum_nofrag,0,0,101,-0.2007367344369917
LOG_RPPB,r1_dm1_sum_nofrag,0,0,96,-0.15649433699077542
LOG_SOL,r1_dm2_max_cep,0,0,587,-0.14842032153517493
LOG_HLM,r1_dm2_max_cep,0,0,644,-0.0061332135029765755
LOG_RLM,r1_dm2_max_cep,0,0,685,0.00687405796981555
LOG_MDR1_ER,r1_dm2_max_cep,0,0,606,0.27040630842866054
LOG_HPPB,r1_dm2_max_cep,0,0,90,-0.14378990843868533
LOG_RPPB,r1_dm2_max_cep,0,0,85,0.26813590426736533
LOG_SOL,r1_dm2_max_nofrag,0,0,596,0.04944638051424888
LOG_HLM,r1_dm2_max_nofrag,0,0,640,-0.04747269297475598
LOG_RLM,r1_dm2_max_nofrag,0,0,685,0.05698107871336111
LOG_MDR1_ER,r1_dm2_max_nofrag,0,0,607,0.24762434747542517
LOG_HPPB,r1_dm2_max_nofrag,0,0,100,-0.3689244840370651
LOG_RPPB,r1_dm2_max_nofrag,0,0,88,0.14109671662776013
LOG_SOL,r1_dm2_sum_cep,0,0,617,0.004774881109972928
LOG_HLM,r1_dm2_sum_cep,0,0,713,-0.07135298553138858
LOG_RLM,r1_dm2_sum_cep,0,0,750,-0.0931151345268848
LOG_MDR1_ER,r1_dm2_sum_cep,0,0,673,0.0919638336348314
LOG_HPPB,r1_dm2_sum_cep,0,0,93,-0.0762252791159892
LOG_RPPB,r1_dm2_sum_cep,0,0,90,0.29582988530136134
LOG_SOL,r1_dm2_sum_nofrag,0,0,633,-0.10210836788242017
LOG_HLM,r1_dm2_sum_nofrag,0,0,727,-0.11215697490417198
LOG_RLM,r1_dm2_sum_nofrag,0,0,758,-0.18294589255078963
LOG_MDR1_ER,r1_dm2_sum_nofrag,0,0,677,0.05748223538390296
LOG_HPPB,r1_dm2_sum_nofrag,0,0,95,-0.04729762119048053
LOG_RPPB,r1_dm2_sum_nofrag,0,0,90,0.32443079209648096
LOG_SOL,r1_dp1_max_cep,0,0,1206,-0.8040018148623809
LOG_HLM,r1_dp1_max_cep,0,0,1516,-2.291386551854659
LOG_RLM,r1_dp1_max_cep,0,0,1565,0.15078301786832382
LOG_MDR1_ER,r1_dp1_max_cep,0,0,1290,-0.9094671452521863
LOG_HPPB,r1_dp1_max_cep,0,0,233,-0.12997987581838033
LOG_RPPB,r1_dp1_max_cep,0,0,212,0.10334944832971238
LOG_SOL,r1_dp1_max_nofrag,0,0,1150,-1.218986850978426
LOG_HLM,r1_dp1_max_nofrag,0,0,1470,0.13972129722398086
LOG_RLM,r1_dp1_max_nofrag,0,0,1496,0.1554621782314074
LOG_MDR1_ER,r1_dp1_max_nofrag,0,0,1274,-1.1620567322744986
LOG_HPPB,r1_dp1_max_nofrag,0,0,207,-0.7384973245601978
LOG_RPPB,r1_dp1_max_nofrag,0,0,202,-0.023471882574739977
LOG_SOL,r1_dp1_sum_cep,0,0,1187,-1.3270022624532314
LOG_HLM,r1_dp1_sum_cep,0,0,1508,-0.315988634238906
LOG_RLM,r1_dp1_sum_cep,0,0,1567,-0.052477715684149384
LOG_MDR1_ER,r1_dp1_sum_cep,0,0,1294,-1.8794446901529653
LOG_HPPB,r1_dp1_sum_cep,0,0,232,-0.4455783444607544
LOG_RPPB,r1_dp1_sum_cep,0,0,222,-1.0586647669345464
LOG_SOL,r1_dp1_sum_nofrag,0,0,1141,-0.9657474203998071
LOG_HLM,r1_dp1_sum_nofrag,0,0,1463,0.04678188444453024
LOG_RLM,r1_dp1_sum_nofrag,0,0,1504,-0.018058835563575126
LOG_MDR1_ER,r1_dp1_sum_nofrag,0,0,1238,-1.6818418272893143
LOG_HPPB,r1_dp1_sum_nofrag,0,0,219,-3.0263785458859482
LOG_RPPB,r1_dp1_sum_nofrag,0,0,207,-2.0510360258828166
LOG_SOL,r2_dm1_max_cep,0,0,917,0.1180714422164637
LOG_HLM,r2_dm1_max_cep,0,0,1226,-0.019686440289151008
LOG_RLM,r2_dm1_max_cep,0,0,1282,-0.0898908866807746
LOG_MDR1_ER,r2_dm1_max_cep,0,0,1082,-0.0016634552473553388
LOG_HPPB,r2_dm1_max_cep,0,0,108,-0.45921948570566795
LOG_RPPB,r2_dm1_max_cep,0,0,102,-0.35831291855628655
LOG_SOL,r2_dm1_max_nofrag,0,0,933,0.10213535415138597
LOG_HLM,r2_dm1_max_nofrag,0,0,1243,-0.013286333998073108
LOG_RLM,r2_dm1_max_nofrag,0,0,1289,0.056857212557396064
LOG_MDR1_ER,r2_dm1_max_nofrag,0,0,1090,-0.011514136864149593
LOG_HPPB,r2_dm1_max_nofrag,0,0,100,-0.16442674793298018
LOG_RPPB,r2_dm1_max_nofrag,0,0,100,-0.4477630880371446
LOG_SOL,r2_dm1_sum_cep,0,0,952,0.06389933536346692
LOG_HLM,r2_dm1_sum_cep,0,0,1310,-0.22525125219619047
LOG_RLM,r2_dm1_sum_cep,0,0,1423,-0.1865130527675818
LOG_MDR1_ER,r2_dm1_sum_cep,0,0,1163,-0.2803417182072898
LOG_HPPB,r2_dm1_sum_cep,0,0,111,-0.6032856317852653
LOG_RPPB,r2_dm1_sum_cep,0,0,112,-0.07564881881555374
LOG_SOL,r2_dm1_sum_nofrag,0,0,975,0.02499622203772922
LOG_HLM,r2_dm1_sum_nofrag,0,0,1305,-0.23913903475881382
LOG_RLM,r2_dm1_sum_nofrag,0,0,1409,-0.2521585960584021
LOG_MDR1_ER,r2_dm1_sum_nofrag,0,0,1188,-0.2493285874420086
LOG_HPPB,r2_dm1_sum_nofrag,0,0,112,-0.2895550002638789
LOG_RPPB,r2_dm1_sum_nofrag,0,0,99,-0.353613345232928
LOG_SOL,r2_dm2_max_cep,0,0,727,0.06050663855445715
LOG_HLM,r2_dm2_max_cep,0,0,912,0.0409367662559218
LOG_RLM,r2_dm2_max_cep,0,0,1019,-0.026277721102379692
LOG_MDR1_ER,r2_dm2_max_cep,0,0,831,-0.0364004510675473
LOG_HPPB,r2_dm2_max_cep,0,0,98,-0.4073208976119822
LOG_RPPB,r2_dm2_max_cep,0,0,90,-0.42187557803113696
LOG_SOL,r2_dm2_max_nofrag,0,0,749,-0.014662737529589576
LOG_HLM,r2_dm2_max_nofrag,0,0,940,-0.11899965925631295
LOG_RLM,r2_dm2_max_nofrag,0,0,1007,-0.016585243896926283
LOG_MDR1_ER,r2_dm2_max_nofrag,0,0,844,-0.03190235530010388
LOG_HPPB,r2_dm2_max_nofrag,0,0,97,-0.4732934863671314
LOG_RPPB,r2_dm2_max_nofrag,0,0,96,-0.5719956054768678
LOG_SOL,r2_dm2_sum_cep,0,0,854,0.07138791072520079
LOG_HLM,r2_dm2_sum_cep,0,0,1058,-0.09754833606207347
LOG_RLM,r2_dm2_sum_cep,0,0,1192,-0.1616532774733377
LOG_MDR1_ER,r2_dm2_sum_cep,0,0,965,-0.0982314007959233
LOG_HPPB,r2_dm2_sum_cep,0,0,107,-0.23405937226943085
LOG_RPPB,r2_dm2_sum_cep,0,0,91,-0.8019412579535812
LOG_SOL,r2_dm2_sum_nofrag,0,0,839,0.06248920440997485
LOG_HLM,r2_dm2_sum_nofrag,0,0,1106,-0.1596372203311629
LOG_RLM,r2_dm2_sum_nofrag,0,0,1207,-0.06373642647423483
LOG_MDR1_ER,r2_dm2_sum_nofrag,0,0,976,-0.09168179941195231
LOG_HPPB,r2_dm2_sum_nofrag,0,0,107,-0.007212975733349225
LOG_RPPB,r2_dm2_sum_nofrag,0,0,95,-0.504287335307775
LOG_SOL,r2_dp1_max_cep,0,0,2021,0.02421305362349402
LOG_HLM,r2_dp1_max_cep,0,0,2725,-0.1448888571453204
LOG_RLM,r2_dp1_max_cep,0,0,2752,-0.08879686034370748
LOG_MDR1_ER,r2_dp1_max_cep,0,0,2329,0.12887414120412255
LOG_HPPB,r2_dp1_max_cep,0,0,303,0.39441655921586627
LOG_RPPB,r2_dp1_max_cep,0,0,288,0.27102731135591585
LOG_SOL,r2_dp1_max_nofrag,0,0,1978,-0.03250445495244314
LOG_HLM,r2_dp1_max_nofrag,0,0,2646,-0.14144634462036154
LOG_RLM,r2_dp1_max_nofrag,0,0,2658,-0.06977071553662384
LOG_MDR1_ER,r2_dp1_max_nofrag,0,0,2322,0.21316888803755885
LOG_HPPB,r2_dp1_max_nofrag,0,0,283,0.14362919235428306
LOG_RPPB,r2_dp1_max_nofrag,0,0,258,0.031475468207987745
LOG_SOL,r2_dp1_sum_cep,0,0,2001,0.01952699338751307
LOG_HLM,r2_dp1_sum_cep,0,0,2697,-0.3817669279102358
LOG_RLM,r2_dp1_sum_cep,0,0,2714,-0.21372409081343657
LOG_MDR1_ER,r2_dp1_sum_cep,0,0,2292,0.1332551848795437
LOG_HPPB,r2_dp1_sum_cep,0,0,282,-0.19859120999377522
LOG_RPPB,r2_dp1_sum_cep,0,0,301,0.18973307185970956
LOG_SOL,r2_dp1_sum_nofrag,0,0,1930,-0.2140431039122297
LOG_HLM,r2_dp1_sum_nofrag,0,0,2660,-0.4452990379174817
LOG_RLM,r2_dp1_sum_nofrag,0,0,2715,-0.23524651891515336
LOG_MDR1_ER,r2_dp1_sum_nofrag,0,0,2299,0.18062941799376353
LOG_HPPB,r2_dp1_sum_nofrag,0,0,296,-0.09104967732770741
LOG_RPPB,r2_dp1_sum_nofrag,0,0,269,-0.025835540785298372
