endpoint,repeat,fold,fusion,modality,mean_abs_shap
LOG_SOL,1,2,early,rdkit,0.008892532782444259
LOG_SOL,1,2,early,mol2vec,0.04670434910153353
LOG_SOL,1,2,early,gnn,0.4540112666264621
LOG_SOL,1,2,early,smiles,0.054781446572625556
LOG_SOL,3,4,early,rdkit,0.014547449671443632
LOG_SOL,3,4,early,mol2vec,0.06298569384701702
LOG_SOL,3,4,early,gnn,0.4312484073482149
LOG_SOL,3,4,early,smiles,0.0788372021060578
LOG_SOL,4,0,early,rdkit,0.02951771315763012
LOG_SOL,4,0,early,mol2vec,0.05346579849743123
LOG_SOL,4,0,early,gnn,0.43984799959043475
LOG_SOL,4,0,early,smiles,0.08466247758445174
LOG_SOL,0,2,early,rdkit,0.012904233250795514
LOG_SOL,0,2,early,mol2vec,0.04328000244855727
LOG_SOL,0,2,early,gnn,0.4390864708555625
LOG_SOL,0,2,early,smiles,0.09737272592869861
LOG_SOL,2,4,early,rdkit,0.004356860441769446
LOG_SOL,2,4,early,mol2vec,0.04523543067666175
LOG_SOL,2,4,early,gnn,0.5138836643213643
LOG_SOL,2,4,early,smiles,0.03408404537856338
LOG_SOL,3,1,early,rdkit,0.010363767947809582
LOG_SOL,3,1,early,mol2vec,0.0460682023849025
LOG_SOL,3,1,early,gnn,0.4603039579914012
LOG_SOL,3,1,early,smiles,0.06261118546420538
LOG_SOL,3,0,early,rdkit,0.014915028615690022
LOG_SOL,3,0,early,mol2vec,0.04195565667681794
LOG_SOL,3,0,early,gnn,0.48285513523919954
LOG_SOL,3,0,early,smiles,0.06375552603435179
LOG_SOL,3,2,early,rdkit,0.0036759134522662924
LOG_SOL,3,2,early,mol2vec,0.019997765160694084
LOG_SOL,3,2,early,gnn,0.4328761834968875
LOG_SOL,3,2,early,smiles,0.15119435383213714
LOG_SOL,1,3,early,rdkit,0.008454018312168028
LOG_SOL,1,3,early,mol2vec,0.041541120658514244
LOG_SOL,1,3,early,gnn,0.4811712050133089
LOG_SOL,1,3,early,smiles,0.061881350317441186
LOG_SOL,1,1,early,rdkit,0.011610619340994109
LOG_SOL,1,1,early,mol2vec,0.03702750893027511
LOG_SOL,1,1,early,gnn,0.5053940787498005
LOG_SOL,1,1,early,smiles,0.02510372764005217
LOG_SOL,4,3,early,rdkit,0.017961684711026462
LOG_SOL,4,3,early,mol2vec,0.04434223555972584
LOG_SOL,4,3,early,gnn,0.4732547361904043
LOG_SOL,4,3,early,smiles,0.04646324401676618
LOG_SOL,1,4,early,rdkit,0.017070177780299605
LOG_SOL,1,4,early,mol2vec,0.04851638404380017
LOG_SOL,1,4,early,gnn,0.49854051308350156
LOG_SOL,1,4,early,smiles,0.03566401273170132
LOG_SOL,0,1,early,rdkit,0.013250242408691121
LOG_SOL,0,1,early,mol2vec,0.039867799110478594
LOG_SOL,0,1,early,gnn,0.4645748571336737
LOG_SOL,0,1,early,smiles,0.069013012020223
LOG_SOL,4,2,early,rdkit,0.013014532919820887
LOG_SOL,4,2,early,mol2vec,0.0800770836481052
LOG_SOL,4,2,early,gnn,0.4388298222868468
LOG_SOL,4,2,early,smiles,0.07199857852308622
LOG_SOL,1,0,early,rdkit,0.006888661378508737
LOG_SOL,1,0,early,mol2vec,0.03219405793003214
LOG_SOL,1,0,early,gnn,0.33048784231653366
LOG_SOL,1,0,early,smiles,0.23666017374022347
LOG_SOL,0,0,early,rdkit,0.0073406653218048516
LOG_SOL,0,0,early,mol2vec,0.04862793044705002
LOG_SOL,0,0,early,gnn,0.4521174022738272
LOG_SOL,0,0,early,smiles,0.09038477566977637
LOG_SOL,0,4,early,rdkit,0.024270515544712733
LOG_SOL,0,4,early,mol2vec,0.033617243988790735
LOG_SOL,0,4,early,gnn,0.4895518805985022
LOG_SOL,0,4,early,smiles,0.0308181362009628
LOG_SOL,3,3,early,rdkit,0.0071399385369295505
LOG_SOL,3,3,early,mol2vec,0.04348153539208652
LOG_SOL,3,3,early,gnn,0.4437957715085321
LOG_SOL,3,3,early,smiles,0.0765124483032275
LOG_SOL,4,1,early,rdkit,0.004512077328665771
LOG_SOL,4,1,early,mol2vec,0.016051589112026594
LOG_SOL,4,1,early,gnn,0.5439271698168173
LOG_SOL,4,1,early,smiles,0.005201598858711184
LOG_SOL,2,1,early,rdkit,0.002240102529669713
LOG_SOL,2,1,early,mol2vec,0.02482992466253435
LOG_SOL,2,1,early,gnn,0.412759684882929
LOG_SOL,2,1,early,smiles,0.16986536427436727
LOG_SOL,2,3,early,rdkit,0.012460673198568686
LOG_SOL,2,3,early,mol2vec,0.03320681465660549
LOG_SOL,2,3,early,gnn,0.43802815658249045
LOG_SOL,2,3,early,smiles,0.09277481895469591
LOG_SOL,0,3,early,rdkit,0.014070213006704734
LOG_SOL,0,3,early,mol2vec,0.03490857813232911
LOG_SOL,0,3,early,gnn,0.4091841837982309
LOG_SOL,0,3,early,smiles,0.15109133687628268
LOG_SOL,2,0,early,rdkit,0.010154088845709308
LOG_SOL,2,0,early,mol2vec,0.028295294021533413
LOG_SOL,2,0,early,gnn,0.44056590796895845
LOG_SOL,2,0,early,smiles,0.12654435556553834
LOG_SOL,2,2,early,rdkit,0.07117504221735499
LOG_SOL,2,2,early,mol2vec,0.06942335249524736
LOG_SOL,2,2,early,gnn,0.3086951135623167
LOG_SOL,2,2,early,smiles,0.13412000161611984
LOG_HLM,0,0,early,rdkit,0.06459032801821606
LOG_HLM,0,0,early,mol2vec,0.09302139524518878
LOG_HLM,0,0,early,gnn,0.5145869281679705
LOG_HLM,0,0,early,smiles,0.2677912550969444
LOG_SOL,4,4,early,rdkit,0.009136740770656588
LOG_SOL,4,4,early,mol2vec,0.04462005035737145
LOG_SOL,4,4,early,gnn,0.5109632694814474
LOG_SOL,4,4,early,smiles,0.03739268866695321
LOG_HLM,0,2,early,rdkit,0.03272324880028897
LOG_HLM,0,2,early,mol2vec,0.07778495408757147
LOG_HLM,0,2,early,gnn,0.6086531704082345
LOG_HLM,0,2,early,smiles,0.20364650108240379
LOG_HLM,0,1,early,rdkit,0.050265358311611094
LOG_HLM,0,1,early,mol2vec,0.11449559379300514
LOG_HLM,0,1,early,gnn,0.664265706828796
LOG_HLM,0,1,early,smiles,0.1260761656609956
LOG_HLM,0,3,early,rdkit,0.03892542322374863
LOG_HLM,0,3,early,mol2vec,0.13840023638667767
LOG_HLM,0,3,early,gnn,0.613422513967409
LOG_HLM,0,3,early,smiles,0.1748859702582062
LOG_HLM,1,0,early,rdkit,0.042620701679194406
LOG_HLM,1,0,early,mol2vec,0.0728654325425808
LOG_HLM,1,0,early,gnn,0.550385535402142
LOG_HLM,1,0,early,smiles,0.289998496083321
LOG_HLM,0,4,early,rdkit,0.07584962062540376
LOG_HLM,0,4,early,mol2vec,0.21723092137461744
LOG_HLM,0,4,early,gnn,0.4875427741084924
LOG_HLM,0,4,early,smiles,0.19315281635351617
LOG_HLM,1,1,early,rdkit,0.0665350473262037
LOG_HLM,1,1,early,mol2vec,0.10459351425871638
LOG_HLM,1,1,early,gnn,0.5702920095300614
LOG_HLM,1,1,early,smiles,0.21580019211981097
LOG_HLM,1,2,early,rdkit,0.032564837866932886
LOG_HLM,1,2,early,mol2vec,0.09789058716820195
LOG_HLM,1,2,early,gnn,0.4138283733057642
LOG_HLM,1,2,early,smiles,0.4335039538284514
LOG_HLM,1,3,early,rdkit,0.07215594913212456
LOG_HLM,1,3,early,mol2vec,0.11550106881194003
LOG_HLM,1,3,early,gnn,0.5182704517596554
LOG_HLM,1,3,early,smiles,0.255685669747722
LOG_HLM,1,4,early,rdkit,0.05731717661225319
LOG_HLM,1,4,early,mol2vec,0.10050530069662006
LOG_HLM,1,4,early,gnn,0.4938199498453732
LOG_HLM,1,4,early,smiles,0.34235626064280755
LOG_HLM,2,0,early,rdkit,0.07022848669940492
LOG_HLM,2,0,early,mol2vec,0.09975335403887865
LOG_HLM,2,0,early,gnn,0.5907709570100639
LOG_HLM,2,0,early,smiles,0.18193091365544128
LOG_HLM,2,1,early,rdkit,0.052172665783955026
LOG_HLM,2,1,early,mol2vec,0.1034800719609471
LOG_HLM,2,1,early,gnn,0.6426034296264334
LOG_HLM,2,1,early,smiles,0.0857867902371381
LOG_HLM,2,3,early,rdkit,0.06076068640372217
LOG_HLM,2,3,early,mol2vec,0.09914622778123272
LOG_HLM,2,3,early,gnn,0.5125470877708954
LOG_HLM,2,3,early,smiles,0.2832903190941515
LOG_HLM,2,2,early,rdkit,0.04573591547764978
LOG_HLM,2,2,early,mol2vec,0.10836353475490756
LOG_HLM,2,2,early,gnn,0.6654187113431064
LOG_HLM,2,2,early,smiles,0.06135657543528931
LOG_HLM,2,4,early,rdkit,0.06914713476402677
LOG_HLM,2,4,early,mol2vec,0.10093884453626295
LOG_HLM,2,4,early,gnn,0.6398783107449737
LOG_HLM,2,4,early,smiles,0.14986666971207577
LOG_HLM,3,0,early,rdkit,0.06507770122361788
LOG_HLM,3,0,early,mol2vec,0.11844929008227438
LOG_HLM,3,0,early,gnn,0.5615316571188522
LOG_HLM,3,0,early,smiles,0.20631703256263245
LOG_RLM,0,1,early,rdkit,0.06819379493675654
LOG_RLM,0,1,early,mol2vec,0.09208793872645285
LOG_RLM,0,1,early,gnn,0.4647270018859469
LOG_RLM,0,1,early,smiles,0.5218606073390516
LOG_RLM,0,0,early,rdkit,0.049727108688733646
LOG_RLM,0,0,early,mol2vec,0.08903240700900095
LOG_RLM,0,0,early,gnn,0.6430149838066712
LOG_RLM,0,0,early,smiles,0.3313627240032904
LOG_RLM,0,2,early,rdkit,0.0692809579449745
LOG_RLM,0,2,early,mol2vec,0.08561888602131858
LOG_RLM,0,2,early,gnn,0.6445472210459975
LOG_RLM,0,2,early,smiles,0.33473556275823607
LOG_HLM,3,3,early,rdkit,0.07318618113668435
LOG_HLM,3,3,early,mol2vec,0.13815661786773775
LOG_HLM,3,3,early,gnn,0.5925337127740842
LOG_HLM,3,3,early,smiles,0.15954430410878256
LOG_HLM,3,1,early,rdkit,0.04520756210334852
LOG_HLM,3,1,early,mol2vec,0.10142476365838658
LOG_HLM,3,1,early,gnn,0.5175229121283557
LOG_HLM,3,1,early,smiles,0.2739981233346348
LOG_RLM,0,3,early,rdkit,0.05134555248727227
LOG_RLM,0,3,early,mol2vec,0.10102801309764001
LOG_RLM,0,3,early,gnn,0.6473380366038857
LOG_RLM,0,3,early,smiles,0.31051223674653444
LOG_HLM,4,3,early,rdkit,0.0755809611834792
LOG_HLM,4,3,early,mol2vec,0.13358394294866582
LOG_HLM,4,3,early,gnn,0.44057181188976524
LOG_HLM,4,3,early,smiles,0.35650354922829197
LOG_HLM,3,2,early,rdkit,0.054599078389311044
LOG_HLM,3,2,early,mol2vec,0.1723306474521109
LOG_HLM,3,2,early,gnn,0.5986713930484219
LOG_HLM,3,2,early,smiles,0.16467924032225784
LOG_HLM,4,4,early,rdkit,0.052030170257101105
LOG_HLM,4,4,early,mol2vec,0.11082422649963586
LOG_HLM,4,4,early,gnn,0.6786122513417532
LOG_HLM,4,4,early,smiles,0.06962286515682133
LOG_RLM,0,4,early,rdkit,0.053443395575082056
LOG_RLM,0,4,early,mol2vec,0.12048432178416726
LOG_RLM,0,4,early,gnn,0.6637402520564484
LOG_RLM,0,4,early,smiles,0.33545060034166696
LOG_RLM,1,0,early,rdkit,0.05202792896330946
LOG_RLM,1,0,early,mol2vec,0.10848132884025632
LOG_RLM,1,0,early,gnn,0.6295665966554824
LOG_RLM,1,0,early,smiles,0.3890825249879931
LOG_HLM,4,0,early,rdkit,0.047829692000394226
LOG_HLM,4,0,early,mol2vec,0.11195701459625562
LOG_HLM,4,0,early,gnn,0.6269232848614559
LOG_HLM,4,0,early,smiles,0.15024961121062258
LOG_HLM,3,4,early,rdkit,0.020178034917773827
LOG_HLM,3,4,early,mol2vec,0.052842829722531875
LOG_HLM,3,4,early,gnn,0.20068138346949285
LOG_HLM,3,4,early,smiles,0.6527992426266618
LOG_HLM,4,2,early,rdkit,0.07373119794095437
LOG_HLM,4,2,early,mol2vec,0.17926059149850293
LOG_HLM,4,2,early,gnn,0.4488978596450282
LOG_HLM,4,2,early,smiles,0.297489904589191
LOG_HLM,4,1,early,rdkit,0.10218927732105945
LOG_HLM,4,1,early,mol2vec,0.17003930756383498
LOG_HLM,4,1,early,gnn,0.36409593252921846
LOG_HLM,4,1,early,smiles,0.3384453950456293
LOG_RLM,1,2,early,rdkit,0.10421779871471377
LOG_RLM,1,2,early,mol2vec,0.18875841504479848
LOG_RLM,1,2,early,gnn,0.7745384695027504
LOG_RLM,1,2,early,smiles,0.07256331176445018
LOG_RLM,1,1,early,rdkit,0.06584382115130281
LOG_RLM,1,1,early,mol2vec,0.10195499715864935
LOG_RLM,1,1,early,gnn,0.6619533538265754
LOG_RLM,1,1,early,smiles,0.28513572691675815
LOG_RLM,1,3,early,rdkit,0.046842677549785675
LOG_RLM,1,3,early,mol2vec,0.1588359790253751
LOG_RLM,1,3,early,gnn,0.7878485798982819
LOG_RLM,1,3,early,smiles,0.09806775927383997
LOG_RLM,1,4,early,rdkit,0.04990199996270444
LOG_RLM,1,4,early,mol2vec,0.13790995206133363
LOG_RLM,1,4,early,gnn,0.7830257445344619
LOG_RLM,1,4,early,smiles,0.11107938388268182
LOG_RLM,3,0,early,rdkit,0.08812961616806361
LOG_RLM,3,0,early,mol2vec,0.1826399338653424
LOG_RLM,3,0,early,gnn,0.6216356001599397
LOG_RLM,3,0,early,smiles,0.2789114340076651
LOG_RLM,2,0,early,rdkit,0.03685521626145713
LOG_RLM,2,0,early,mol2vec,0.1114942816485334
LOG_RLM,2,0,early,gnn,0.7080226105097761
LOG_RLM,2,0,early,smiles,0.15203495225350097
LOG_RLM,3,1,early,rdkit,0.10602226740287969
LOG_RLM,3,1,early,mol2vec,0.23512822575748857
LOG_RLM,3,1,early,gnn,0.5950293745769457
LOG_RLM,3,1,early,smiles,0.30608051638105616
LOG_RLM,3,2,early,rdkit,0.07153422253832617
LOG_RLM,3,2,early,mol2vec,0.1212657018154626
LOG_RLM,3,2,early,gnn,0.7047292772836575
LOG_RLM,3,2,early,smiles,0.21950854717811177
LOG_RLM,2,1,early,rdkit,0.07044242529952768
LOG_RLM,2,1,early,mol2vec,0.11557767970854416
LOG_RLM,2,1,early,gnn,0.6450844398570432
LOG_RLM,2,1,early,smiles,0.3681485323794068
LOG_RLM,4,0,early,rdkit,0.08479265878311493
LOG_RLM,4,0,early,mol2vec,0.148300764365477
LOG_RLM,4,0,early,gnn,0.682074646799679
LOG_RLM,4,0,early,smiles,0.274865397481609
LOG_RLM,4,1,early,rdkit,0.09335796313869847
LOG_RLM,4,1,early,mol2vec,0.20806336516627535
LOG_RLM,4,1,early,gnn,0.24234874079903268
LOG_RLM,4,1,early,smiles,0.6506552868828119
LOG_RLM,4,3,early,rdkit,0.059646928671633515
LOG_RLM,4,3,early,mol2vec,0.1335716089141421
LOG_RLM,4,3,early,gnn,0.3048796996534193
LOG_RLM,4,3,early,smiles,0.6650700899825361
LOG_RLM,4,4,early,rdkit,0.039738984246500485
LOG_RLM,4,4,early,mol2vec,0.17422362931516866
LOG_RLM,4,4,early,gnn,0.8234482329733037
LOG_RLM,4,4,early,smiles,0.09314086404466232
LOG_RLM,2,2,early,rdkit,0.08275297353615832
LOG_RLM,2,2,early,mol2vec,0.18800701919426666
LOG_RLM,2,2,early,gnn,0.5718423081833506
LOG_RLM,2,2,early,smiles,0.3674530952790527
LOG_RLM,2,3,early,rdkit,0.045791899948204984
LOG_RLM,2,3,early,mol2vec,0.16338253689026958
LOG_RLM,2,3,early,gnn,0.7707311463826825
LOG_RLM,2,3,early,smiles,0.08804228499239689
LOG_MDR1_ER,0,0,early,rdkit,0.044832026927219104
LOG_MDR1_ER,0,0,early,mol2vec,0.13149361143957747
LOG_MDR1_ER,0,0,early,gnn,0.6965744736249977
LOG_MDR1_ER,0,0,early,smiles,0.12259129175406944
LOG_RLM,3,3,early,rdkit,0.044414892036970466
LOG_RLM,3,3,early,mol2vec,0.06666692689593362
LOG_RLM,3,3,early,gnn,0.5388430938138303
LOG_RLM,3,3,early,smiles,0.49609194434535586
LOG_RLM,2,4,early,rdkit,0.08967032934968217
LOG_RLM,2,4,early,mol2vec,0.1571579424586113
LOG_RLM,2,4,early,gnn,0.5474982520062353
LOG_RLM,2,4,early,smiles,0.39918992544177545
LOG_RLM,3,4,early,rdkit,0.06900948849784257
LOG_RLM,3,4,early,mol2vec,0.150951927057827
LOG_RLM,3,4,early,gnn,0.5995410135637353
LOG_RLM,3,4,early,smiles,0.3313225125672683
LOG_RLM,4,2,early,rdkit,0.08570510181680227
LOG_RLM,4,2,early,mol2vec,0.19737276269907447
LOG_RLM,4,2,early,gnn,0.6456317770133513
LOG_RLM,4,2,early,smiles,0.2254387440200699
LOG_MDR1_ER,0,2,early,rdkit,0.056371323866497354
LOG_MDR1_ER,0,2,early,mol2vec,0.17278246049136609
LOG_MDR1_ER,0,2,early,gnn,0.6245787259128219
LOG_MDR1_ER,0,2,early,smiles,0.2079672533327039
LOG_MDR1_ER,0,1,early,rdkit,0.03588832810657186
LOG_MDR1_ER,0,1,early,mol2vec,0.07052876212372687
LOG_MDR1_ER,0,1,early,gnn,0.6559738457150384
LOG_MDR1_ER,0,1,early,smiles,0.18199213977405929
LOG_MDR1_ER,0,3,early,rdkit,0.06136052005905173
LOG_MDR1_ER,0,3,early,mol2vec,0.1402195096503657
LOG_MDR1_ER,0,3,early,gnn,0.6821003549581145
LOG_MDR1_ER,0,3,early,smiles,0.16851946809779778
LOG_MDR1_ER,0,4,early,rdkit,0.06149722171668594
LOG_MDR1_ER,0,4,early,mol2vec,0.1696159010740408
LOG_MDR1_ER,0,4,early,gnn,0.7157252430007881
LOG_MDR1_ER,0,4,early,smiles,0.06696814369714664
LOG_MDR1_ER,1,4,early,rdkit,0.06450427422221662
LOG_MDR1_ER,1,4,early,mol2vec,0.13262312268370588
LOG_MDR1_ER,1,4,early,gnn,0.6615909421516705
LOG_MDR1_ER,1,4,early,smiles,0.14198905083956614
LOG_MDR1_ER,2,1,early,rdkit,0.06413934780339553
LOG_MDR1_ER,2,1,early,mol2vec,0.1371445642765982
LOG_MDR1_ER,2,1,early,gnn,0.6981663227956821
LOG_MDR1_ER,2,1,early,smiles,0.14530278639024916
LOG_MDR1_ER,2,2,early,rdkit,0.02584625231425606
LOG_MDR1_ER,2,2,early,mol2vec,0.11153523448122286
LOG_MDR1_ER,2,2,early,gnn,0.5896749498307076
LOG_MDR1_ER,2,2,early,smiles,0.286457411486596
LOG_MDR1_ER,3,0,early,rdkit,0.05528169477470149
LOG_MDR1_ER,3,0,early,mol2vec,0.1239532758403365
LOG_MDR1_ER,3,0,early,gnn,0.6737435745320608
LOG_MDR1_ER,3,0,early,smiles,0.1397502130277445
LOG_MDR1_ER,1,0,early,rdkit,0.06436933834048267
LOG_MDR1_ER,1,0,early,mol2vec,0.12891386160789517
LOG_MDR1_ER,1,0,early,gnn,0.619916241415742
LOG_MDR1_ER,1,0,early,smiles,0.222687544827987
LOG_MDR1_ER,2,4,early,rdkit,0.037523924588155524
LOG_MDR1_ER,2,4,early,mol2vec,0.11868161166364484
LOG_MDR1_ER,2,4,early,gnn,0.6274459117051192
LOG_MDR1_ER,2,4,early,smiles,0.22937133886283084
LOG_MDR1_ER,1,1,early,rdkit,0.042446794090671064
LOG_MDR1_ER,1,1,early,mol2vec,0.10581189566867036
LOG_MDR1_ER,1,1,early,gnn,0.6261855267617622
LOG_MDR1_ER,1,1,early,smiles,0.1978555903270788
LOG_MDR1_ER,3,1,early,rdkit,0.055900852948113595
LOG_MDR1_ER,3,1,early,mol2vec,0.14158553354206999
LOG_MDR1_ER,3,1,early,gnn,0.6831161035393238
LOG_MDR1_ER,3,1,early,smiles,0.15443982325575445
LOG_MDR1_ER,3,2,early,rdkit,0.09033599204259804
LOG_MDR1_ER,3,2,early,mol2vec,0.18563280247632288
LOG_MDR1_ER,3,2,early,gnn,0.3501977077584265
LOG_MDR1_ER,3,2,early,smiles,0.47360245808776763
LOG_MDR1_ER,4,0,early,rdkit,0.04165056755526633
LOG_MDR1_ER,4,0,early,mol2vec,0.09579059154841799
LOG_MDR1_ER,4,0,early,gnn,0.3673508767032284
LOG_MDR1_ER,4,0,early,smiles,0.4653244613348418
LOG_MDR1_ER,1,2,early,rdkit,0.04894378638485337
LOG_MDR1_ER,1,2,early,mol2vec,0.14474723811124446
LOG_MDR1_ER,1,2,early,gnn,0.7191176779731527
LOG_MDR1_ER,1,2,early,smiles,0.11952146584095047
LOG_MDR1_ER,1,3,early,rdkit,0.035291437528793934
LOG_MDR1_ER,1,3,early,mol2vec,0.0842034925443276
LOG_MDR1_ER,1,3,early,gnn,0.7289682974390836
LOG_MDR1_ER,1,3,early,smiles,0.12042490400839753
LOG_MDR1_ER,2,0,early,rdkit,0.0655370048510851
LOG_MDR1_ER,2,0,early,mol2vec,0.10817792025576113
LOG_MDR1_ER,2,0,early,gnn,0.524106888415862
LOG_MDR1_ER,2,0,early,smiles,0.3288510562307021
LOG_HPPB,0,0,early,rdkit,0.17884744686282694
LOG_HPPB,0,0,early,mol2vec,0.41288299683336804
LOG_HPPB,0,0,early,gnn,0.29300247886387487
LOG_HPPB,0,0,early,smiles,0.8416619322027079
LOG_MDR1_ER,2,3,early,rdkit,0.047845108299683164
LOG_MDR1_ER,2,3,early,mol2vec,0.08794575052231957
LOG_MDR1_ER,2,3,early,gnn,0.7411465807518295
LOG_MDR1_ER,2,3,early,smiles,0.07261079705355736
LOG_HPPB,0,4,early,rdkit,0.13555584725565528
LOG_HPPB,0,4,early,mol2vec,0.6414325947729121
LOG_HPPB,0,4,early,gnn,0.869073164488359
LOG_HPPB,0,4,early,smiles,0.4647368602112467
LOG_MDR1_ER,3,4,early,rdkit,0.0667279951816305
LOG_MDR1_ER,3,4,early,mol2vec,0.12804641138964104
LOG_MDR1_ER,3,4,early,gnn,0.652164885724607
LOG_MDR1_ER,3,4,early,smiles,0.2089235389771831
LOG_HPPB,0,1,early,rdkit,0.1499775056349692
LOG_HPPB,0,1,early,mol2vec,0.4823997260512289
LOG_HPPB,0,1,early,gnn,0.32512508649552874
LOG_HPPB,0,1,early,smiles,1.0674224149306148
LOG_HPPB,0,3,early,rdkit,0.34812075647951435
LOG_HPPB,0,3,early,mol2vec,0.9881649019351804
LOG_HPPB,0,3,early,gnn,0.3789244364207405
LOG_HPPB,0,3,early,smiles,0.3870404828975905
LOG_HPPB,0,2,early,rdkit,0.5090034949802389
LOG_HPPB,0,2,early,mol2vec,0.8311223469664653
LOG_HPPB,0,2,early,gnn,0.29583927690254386
LOG_HPPB,0,2,early,smiles,0.3733599281854602
LOG_MDR1_ER,3,3,early,rdkit,0.04630250572401094
LOG_MDR1_ER,3,3,early,mol2vec,0.1371670507942074
LOG_MDR1_ER,3,3,early,gnn,0.7334943202432203
LOG_MDR1_ER,3,3,early,smiles,0.08922322420808289
LOG_MDR1_ER,4,1,early,rdkit,0.07459789362355948
LOG_MDR1_ER,4,1,early,mol2vec,0.1857434878483984
LOG_MDR1_ER,4,1,early,gnn,0.5957724681801579
LOG_MDR1_ER,4,1,early,smiles,0.2214707014413803
LOG_HPPB,1,0,early,rdkit,0.12066728677275984
LOG_HPPB,1,0,early,mol2vec,0.3735412955307901
LOG_HPPB,1,0,early,gnn,0.1997645231123657
LOG_HPPB,1,0,early,smiles,0.9896989192358527
LOG_MDR1_ER,4,2,early,rdkit,0.04057000082637233
LOG_MDR1_ER,4,2,early,mol2vec,0.13925932308486416
LOG_MDR1_ER,4,2,early,gnn,0.7363940345592099
LOG_MDR1_ER,4,2,early,smiles,0.07067575712430306
LOG_HPPB,1,1,early,rdkit,0.5470857708160601
LOG_HPPB,1,1,early,mol2vec,0.935841990480293
LOG_HPPB,1,1,early,gnn,0.4545887320262211
LOG_HPPB,1,1,early,smiles,0.3294530747705799
LOG_MDR1_ER,4,3,early,rdkit,0.05652870033235838
LOG_MDR1_ER,4,3,early,mol2vec,0.11092378848046734
LOG_MDR1_ER,4,3,early,gnn,0.47107150447833024
LOG_MDR1_ER,4,3,early,smiles,0.39290611769973505
LOG_HPPB,1,2,early,rdkit,0.2857204220088181
LOG_HPPB,1,2,early,mol2vec,0.8133147591177825
LOG_HPPB,1,2,early,gnn,0.8050839065362272
LOG_HPPB,1,2,early,smiles,0.23652826451357684
LOG_HPPB,1,4,early,rdkit,0.4743221824734695
LOG_HPPB,1,4,early,mol2vec,1.0459214308701554
LOG_HPPB,1,4,early,gnn,0.41653540958229834
LOG_HPPB,1,4,early,smiles,0.22589268449564187
LOG_HPPB,2,1,early,rdkit,0.048247762691891405
LOG_HPPB,2,1,early,mol2vec,0.25587772577289414
LOG_HPPB,2,1,early,gnn,0.1825998847593708
LOG_HPPB,2,1,early,smiles,1.0978736248676741
LOG_MDR1_ER,4,4,early,rdkit,0.048473107571577245
LOG_MDR1_ER,4,4,early,mol2vec,0.14757326510483998
LOG_MDR1_ER,4,4,early,gnn,0.7199367655822436
LOG_MDR1_ER,4,4,early,smiles,0.08050526274187511
LOG_HPPB,2,2,early,rdkit,0.1961904422388367
LOG_HPPB,2,2,early,mol2vec,0.8028575882531372
LOG_HPPB,2,2,early,gnn,0.8438858625106326
LOG_HPPB,2,2,early,smiles,0.32016101092025406
LOG_HPPB,2,3,early,rdkit,0.49846655205830637
LOG_HPPB,2,3,early,mol2vec,0.7941489117528129
LOG_HPPB,2,3,early,gnn,0.279598043507964
LOG_HPPB,2,3,early,smiles,0.5138308366484541
LOG_HPPB,3,4,early,rdkit,0.07863079632585587
LOG_HPPB,3,4,early,mol2vec,0.40400655966176574
LOG_HPPB,3,4,early,gnn,1.213199494452255
LOG_HPPB,3,4,early,smiles,0.1303926430407232
LOG_HPPB,1,3,early,rdkit,0.1402579896980251
LOG_HPPB,1,3,early,mol2vec,0.4009780902356296
LOG_HPPB,1,3,early,gnn,1.1237952585673405
LOG_HPPB,1,3,early,smiles,0.09317698703788069
LOG_HPPB,2,0,early,rdkit,0.53231148102554
LOG_HPPB,2,0,early,mol2vec,0.880622021128501
LOG_HPPB,2,0,early,gnn,0.3771275686661533
LOG_HPPB,2,0,early,smiles,0.3487778599537141
LOG_RPPB,0,1,early,rdkit,0.253180781937991
LOG_RPPB,0,1,early,mol2vec,0.6105576392189407
LOG_RPPB,0,1,early,gnn,0.6557163506946805
LOG_RPPB,0,1,early,smiles,0.17881109257123973
LOG_RPPB,0,3,early,rdkit,0.2722057066771021
LOG_RPPB,0,3,early,mol2vec,0.8174129211822461
LOG_RPPB,0,3,early,gnn,0.2933307064283521
LOG_RPPB,0,3,early,smiles,0.27633213643095184
LOG_HPPB,2,4,early,rdkit,0.43759395572310555
LOG_HPPB,2,4,early,mol2vec,1.14805838950506
LOG_HPPB,2,4,early,gnn,0.23608474564438786
LOG_HPPB,2,4,early,smiles,0.381429633089219
LOG_RPPB,1,0,early,rdkit,0.3040439621839753
LOG_RPPB,1,0,early,mol2vec,0.8226601674676788
LOG_RPPB,1,0,early,gnn,0.2981077562806718
LOG_RPPB,1,0,early,smiles,0.2842101151614105
LOG_RPPB,1,2,early,rdkit,0.1669589359127155
LOG_RPPB,1,2,early,mol2vec,0.6991704816687027
LOG_RPPB,1,2,early,gnn,0.5893529483926933
LOG_RPPB,1,2,early,smiles,0.1663064550402485
LOG_RPPB,1,1,early,rdkit,0.27369370674974874
LOG_RPPB,1,1,early,mol2vec,0.8074470927174795
LOG_RPPB,1,1,early,gnn,0.4991761148662109
LOG_RPPB,1,1,early,smiles,0.13244640051312867
LOG_HPPB,3,1,early,rdkit,0.3181497389430189
LOG_HPPB,3,1,early,mol2vec,0.7536730904736072
LOG_HPPB,3,1,early,gnn,0.6392565450859995
LOG_HPPB,3,1,early,smiles,0.36663617836855045
LOG_RPPB,1,4,early,rdkit,0.3193977176285517
LOG_RPPB,1,4,early,mol2vec,0.6685142200428774
LOG_RPPB,1,4,early,gnn,0.5507435357653989
LOG_RPPB,1,4,early,smiles,0.20267290343851024
LOG_HPPB,3,0,early,rdkit,0.5475324990843163
LOG_HPPB,3,0,early,mol2vec,1.0454522754052022
LOG_HPPB,3,0,early,gnn,0.30935180408062635
LOG_HPPB,3,0,early,smiles,0.3600188927741849
LOG_RPPB,2,0,early,rdkit,0.33783080767852075
LOG_RPPB,2,0,early,mol2vec,0.7433356505202806
LOG_RPPB,2,0,early,gnn,0.41844130671940716
LOG_RPPB,2,0,early,smiles,0.14916044432358266
LOG_HPPB,3,3,early,rdkit,0.18805627084729126
LOG_HPPB,3,3,early,mol2vec,0.5616614515997278
LOG_HPPB,3,3,early,gnn,0.8231903191167733
LOG_HPPB,3,3,early,smiles,0.24986606952961188
LOG_HPPB,3,2,early,rdkit,0.6429568903424181
LOG_HPPB,3,2,early,mol2vec,0.8980517315056874
LOG_HPPB,3,2,early,gnn,0.2976395311398774
LOG_HPPB,3,2,early,smiles,0.3324644206905262
LOG_HPPB,4,1,early,rdkit,0.444609897084708
LOG_HPPB,4,1,early,mol2vec,0.7542776667073965
LOG_HPPB,4,1,early,gnn,0.6211192575627372
LOG_HPPB,4,1,early,smiles,0.36036917512056577
LOG_HPPB,4,0,early,rdkit,0.0820294023021028
LOG_HPPB,4,0,early,mol2vec,0.6643978936642552
LOG_HPPB,4,0,early,gnn,0.9812389790587381
LOG_HPPB,4,0,early,smiles,0.2823930646426883
LOG_RPPB,0,0,early,rdkit,0.07556244756287192
LOG_RPPB,0,0,early,mol2vec,0.5484767909270045
LOG_RPPB,0,0,early,gnn,0.6647007243972243
LOG_RPPB,0,0,early,smiles,0.12928390299082693
LOG_HPPB,4,2,early,rdkit,0.4702582939833557
LOG_HPPB,4,2,early,mol2vec,0.7555585884975858
LOG_HPPB,4,2,early,gnn,0.4676896089454651
LOG_HPPB,4,2,early,smiles,0.5742302669362338
LOG_RPPB,2,1,early,rdkit,0.2710678520077805
LOG_RPPB,2,1,early,mol2vec,0.9388373244049184
LOG_RPPB,2,1,early,gnn,0.29379918500311963
LOG_RPPB,2,1,early,smiles,0.2027611137841589
LOG_RPPB,0,2,early,rdkit,0.4655835152881792
LOG_RPPB,0,2,early,mol2vec,0.6751911373187268
LOG_RPPB,0,2,early,gnn,0.44874429673960153
LOG_RPPB,0,2,early,smiles,0.10732842011114704
LOG_HPPB,4,3,early,rdkit,0.061263735492011924
LOG_HPPB,4,3,early,mol2vec,0.34471502254631387
LOG_HPPB,4,3,early,gnn,1.2472805989716789
LOG_HPPB,4,3,early,smiles,0.16472109706513272
LOG_HPPB,4,4,early,rdkit,0.4163249947939991
LOG_HPPB,4,4,early,mol2vec,1.1433702932187189
LOG_HPPB,4,4,early,gnn,0.22474010633905206
LOG_HPPB,4,4,early,smiles,0.30831073377844825
LOG_RPPB,0,4,early,rdkit,0.29332509694618947
LOG_RPPB,0,4,early,mol2vec,0.8494372783794742
LOG_RPPB,0,4,early,gnn,0.34038784765103824
LOG_RPPB,0,4,early,smiles,0.21054525319136969
LOG_RPPB,1,3,early,rdkit,0.24708835293861517
LOG_RPPB,1,3,early,mol2vec,0.6729870948254195
LOG_RPPB,1,3,early,gnn,0.382257604493232
LOG_RPPB,1,3,early,smiles,0.2560854780173788
LOG_RPPB,2,4,early,rdkit,0.1620773254309965
LOG_RPPB,2,4,early,mol2vec,0.54652578027895
LOG_RPPB,2,4,early,gnn,0.7222323944397427
LOG_RPPB,2,4,early,smiles,0.2144732375544417
LOG_RPPB,3,0,early,rdkit,0.11696600565426538
LOG_RPPB,3,0,early,mol2vec,0.35887790920808843
LOG_RPPB,3,0,early,gnn,0.26962897633180183
LOG_RPPB,3,0,early,smiles,0.7444281449646838
LOG_RPPB,2,2,early,rdkit,0.18857805195082422
LOG_RPPB,2,2,early,mol2vec,0.5501526333014115
LOG_RPPB,2,2,early,gnn,0.6819659884550988
LOG_RPPB,2,2,early,smiles,0.22585153495321958
LOG_RPPB,3,3,early,rdkit,0.20100511614355548
LOG_RPPB,3,3,early,mol2vec,0.8243654726879273
LOG_RPPB,3,3,early,gnn,0.5040229897359393
LOG_RPPB,3,3,early,smiles,0.142471381558688
LOG_RPPB,3,4,early,rdkit,0.2419752925858244
LOG_RPPB,3,4,early,mol2vec,0.6963629251265515
LOG_RPPB,3,4,early,gnn,0.37518432347997477
LOG_RPPB,3,4,early,smiles,0.2949138371566795
LOG_RPPB,4,1,early,rdkit,0.41402928085280255
LOG_RPPB,4,1,early,mol2vec,0.9015933372705349
LOG_RPPB,4,1,early,gnn,0.192981738999121
LOG_RPPB,4,1,early,smiles,0.11134209883355553
LOG_RPPB,3,2,early,rdkit,0.35791825609153405
LOG_RPPB,3,2,early,mol2vec,0.7172149401099599
LOG_RPPB,3,2,early,gnn,0.43902535719008573
LOG_RPPB,3,2,early,smiles,0.1458371808473864
LOG_RPPB,2,3,early,rdkit,0.29584883060378453
LOG_RPPB,2,3,early,mol2vec,0.6224756624403949
LOG_RPPB,2,3,early,gnn,0.5128080142897573
LOG_RPPB,2,3,early,smiles,0.12847056775236237
LOG_RPPB,4,3,early,rdkit,0.2942120448346565
LOG_RPPB,4,3,early,mol2vec,0.7857673948782387
LOG_RPPB,4,3,early,gnn,0.3942660845290906
LOG_RPPB,4,3,early,smiles,0.17961111251361572
LOG_RPPB,3,1,early,rdkit,0.2728796893646749
LOG_RPPB,3,1,early,mol2vec,0.7334533923902304
LOG_RPPB,3,1,early,gnn,0.4925070231110796
LOG_RPPB,3,1,early,smiles,0.16854574167307107
LOG_RPPB,4,2,early,rdkit,0.33210346724629053
LOG_RPPB,4,2,early,mol2vec,0.8987458027321715
LOG_RPPB,4,2,early,gnn,0.30929508981560466
LOG_RPPB,4,2,early,smiles,0.18851273832923887
LOG_RPPB,4,0,early,rdkit,0.18809315237218688
LOG_RPPB,4,0,early,mol2vec,0.5286344604108631
LOG_RPPB,4,0,early,gnn,0.6904594043609741
LOG_RPPB,4,0,early,smiles,0.24115224130269566
LOG_RPPB,4,4,early,rdkit,0.2840117241303847
LOG_RPPB,4,4,early,mol2vec,0.76368540067637
LOG_RPPB,4,4,early,gnn,0.43511736637655063
LOG_RPPB,4,4,early,smiles,0.27141487742599785
