endpoint,method,combo,fusion,learner,n_modalities,n_train,fit_seconds,encoder_seconds,total_seconds
LOG_SOL,uni_R_lgbm,R,unimodal,lgbm,1,1235,0.03455638885498047,0.0,0.03455638885498047
LOG_SOL,uni_R_rf,R,unimodal,rf,1,1235,0.399613618850708,0.0,0.399613618850708
LOG_SOL,uni_M_lgbm,M,unimodal,lgbm,1,1235,0.17728328704833984,0.0,0.17728328704833984
LOG_SOL,uni_M_rf,M,unimodal,rf,1,1235,1.8049776554107666,0.0,1.8049776554107666
LOG_SOL,uni_G_lgbm,G,unimodal,lgbm,1,1235,0.13169336318969727,6.708379745483398,6.840073108673096
LOG_SOL,uni_G_rf,G,unimodal,rf,1,1235,0.6383538246154785,6.708379745483398,7.346733570098877
LOG_SOL,uni_S_lgbm,S,unimodal,lgbm,1,1235,0.17161202430725098,0.9094769954681396,1.0810890197753906
LOG_SOL,uni_S_rf,S,unimodal,rf,1,1235,0.7063484191894531,0.9094769954681396,1.6158254146575928
LOG_SOL,uni_G_attfp,G,unimodal,attfp,1,1235,3.337860107421875e-06,6.708379745483398,6.708383083343506
LOG_SOL,fus_GR_early_lgbm,GR,early,lgbm,2,1235,0.2268538475036621,6.708379745483398,6.9352335929870605
LOG_SOL,fus_GR_early_rf,GR,early,rf,2,1235,0.6612591743469238,6.708379745483398,7.369638919830322
LOG_SOL,fus_GR_early_attfp,GR,early,attfp,2,1235,5.725444316864014,6.708379745483398,12.433824062347412
LOG_SOL,fus_GR_late_lgbm,GR,late,lgbm,2,1235,0.03849387168884277,6.708379745483398,6.746873617172241
LOG_SOL,fus_GR_late_rf,GR,late,rf,2,1235,0.16320538520812988,6.708379745483398,6.871585130691528
LOG_SOL,fus_GR_late_attfp,GR,late,attfp,2,1235,6.974699258804321,6.708379745483398,13.68307900428772
LOG_SOL,fus_GRM_early_lgbm,GRM,early,lgbm,3,1235,1.7690238952636719,6.708379745483398,8.47740364074707
LOG_SOL,fus_GRM_early_rf,GRM,early,rf,3,1235,0.9553325176239014,6.708379745483398,7.6637122631073
LOG_SOL,fus_GRM_early_attfp,GRM,early,attfp,3,1235,9.192835330963135,6.708379745483398,15.901215076446533
LOG_SOL,fus_GRM_late_lgbm,GRM,late,lgbm,3,1235,0.23494815826416016,6.708379745483398,6.943327903747559
LOG_SOL,fus_GRM_late_rf,GRM,late,rf,3,1235,0.3250007629394531,6.708379745483398,7.033380508422852
LOG_SOL,fus_GRM_late_attfp,GRM,late,attfp,3,1235,4.356271743774414,6.708379745483398,11.064651489257812
LOG_SOL,fus_GRS_early_lgbm,GRS,early,lgbm,3,1235,0.4353218078613281,7.617856740951538,8.053178548812866
LOG_SOL,fus_GRS_early_rf,GRS,early,rf,3,1235,0.5961875915527344,7.617856740951538,8.214044332504272
LOG_SOL,fus_GRS_early_attfp,GRS,early,attfp,3,1235,2.7299747467041016,7.617856740951538,10.34783148765564
LOG_SOL,fus_GRS_late_lgbm,GRS,late,lgbm,3,1235,0.043729305267333984,7.617856740951538,7.661586046218872
LOG_SOL,fus_GRS_late_rf,GRS,late,rf,3,1235,0.1494276523590088,7.617856740951538,7.767284393310547
LOG_SOL,fus_GRS_late_attfp,GRS,late,attfp,3,1235,4.0164899826049805,7.617856740951538,11.634346723556519
LOG_SOL,fus_GRMS_early_lgbm,GRMS,early,lgbm,4,1235,0.6329758167266846,7.617856740951538,8.250832557678223
LOG_SOL,fus_GRMS_early_rf,GRMS,early,rf,4,1235,0.9722690582275391,7.617856740951538,8.590125799179077
LOG_SOL,fus_GRMS_early_attfp,GRMS,early,attfp,4,1235,5.262857675552368,7.617856740951538,12.880714416503906
LOG_SOL,fus_GRMS_late_lgbm,GRMS,late,lgbm,4,1235,0.2458345890045166,7.617856740951538,7.863691329956055
LOG_SOL,fus_GRMS_late_rf,GRMS,late,rf,4,1235,0.3453855514526367,7.617856740951538,7.963242292404175
LOG_SOL,fus_GRMS_late_attfp,GRMS,late,attfp,4,1235,4.060053825378418,7.617856740951538,11.677910566329956
LOG_HLM,uni_R_lgbm,R,unimodal,lgbm,1,1718,0.07539749145507812,0.0,0.07539749145507812
LOG_HLM,uni_R_rf,R,unimodal,rf,1,1718,3.805417776107788,0.0,3.805417776107788
LOG_HLM,uni_M_lgbm,M,unimodal,lgbm,1,1718,0.4791891574859619,0.0,0.4791891574859619
LOG_HLM,uni_M_rf,M,unimodal,rf,1,1718,11.904756784439087,0.0,11.904756784439087
LOG_HLM,uni_G_lgbm,G,unimodal,lgbm,1,1718,0.18232083320617676,10.093013763427734,10.275334596633911
LOG_HLM,uni_G_rf,G,unimodal,rf,1,1718,0.14541363716125488,10.093013763427734,10.23842740058899
LOG_HLM,uni_S_lgbm,S,unimodal,lgbm,1,1718,0.5384616851806641,1.9337172508239746,2.4721789360046387
LOG_HLM,uni_S_rf,S,unimodal,rf,1,1718,0.4856722354888916,1.9337172508239746,2.419389486312866
LOG_HLM,uni_G_attfp,G,unimodal,attfp,1,1718,3.5762786865234375e-06,10.093013763427734,10.093017339706421
LOG_HLM,fus_GR_early_lgbm,GR,early,lgbm,2,1718,0.31709790229797363,10.093013763427734,10.410111665725708
LOG_HLM,fus_GR_early_rf,GR,early,rf,2,1718,0.6063051223754883,10.093013763427734,10.699318885803223
LOG_HLM,fus_GR_early_attfp,GR,early,attfp,2,1718,10.005808591842651,10.093013763427734,20.098822355270386
LOG_HLM,fus_GR_late_lgbm,GR,late,lgbm,2,1718,0.0905606746673584,10.093013763427734,10.183574438095093
LOG_HLM,fus_GR_late_rf,GR,late,rf,2,1718,0.15070676803588867,10.093013763427734,10.243720531463623
LOG_HLM,fus_GR_late_attfp,GR,late,attfp,2,1718,6.828774690628052,10.093013763427734,16.921788454055786
LOG_HLM,fus_GRM_early_lgbm,GRM,early,lgbm,3,1718,0.2151477336883545,10.093013763427734,10.308161497116089
LOG_HLM,fus_GRM_early_rf,GRM,early,rf,3,1718,1.22544527053833,10.093013763427734,11.318459033966064
LOG_HLM,fus_GRM_early_attfp,GRM,early,attfp,3,1718,11.230427265167236,10.093013763427734,21.32344102859497
LOG_HLM,fus_GRM_late_lgbm,GRM,late,lgbm,3,1718,0.5930578708648682,10.093013763427734,10.686071634292603
LOG_HLM,fus_GRM_late_rf,GRM,late,rf,3,1718,0.7117969989776611,10.093013763427734,10.804810762405396
LOG_HLM,fus_GRM_late_attfp,GRM,late,attfp,3,1718,5.90615177154541,10.093013763427734,15.999165534973145
LOG_HLM,fus_GRS_early_lgbm,GRS,early,lgbm,3,1718,0.18556809425354004,12.026731014251709,12.212299108505249
LOG_HLM,fus_GRS_early_rf,GRS,early,rf,3,1718,30.950400590896606,12.026731014251709,42.977131605148315
LOG_HLM,fus_GRS_early_attfp,GRS,early,attfp,3,1718,8.103869915008545,12.026731014251709,20.130600929260254
LOG_HLM,fus_GRS_late_lgbm,GRS,late,lgbm,3,1718,0.09122610092163086,12.026731014251709,12.11795711517334
LOG_HLM,fus_GRS_late_rf,GRS,late,rf,3,1718,0.29122257232666016,12.026731014251709,12.31795358657837
LOG_HLM,fus_GRS_late_attfp,GRS,late,attfp,3,1718,13.563746213912964,12.026731014251709,25.590477228164673
LOG_HLM,fus_GRMS_early_lgbm,GRMS,early,lgbm,4,1718,0.23135089874267578,12.026731014251709,12.258081912994385
LOG_HLM,fus_GRMS_early_rf,GRMS,early,rf,4,1718,18.908657550811768,12.026731014251709,30.935388565063477
LOG_HLM,fus_GRMS_early_attfp,GRMS,early,attfp,4,1718,5.660233736038208,12.026731014251709,17.686964750289917
LOG_HLM,fus_GRMS_late_lgbm,GRMS,late,lgbm,4,1718,0.596099853515625,12.026731014251709,12.622830867767334
LOG_HLM,fus_GRMS_late_rf,GRMS,late,rf,4,1718,0.7431681156158447,12.026731014251709,12.769899129867554
LOG_HLM,fus_GRMS_late_attfp,GRMS,late,attfp,4,1718,5.56192421913147,12.026731014251709,17.58865523338318
LOG_RLM,uni_R_lgbm,R,unimodal,lgbm,1,1701,0.07693338394165039,0.0,0.07693338394165039
LOG_RLM,uni_R_rf,R,unimodal,rf,1,1701,8.568673372268677,0.0,8.568673372268677
LOG_RLM,uni_M_lgbm,M,unimodal,lgbm,1,1701,0.22339224815368652,0.0,0.22339224815368652
LOG_RLM,uni_M_rf,M,unimodal,rf,1,1701,2.1818840503692627,0.0,2.1818840503692627
LOG_RLM,uni_G_lgbm,G,unimodal,lgbm,1,1701,0.1771707534790039,12.010747909545898,12.187918663024902
LOG_RLM,uni_G_rf,G,unimodal,rf,1,1701,0.8446626663208008,12.010747909545898,12.8554105758667
LOG_RLM,uni_S_lgbm,S,unimodal,lgbm,1,1701,0.07431674003601074,2.252859354019165,2.327176094055176
LOG_RLM,uni_S_rf,S,unimodal,rf,1,1701,3.972496271133423,2.252859354019165,6.225355625152588
LOG_RLM,uni_G_attfp,G,unimodal,attfp,1,1701,3.337860107421875e-06,12.010747909545898,12.010751247406006
LOG_RLM,fus_GR_early_lgbm,GR,early,lgbm,2,1701,0.29604220390319824,12.010747909545898,12.306790113449097
LOG_RLM,fus_GR_early_rf,GR,early,rf,2,1701,4.806214094161987,12.010747909545898,16.816962003707886
LOG_RLM,fus_GR_early_attfp,GR,early,attfp,2,1701,11.98177695274353,12.010747909545898,23.99252486228943
LOG_RLM,fus_GR_late_lgbm,GR,late,lgbm,2,1701,0.10243773460388184,12.010747909545898,12.11318564414978
LOG_RLM,fus_GR_late_rf,GR,late,rf,2,1701,0.15146803855895996,12.010747909545898,12.162215948104858
LOG_RLM,fus_GR_late_attfp,GR,late,attfp,2,1701,9.28931188583374,12.010747909545898,21.30005979537964
LOG_RLM,fus_GRM_early_lgbm,GRM,early,lgbm,3,1701,0.568098783493042,12.010747909545898,12.57884669303894
LOG_RLM,fus_GRM_early_rf,GRM,early,rf,3,1701,1.2768223285675049,12.010747909545898,13.287570238113403
LOG_RLM,fus_GRM_early_attfp,GRM,early,attfp,3,1701,13.607568264007568,12.010747909545898,25.618316173553467
LOG_RLM,fus_GRM_late_lgbm,GRM,late,lgbm,3,1701,0.32353949546813965,12.010747909545898,12.334287405014038
LOG_RLM,fus_GRM_late_rf,GRM,late,rf,3,1701,0.41272807121276855,12.010747909545898,12.423475980758667
LOG_RLM,fus_GRM_late_attfp,GRM,late,attfp,3,1701,5.986020088195801,12.010747909545898,17.9967679977417
LOG_RLM,fus_GRS_early_lgbm,GRS,early,lgbm,3,1701,0.18867969512939453,14.263607263565063,14.452286958694458
LOG_RLM,fus_GRS_early_rf,GRS,early,rf,3,1701,8.95231008529663,14.263607263565063,23.215917348861694
LOG_RLM,fus_GRS_early_attfp,GRS,early,attfp,3,1701,4.616530179977417,14.263607263565063,18.88013744354248
LOG_RLM,fus_GRS_late_lgbm,GRS,late,lgbm,3,1701,0.09439277648925781,14.263607263565063,14.358000040054321
LOG_RLM,fus_GRS_late_rf,GRS,late,rf,3,1701,0.2890784740447998,14.263607263565063,14.552685737609863
LOG_RLM,fus_GRS_late_attfp,GRS,late,attfp,3,1701,6.519378662109375,14.263607263565063,20.78298592567444
LOG_RLM,fus_GRMS_early_lgbm,GRMS,early,lgbm,4,1701,0.2983250617980957,14.263607263565063,14.56193232536316
LOG_RLM,fus_GRMS_early_rf,GRMS,early,rf,4,1701,41.91887426376343,14.263607263565063,56.18248152732849
LOG_RLM,fus_GRMS_early_attfp,GRMS,early,attfp,4,1701,4.333601474761963,14.263607263565063,18.597208738327026
LOG_RLM,fus_GRMS_late_lgbm,GRMS,late,lgbm,4,1701,0.32801294326782227,14.263607263565063,14.591620206832886
LOG_RLM,fus_GRMS_late_rf,GRMS,late,rf,4,1701,0.4274933338165283,14.263607263565063,14.691100597381592
LOG_RLM,fus_GRMS_late_attfp,GRMS,late,attfp,4,1701,6.277390003204346,14.263607263565063,20.54099726676941
LOG_MDR1_ER,uni_R_lgbm,R,unimodal,lgbm,1,1467,0.06721925735473633,0.0,0.06721925735473633
LOG_MDR1_ER,uni_R_rf,R,unimodal,rf,1,1467,6.585379600524902,0.0,6.585379600524902
LOG_MDR1_ER,uni_M_lgbm,M,unimodal,lgbm,1,1467,0.3333773612976074,0.0,0.3333773612976074
LOG_MDR1_ER,uni_M_rf,M,unimodal,rf,1,1467,9.347733736038208,0.0,9.347733736038208
LOG_MDR1_ER,uni_G_lgbm,G,unimodal,lgbm,1,1467,0.16300702095031738,8.212214469909668,8.375221490859985
LOG_MDR1_ER,uni_G_rf,G,unimodal,rf,1,1467,2.740493059158325,8.212214469909668,10.952707529067993
LOG_MDR1_ER,uni_S_lgbm,S,unimodal,lgbm,1,1467,0.16631221771240234,1.2277090549468994,1.3940212726593018
LOG_MDR1_ER,uni_S_rf,S,unimodal,rf,1,1467,0.36475300788879395,1.2277090549468994,1.5924620628356934
LOG_MDR1_ER,uni_G_attfp,G,unimodal,attfp,1,1467,3.337860107421875e-06,8.212214469909668,8.212217807769775
LOG_MDR1_ER,fus_GR_early_lgbm,GR,early,lgbm,2,1467,0.9196670055389404,8.212214469909668,9.131881475448608
LOG_MDR1_ER,fus_GR_early_rf,GR,early,rf,2,1467,0.5979726314544678,8.212214469909668,8.810187101364136
LOG_MDR1_ER,fus_GR_early_attfp,GR,early,attfp,2,1467,11.753030061721802,8.212214469909668,19.96524453163147
LOG_MDR1_ER,fus_GR_late_lgbm,GR,late,lgbm,2,1467,0.07671618461608887,8.212214469909668,8.288930654525757
LOG_MDR1_ER,fus_GR_late_rf,GR,late,rf,2,1467,0.13423371315002441,8.212214469909668,8.346448183059692
LOG_MDR1_ER,fus_GR_late_attfp,GR,late,attfp,2,1467,5.930014371871948,8.212214469909668,14.142228841781616
LOG_MDR1_ER,fus_GRM_early_lgbm,GRM,early,lgbm,3,1467,0.15195798873901367,8.212214469909668,8.364172458648682
LOG_MDR1_ER,fus_GRM_early_rf,GRM,early,rf,3,1467,2.727236747741699,8.212214469909668,10.939451217651367
LOG_MDR1_ER,fus_GRM_early_attfp,GRM,early,attfp,3,1467,4.484155178070068,8.212214469909668,12.696369647979736
LOG_MDR1_ER,fus_GRM_late_lgbm,GRM,late,lgbm,3,1467,0.41561174392700195,8.212214469909668,8.62782621383667
LOG_MDR1_ER,fus_GRM_late_rf,GRM,late,rf,3,1467,0.5157039165496826,8.212214469909668,8.72791838645935
LOG_MDR1_ER,fus_GRM_late_attfp,GRM,late,attfp,3,1467,5.07253623008728,8.212214469909668,13.284750699996948
LOG_MDR1_ER,fus_GRS_early_lgbm,GRS,early,lgbm,3,1467,0.16792535781860352,9.439923524856567,9.607848882675171
LOG_MDR1_ER,fus_GRS_early_rf,GRS,early,rf,3,1467,8.30411672592163,9.439923524856567,17.7440402507782
LOG_MDR1_ER,fus_GRS_early_attfp,GRS,early,attfp,3,1467,4.589493989944458,9.439923524856567,14.029417514801025
LOG_MDR1_ER,fus_GRS_late_lgbm,GRS,late,lgbm,3,1467,0.0825965404510498,9.439923524856567,9.522520065307617
LOG_MDR1_ER,fus_GRS_late_rf,GRS,late,rf,3,1467,0.1512768268585205,9.439923524856567,9.591200351715088
LOG_MDR1_ER,fus_GRS_late_attfp,GRS,late,attfp,3,1467,5.664156675338745,9.439923524856567,15.104080200195312
LOG_MDR1_ER,fus_GRMS_early_lgbm,GRMS,early,lgbm,4,1467,0.20748353004455566,9.439923524856567,9.647407054901123
LOG_MDR1_ER,fus_GRMS_early_rf,GRMS,early,rf,4,1467,19.5100576877594,9.439923524856567,28.949981212615967
LOG_MDR1_ER,fus_GRMS_early_attfp,GRMS,early,attfp,4,1467,3.973581075668335,9.439923524856567,13.413504600524902
LOG_MDR1_ER,fus_GRMS_late_lgbm,GRMS,late,lgbm,4,1467,0.4262566566467285,9.439923524856567,9.866180181503296
LOG_MDR1_ER,fus_GRMS_late_rf,GRMS,late,rf,4,1467,0.5431680679321289,9.439923524856567,9.983091592788696
LOG_MDR1_ER,fus_GRMS_late_attfp,GRMS,late,attfp,4,1467,4.941778659820557,9.439923524856567,14.381702184677124
LOG_HPPB,uni_R_lgbm,R,unimodal,lgbm,1,95,0.011630535125732422,0.0,0.011630535125732422
LOG_HPPB,uni_R_rf,R,unimodal,rf,1,95,0.11508631706237793,0.0,0.11508631706237793
LOG_HPPB,uni_M_lgbm,M,unimodal,lgbm,1,95,0.03860878944396973,0.0,0.03860878944396973
LOG_HPPB,uni_M_rf,M,unimodal,rf,1,95,0.052591562271118164,0.0,0.052591562271118164
LOG_HPPB,uni_G_lgbm,G,unimodal,lgbm,1,95,0.016490697860717773,0.6794352531433105,0.6959259510040283
LOG_HPPB,uni_G_rf,G,unimodal,rf,1,95,0.06661820411682129,0.6794352531433105,0.7460534572601318
LOG_HPPB,uni_S_lgbm,S,unimodal,lgbm,1,95,0.018685102462768555,0.19624924659729004,0.2149343490600586
LOG_HPPB,uni_S_rf,S,unimodal,rf,1,95,0.07004165649414062,0.19624924659729004,0.26629090309143066
LOG_HPPB,uni_G_attfp,G,unimodal,attfp,1,95,1.6689300537109375e-06,0.6794352531433105,0.6794369220733643
LOG_HPPB,fus_GR_early_lgbm,GR,early,lgbm,2,95,0.05314135551452637,0.6794352531433105,0.7325766086578369
LOG_HPPB,fus_GR_early_rf,GR,early,rf,2,95,0.06869769096374512,0.6794352531433105,0.7481329441070557
LOG_HPPB,fus_GR_early_attfp,GR,early,attfp,2,95,0.4178898334503174,0.6794352531433105,1.097325086593628
LOG_HPPB,fus_GR_late_lgbm,GR,late,lgbm,2,95,0.016193628311157227,0.6794352531433105,0.6956288814544678
LOG_HPPB,fus_GR_late_rf,GR,late,rf,2,95,0.02635955810546875,0.6794352531433105,0.7057948112487793
LOG_HPPB,fus_GR_late_attfp,GR,late,attfp,2,95,0.7963447570800781,0.6794352531433105,1.4757800102233887
LOG_HPPB,fus_GRM_early_lgbm,GRM,early,lgbm,3,95,0.0485990047454834,0.6794352531433105,0.728034257888794
LOG_HPPB,fus_GRM_early_rf,GRM,early,rf,3,95,0.05807161331176758,0.6794352531433105,0.7375068664550781
LOG_HPPB,fus_GRM_early_attfp,GRM,early,attfp,3,95,0.3457376956939697,0.6794352531433105,1.0251729488372803
LOG_HPPB,fus_GRM_late_lgbm,GRM,late,lgbm,3,95,0.05540013313293457,0.6794352531433105,0.7348353862762451
LOG_HPPB,fus_GRM_late_rf,GRM,late,rf,3,95,0.10898852348327637,0.6794352531433105,0.7884237766265869
LOG_HPPB,fus_GRM_late_attfp,GRM,late,attfp,3,95,0.7387223243713379,0.6794352531433105,1.4181575775146484
LOG_HPPB,fus_GRS_early_lgbm,GRS,early,lgbm,3,95,0.05239057540893555,0.8756844997406006,0.9280750751495361
LOG_HPPB,fus_GRS_early_rf,GRS,early,rf,3,95,0.37239694595336914,0.8756844997406006,1.2480814456939697
LOG_HPPB,fus_GRS_early_attfp,GRS,early,attfp,3,95,0.28481316566467285,0.8756844997406006,1.1604976654052734
LOG_HPPB,fus_GRS_late_lgbm,GRS,late,lgbm,3,95,0.013676166534423828,0.8756844997406006,0.8893606662750244
LOG_HPPB,fus_GRS_late_rf,GRS,late,rf,3,95,0.07033109664916992,0.8756844997406006,0.9460155963897705
LOG_HPPB,fus_GRS_late_attfp,GRS,late,attfp,3,95,0.7142848968505859,0.8756844997406006,1.5899693965911865
LOG_HPPB,fus_GRMS_early_lgbm,GRMS,early,lgbm,4,95,0.08103489875793457,0.8756844997406006,0.9567193984985352
LOG_HPPB,fus_GRMS_early_rf,GRMS,early,rf,4,95,0.044660329818725586,0.8756844997406006,0.9203448295593262
LOG_HPPB,fus_GRMS_early_attfp,GRMS,early,attfp,4,95,0.26778268814086914,0.8756844997406006,1.1434671878814697
LOG_HPPB,fus_GRMS_late_lgbm,GRMS,late,lgbm,4,95,0.055501699447631836,0.8756844997406006,0.9311861991882324
LOG_HPPB,fus_GRMS_late_rf,GRMS,late,rf,4,95,0.11104416847229004,0.8756844997406006,0.9867286682128906
LOG_HPPB,fus_GRMS_late_attfp,GRMS,late,attfp,4,95,0.6702048778533936,0.8756844997406006,1.5458893775939941
LOG_RPPB,uni_R_lgbm,R,unimodal,lgbm,1,84,0.013128519058227539,0.0,0.013128519058227539
LOG_RPPB,uni_R_rf,R,unimodal,rf,1,84,0.03968620300292969,0.0,0.03968620300292969
LOG_RPPB,uni_M_lgbm,M,unimodal,lgbm,1,84,0.021386146545410156,0.0,0.021386146545410156
LOG_RPPB,uni_M_rf,M,unimodal,rf,1,84,0.06665158271789551,0.0,0.06665158271789551
LOG_RPPB,uni_G_lgbm,G,unimodal,lgbm,1,84,0.015735864639282227,0.8431921005249023,0.8589279651641846
LOG_RPPB,uni_G_rf,G,unimodal,rf,1,84,0.056123971939086914,0.8431921005249023,0.8993160724639893
LOG_RPPB,uni_S_lgbm,S,unimodal,lgbm,1,84,0.014281988143920898,0.13398432731628418,0.14826631546020508
LOG_RPPB,uni_S_rf,S,unimodal,rf,1,84,0.11867427825927734,0.13398432731628418,0.2526586055755615
LOG_RPPB,uni_G_attfp,G,unimodal,attfp,1,84,9.5367431640625e-07,0.8431921005249023,0.8431930541992188
LOG_RPPB,fus_GR_early_lgbm,GR,early,lgbm,2,84,0.043740272521972656,0.8431921005249023,0.886932373046875
LOG_RPPB,fus_GR_early_rf,GR,early,rf,2,84,0.030620098114013672,0.8431921005249023,0.873812198638916
LOG_RPPB,fus_GR_early_attfp,GR,early,attfp,2,84,0.5641720294952393,0.8431921005249023,1.4073641300201416
LOG_RPPB,fus_GR_late_lgbm,GR,late,lgbm,2,84,0.015263557434082031,0.8431921005249023,0.8584556579589844
LOG_RPPB,fus_GR_late_rf,GR,late,rf,2,84,0.09024691581726074,0.8431921005249023,0.9334390163421631
LOG_RPPB,fus_GR_late_attfp,GR,late,attfp,2,84,0.6903879642486572,0.8431921005249023,1.5335800647735596
LOG_RPPB,fus_GRM_early_lgbm,GRM,early,lgbm,3,84,0.047516822814941406,0.8431921005249023,0.8907089233398438
LOG_RPPB,fus_GRM_early_rf,GRM,early,rf,3,84,0.07646369934082031,0.8431921005249023,0.9196557998657227
LOG_RPPB,fus_GRM_early_attfp,GRM,early,attfp,3,84,0.44796037673950195,0.8431921005249023,1.2911524772644043
LOG_RPPB,fus_GRM_late_lgbm,GRM,late,lgbm,3,84,0.037134647369384766,0.8431921005249023,0.8803267478942871
LOG_RPPB,fus_GRM_late_rf,GRM,late,rf,3,84,0.06198525428771973,0.8431921005249023,0.9051773548126221
LOG_RPPB,fus_GRM_late_attfp,GRM,late,attfp,3,84,1.3617873191833496,0.8431921005249023,2.204979419708252
LOG_RPPB,fus_GRS_early_lgbm,GRS,early,lgbm,3,84,0.039949893951416016,0.9771764278411865,1.0171263217926025
LOG_RPPB,fus_GRS_early_rf,GRS,early,rf,3,84,0.04163980484008789,0.9771764278411865,1.0188162326812744
LOG_RPPB,fus_GRS_early_attfp,GRS,early,attfp,3,84,0.9132699966430664,0.9771764278411865,1.890446424484253
LOG_RPPB,fus_GRS_late_lgbm,GRS,late,lgbm,3,84,0.015401363372802734,0.9771764278411865,0.9925777912139893
LOG_RPPB,fus_GRS_late_rf,GRS,late,rf,3,84,0.026809215545654297,0.9771764278411865,1.0039856433868408
LOG_RPPB,fus_GRS_late_attfp,GRS,late,attfp,3,84,1.1553575992584229,0.9771764278411865,2.1325340270996094
LOG_RPPB,fus_GRMS_early_lgbm,GRMS,early,lgbm,4,84,0.06455588340759277,0.9771764278411865,1.0417323112487793
LOG_RPPB,fus_GRMS_early_rf,GRMS,early,rf,4,84,0.05587601661682129,0.9771764278411865,1.0330524444580078
LOG_RPPB,fus_GRMS_early_attfp,GRMS,early,attfp,4,84,0.39218902587890625,0.9771764278411865,1.3693654537200928
LOG_RPPB,fus_GRMS_late_lgbm,GRMS,late,lgbm,4,84,0.03831028938293457,0.9771764278411865,1.015486717224121
LOG_RPPB,fus_GRMS_late_rf,GRMS,late,rf,4,84,0.06316947937011719,0.9771764278411865,1.0403459072113037
LOG_RPPB,fus_GRMS_late_attfp,GRMS,late,attfp,4,84,1.2021491527557373,0.9771764278411865,2.179325580596924
