nonstereo_aromatic_smiles,pIC50,chembl_cid,Target ID,year
Cc1cc(-c2cnc(Nc3cc(Cl)cc(Cl)c3)nc2NC2CCC(N(C)C)CC2)on1,5.111259039317107,CHEMBL2312654,262,2013.0
NC(=O)c1sc(-c2ccnc(NC(=O)C3CC3)c2)nc1OCC1CC1,9.537602002101044,CHEMBL3410091,262,2015.0
N#Cc1cc(F)ccc1-c1ccc(CSc2nnc(-c3ccc4c(c3)OCCO4)o2)cc1,6.732828271596986,CHEMBL2064535,262,2012.0
CSc1nc(-c2ccc(F)cc2)c(-c2ccnc(NC(=O)C3CC(=O)C3)c2)[nH]1,6.73754891026957,CHEMBL4458096,262,2019.0
N#Cc1c(N)nc2sc(C(=O)c3cccc(Cl)c3)c(N)c2c1-c1ccccc1Br,5.3979400086720375,CHEMBL2313850,262,2013.0
Cc1cc(-c2cc(-c3nc4ccc(CN5CCN(C)CC5)cc4[nH]3)c(=O)[nH]n2)cc(C)c1O,8.823908740944319,CHEMBL270473,262,2008.0
CCCC(=O)Nc1n[nH]c2cc(-c3ccoc3)ccc12,6.585026652029182,CHEMBL1086781,262,2010.0
Cc1c[nH]c(-c2cnc(NCCNc3ccc(C#N)cn3)nc2-c2ccc(Cl)cc2Cl)n1,7.997987357660004,CHEMBL412142,262,2004.0
CC=Cc1ccc2c(NC(=O)CCC)n[nH]c2c1,5.609241471261283,CHEMBL1086176,262,2010.0
N#Cc1c(N)nc2sc(C(=O)c3cccc(Cl)c3)c(N)c2c1-c1ccccc1Cl,5.481486060122112,CHEMBL2313853,262,2013.0
CCCC(=O)Nc1n[nH]c2cc(-c3ccncc3)ccc12,6.17979854051436,CHEMBL1086782,262,2010.0
CSc1nc(-c2ccc(F)cc2)c(-c2ccnc(NC(=O)C3CC(Cl)C3)c2)[nH]1,6.586476991497633,CHEMBL4435922_CHEMBL4446355,262,
CSc1cnn2c(NCc3cccnc3)cc(-c3ccccc3)nc12,5.7447274948966935,CHEMBL399287,262,2007.0
CCC1(c2ccccc2)C2=C(CC(C)(C)CC2=O)Nc2n[nH]cc21,6.288192770958808,CHEMBL4438334,262,2019.0
CCCC(=O)Nc1n[nH]c2cc(Br)ccc12,6.703334809738469,CHEMBL1086780,262,2010.0
CCCC(=O)Nc1n[nH]c2cc(-c3ccccc3Cl)ccc12,5.868702203402377,CHEMBL1086175,262,2010.0
CCCC(=O)Nc1n[nH]c2cc(C(F)(F)F)ccc12,6.709965388637482,CHEMBL1086640,262,2010.0
CC(O)c1cc(NCc2cccnc2)n2ncc(Br)c2n1,6.301029995663981,CHEMBL251375,262,2007.0
CCCC(=O)Nc1n[nH]c2cc(-c3ccsc3)ccc12,6.029188389127482,CHEMBL1083208,262,2010.0
CCCC(=O)Nc1n[nH]c2cc(-c3ccccc3)ccc12,6.150693131614407,CHEMBL1086174,262,2010.0
CCCC(=O)Nc1n[nH]c2cc(-c3cccnc3)ccc12,5.096020177844965,CHEMBL1085918,262,2010.0
Cc1ccc(-c2ccc3occ(-c4ccc([S+](C)[O-])cc4)c3c2)o1,7.259441667643077,CHEMBL574588_CHEMBL574591_CHEMBL575021,262,
CC1(C)Cn2cc(C(=O)O)c(=O)c3c(N)c(F)c(NCCNc4ccccn4)c(c32)O1,6.356547323513812,CHEMBL1834327,262,2011.0
N#CCc1cnn2c(NCc3cccnc3)cc(-c3ccccc3)nc12,5.958607314841775,CHEMBL398647,262,2007.0
Fc1ccc(Nc2nccc(-c3cnn4ncccc34)n2)cc1F,8.0,CHEMBL364370,262,2020.0
CCCC(=O)Nc1n[nH]c2cc(Cl)c(-c3ccc([N+](=O)[O-])cc3)cc12,7.744727494896693,CHEMBL1091081,262,2010.0
CCCC(=O)Nc1n[nH]c2cc(Cl)c(-c3ccncc3)cc12,7.301029995663981,CHEMBL1077233,262,2010.0
CCCC(=O)Nc1n[nH]c2cc(Cl)c(-c3ccoc3)cc12,7.740743030061056,CHEMBL1077218,262,2010.0
CSc1nc(-c2ccc(F)cc2)c(-c2ccnc(NC(=O)C3CCCC3)c2)[nH]1,6.866461091629782,CHEMBL4574237,262,2019.0
CCCC(=O)Nc1n[nH]c2cc(Cl)c(Br)cc12,7.259637310505756,CHEMBL1089722,262,2010.0
CCCC(=O)Nc1n[nH]c2cc(Cl)ccc12,6.450996737974212,CHEMBL1082235,262,2010.0
Fc1cccc(SCc2nnc(-c3ccc4c(c3)CCO4)o2)c1,6.167491087293763,CHEMBL513576,262,2009.0
CSc1nc(-c2ccc(F)cc2)c(-c2ccnc(NC(=O)C3CCCO3)c2)[nH]1,6.278189384787453,CHEMBL4441042,262,2019.0
N=C1NC2c3c([nH]c(Br)c3Br)C(=O)C3CCCC32N1,5.522878745280337,CHEMBL4073799,262,2017.0
CSc1nc(-c2ccc(F)cc2)c(-c2ccnc(NC(=O)CC3CC3)c2)[nH]1,6.667561540084394,CHEMBL4434855,262,2019.0
Fc1cccc(CSc2nnc(-c3ccc4c(c3)CCO4)o2)c1,7.267606240177031,CHEMBL470360,262,2009.0
CSc1nc(-c2ccc(F)cc2)c(-c2ccnc(NC(=O)CN3CCCC3=O)c2)[nH]1,6.899629454882437,CHEMBL4566059,262,2019.0
Cc1cc(NCc2cccnc2)n2ncc(Br)c2n1,5.452225294612178,CHEMBL249141,262,2007.0
CSc1nc(-c2ccc(F)cc2)c(-c2ccnc(NC(=O)Cc3ccc(C(F)(F)F)cc3)c2)[nH]1,5.489186989487504,CHEMBL4555766,262,2019.0
Fc1cccc(CNc2nnc(-c3ccc4c(c3)CCO4)o2)c1,6.481486060122112,CHEMBL451857,262,2009.0
CS(=O)(=O)c1ccc(-c2c[nH]c3ncc(C=CC(=O)NCc4ccncc4)cc23)cc1,6.657577319177793,CHEMBL4557360,262,2016.0
Fc1cccc(CCc2nnc(-c3ccc4c(c3)CCO4)o2)c1,6.468521082957745,CHEMBL470380,262,2009.0
CCCC1=C(c2nnc(C)o2)C(c2cccc(C#N)c2Br)c2c[nH]nc2N1,9.154901959985745,CHEMBL270265,262,2008.0
Cn1cnc2ccc(-c3nnc(SCc4cccc(C(F)(F)F)c4)o3)cc21,8.0268721464003,CHEMBL461261,262,2009.0
CSc1nc(-c2ccc(F)cc2)c(-c2ccnc(NC(=O)CCc3ccc(C(F)(F)F)cc3)c2)[nH]1,6.0195421077239,CHEMBL4518955,262,2019.0
Cc1cc(F)ccc1C1CN(c2nc(-c3ccncc3)cc(=O)n2C)CCN1,7.619788758288394,CHEMBL4090743,262,2017.0
CCCC(=O)Nc1n[nH]c2cc(Cl)c(-c3ccc(OCc4ccccc4)cc3)cc12,7.638272163982407,CHEMBL1091083,262,2010.0
CCCNC(=O)c1ccc(Nc2nc(NCC(F)(F)F)c3cc[nH]c3n2)cc1,5.026410376572743,CHEMBL2006765,262,2016.0
CCCC(=O)Nc1n[nH]c2cc(CCc3ccccc3)ccc12,5.069305612335464,CHEMBL1084684,262,2010.0
CCCC(=O)Nc1n[nH]c2cc(Cc3ccccc3)ccc12,5.3829996588791005,CHEMBL1077260,262,2010.0
CCCC(=O)Nc1n[nH]c2cc(Cl)c(-c3ccc(C)cc3)cc12,7.853871964321762,CHEMBL1097694,262,2010.0
CC1(C)COc2c(NCCNc3ccccn3)c(F)c(N)c3c(=O)c(C(=O)O)cn(c23)C1,6.795880017344075,CHEMBL1834328,262,2011.0
CC1(C)COc2c(NCCNc3ccccn3)c(F)c(N)c3c(=O)c(C(=O)O)cn1c23,7.309803919971486,CHEMBL1834326,262,2011.0
CSc1nc(-c2ccc(F)cc2)c(-c2ccnc(NC(=O)C3CC3)c2)n1C,6.195179321278838,CHEMBL1272270,262,2010.0
N#CC(=C1Nc2ccccc2S1)c1ccnc(NCCc2cccnc2)n1,7.397940008672037,CHEMBL1788116_CHEMBL191384,262,
Ic1cccc(CSc2nnc(-c3ccncc3)o2)c1,6.255654150841529,CHEMBL288064,262,2002.0
Fc1ccccc1-n1cc(CSc2nnc(Cn3c(C(F)(F)F)nc4ccccc43)o2)nn1,6.568636235841012,CHEMBL4639781,262,2019.0
CCCC(=O)Nc1n[nH]c2cc(Cl)c(-c3ccc(O)cc3)cc12,7.548455006504028,CHEMBL1095366,262,2010.0
CC=CC(=O)NCCCN1CCC(CNC(=O)c2n[nH]c3ccc(OC)cc23)CC1,5.821023052706831,CHEMBL3735527,262,2015.0
CSc1nc(-c2ccc(F)cc2)c(-c2ccnc(NC(C)=O)c2)[nH]1,6.818156412055227,CHEMBL1773425,262,2011.0
CSc1nc(-c2ccc(F)cc2)c(-c2ccnc(NC(=O)C3CCC(=O)C3)c2)[nH]1,7.136677139879544,CHEMBL4571942,262,2019.0
Fc1ccccc1-c1cc(NCOc2cccnc2)n2ncc(Br)c2n1,6.886056647693163,CHEMBL398622,262,2007.0
CCCCC(=O)Nc1ncnc2[nH]c(-c3cccc(C#N)c3)nc12,5.913640169325252,CHEMBL1210476,262,2010.0
CCCC(=O)Nc1n[nH]c2cc(Cl)c(-c3ccc(CC)cc3)cc12,7.920818753952375,CHEMBL1077213,262,2010.0
CCCC(=O)Nc1n[nH]c2cc(Cl)c(-c3ccc(F)cc3)cc12,7.271816983435478,CHEMBL1091082,262,2010.0
CCCC(=O)Nc1n[nH]c2cc(Cl)c(-c3ccc(N)cc3)cc12,8.096910013008056,CHEMBL1095041,262,2010.0
CSc1nc(-c2ccc(F)cc2)c(-c2ccnc(NC(=O)C3CCC3)c2)[nH]1,6.8794260687941495,CHEMBL4561291,262,2019.0
CSc1nc(-c2ccc(F)cc2)c(-c2ccnc(NC(=O)c3ccoc3)c2)[nH]1,5.437231456983481,CHEMBL4555253,262,2019.0
CSc1nc(-c2ccc(F)cc2)c(-c2ccnc(NC(=O)C3CC3c3ccccc3)c2)[nH]1,6.092588639225414,CHEMBL3219237_CHEMBL4442468,262,
N#Cc1cc(F)ccc1-c1ccc(CSc2nnc(-c3ccc4c(c3)OCO4)o2)cc1,7.657577319177793,CHEMBL2064532,262,2012.0
CCCC(=O)Nc1n[nH]c2cc(-c3ccc(O)cc3)c(-c3ccco3)cc12,7.853871964321762,CHEMBL1089723,262,2010.0
NC(=O)c1cc(F)ccc1-c1ccc(CSc2nnc(-c3ccc4c(c3)OCCO4)o2)cc1,6.853871964321762,CHEMBL3632824,262,2015.0
NC(=O)c1ncc(-c2ccnc(NC(=O)C3CC3)c2)[nH]1,7.327902142064282,CHEMBL4456432,262,2019.0
NC(=O)c1nc(-c2cccc(OC(F)(F)F)c2)c(-c2ccnc(NC(=O)C3CC3)c2)[nH]1,6.453457336521868,CHEMBL4529679,262,2019.0
CCCCNc1nccc(-c2cc(C(=O)NCCCc3cccnc3)c(=O)[nH]n2)n1,7.443697499232712,CHEMBL549804,262,2009.0
CCC(=O)NCCCN1CCC(CNC(=O)c2n[nH]c3ccc(OC)cc23)CC1,5.94692155651658,CHEMBL3735637,262,2015.0
NC(=O)c1nc(-c2ccc(F)cc2)c(-c2ccnc(NC(=O)C3CC3)c2)[nH]1,7.4089353929735005,CHEMBL4452444,262,2019.0
Cc1ccc(-c2ccc3ncn(-c4ccc([S+](C)[O-])cc4)c3c2)o1,6.698970004336019,CHEMBL578427,262,2009.0
N#Cc1cccc(-c2nc3c(Nc4ccccc4)ncnc3[nH]2)c1,7.585026652029182,CHEMBL1210236,262,2010.0
Cc1ccc(-c2ccc3[nH]nc(C(=O)NCC4CCN(CCc5ccccc5)CC4)c3c2)cn1,7.397940008672037,CHEMBL3736449,262,2015.0
Cc1ccc(-c2cc3c(NC(=O)C4CCCC4)ncnc3o2)cc1,6.619788758288394,CHEMBL182007,262,2004.0
NC(=O)c1nc(-c2ccc(F)c(C(F)(F)F)c2)c(-c2ccnc(NC(=O)C3CC3)c2)[nH]1,7.102372908709558,CHEMBL4461695,262,2019.0
NC(=O)c1cnc(-c2ccnc(NC(=O)C3CC3)c2)s1,7.886056647693163,CHEMBL3410087,262,2015.0
NC(=O)c1cnc(-c2ccnc(NC(=O)C3CC3)c2)cn1,7.522878745280337,CHEMBL3410109,262,2015.0
NC(=O)c1cnc(-c2ccnc(NC(=O)C3CC3)c2)cc1OCC(F)(F)F,8.167491087293763,CHEMBL3410106,262,2015.0
NC(=O)c1nc(-c2ccccc2O)c(-c2ccnc(NC(=O)C3CC3)c2)[nH]1,7.638272163982407,CHEMBL4475312,262,2019.0
N#Cc1cccc(CSc2nnc(-c3ccncc3)o2)c1,5.50003813440381,CHEMBL2064521,262,2012.0
N#Cc1cccc(-c2nc3c(NC(=O)C4CC4)ncnc3[nH]2)c1,6.1073489661227,CHEMBL1210405,262,2010.0
N#Cc1ccccc1-c1ccc(CSc2nnc(-c3ccc4c(c3)OCO4)o2)cc1,7.4089353929735005,CHEMBL2064533,262,2012.0
Cc1ccc(-c2cc3c(NC(=O)C4CC4)ncnc3o2)cc1,6.209714835966759,CHEMBL182283,262,2004.0
CS(=O)(=O)c1ccc(Nc2cc(-c3ccccc3Cl)nc3c(Br)cnn23)cc1,6.346787486224656,CHEMBL400240,262,2007.0
N#Cc1ccccc1-c1ccc(CSc2nnc(-c3ccncc3)o2)cc1,7.387216143280264,CHEMBL2064536,262,2012.0
N#Cc1cccc(-c2ccc(CSc3nnc(-c4ccncc4)o3)cc2)c1,7.075720713938118,CHEMBL2391132,262,2013.0
CCCCCCCCCCCCCCCC(=O)N1CCN(C(=O)C2Sc3ccccc3N(CC)C2=O)CC1,5.060480747381382,CHEMBL4092659,262,2017.0
CCCCCCCCCCCCCC(=O)OCC(O)C1OC(=O)C(O)=C1O,5.239999952707271,CHEMBL219346,262,2013.0
CCCCCCCCCCCC(=O)NNC(=O)c1c(O)c2ccccc2n(CC)c1=O,5.521433504406156,CHEMBL2037482,262,2011.0
CC(NC(=O)C=Cc1cnc2[nH]cc(-c3ccccc3)c2c1)C(O)c1ccccc1,6.7447274948966935,CHEMBL3933780,262,2016.0
CCCCCCCCCCCC(=O)NNC(=O)C1Sc2ccccc2N(Cc2ccccc2)C1=O,5.0,CHEMBL3358803,262,2014.0
CCCCCCCCCCCC(=O)NNC(=O)C1Sc2ccccc2N(CC)C1=O,5.096910013008056,CHEMBL3358802,262,2014.0
Cc1ccc(-c2c[nH]c(C3COCCN3Cc3c[nH]c4ccccc34)n2)cc1,6.920818753952375,CHEMBL2297166,262,2013.0
N#Cc1cccc(NC(=O)NC2COC3C(Nc4nccc(-c5cccc(F)c5)n4)COC23)c1,5.681936665037238,CHEMBL4779572,262,2021.0
CSc1nc(-c2ccnc(NC(=O)C3CC3)c2)c(-c2ccc(F)cc2)n1C,5.7495799976911055,CHEMBL4449296,262,2019.0
N#Cc1cccc(CSc2nnc(-c3ccc4c(c3)OCO4)o2)c1,7.187086643357144,CHEMBL2064516,262,2012.0
NC(=O)c1nc(C2CCCCC2)c(-c2ccnc(NC(=O)C3CC3)c2)[nH]1,8.522878745280337,CHEMBL4526183,262,2019.0
Cc1ccc(-c2ccc3occ(-c4ccc(O)cc4)c3c2)o1,6.7447274948966935,CHEMBL573192,262,2009.0
Cc1ccc(-c2ccc3occ(-c4ccc([S+](C)[O-])cc4)c3n2)o1,6.568636235841012,CHEMBL572560,262,2009.0
Cc1ccc(-c2ccc3occ(-c4cccc([S+](C)[O-])c4)c3c2)o1,6.6777807052660805,CHEMBL573487,262,2009.0
Cc1ccc(-c2ccc3occ(-c4ccncc4)c3c2)o1,7.113509274827518,CHEMBL582853,262,2009.0
Cc1ccc(-c2ccc3scc(-c4ccc([S+](C)[O-])cc4)c3c2)o1,6.102372908709558,CHEMBL573266,262,2009.0
Cc1ccc(-c2ccnc(N)c2N=Cc2ccnc(NC(=O)C3CC3)c2)cc1,5.902395671125589,CHEMBL4460479,262,2019.0
NC1=NONC1N1N=NC(c2n[nH]c(-c3ccncc3)n2)C1CN1CCCCC1,6.552841968657781,CHEMBL197226,262,2005.0
Cc1ccc(-c2ccc3occ(-c4ccc(F)cc4)c3c2)o1,6.958607314841775,CHEMBL573007,262,2009.0
NC1CCC(Nc2cc(Nc3ccc(S(=O)(=O)c4ccccc4)cc3)n3ncc(Br)c3n2)CC1,5.275724130399211,CHEMBL361833,262,2005.0
Cc1ccc(-c2ccc3occ(-c4ccc(C(N)=O)cc4)c3c2)o1,7.161150909262744,CHEMBL576165,262,2009.0
NC1CCC(Nc2cc(Nc3ccc(S(=O)(=O)c4cccs4)cc3)n3ncc(Cl)c3n2)CC1,5.3979400086720375,CHEMBL181114,262,2005.0
Cc1ccc(-c2ccc3occ(-c4ccc(C(C)O)cc4)c3c2)o1,6.795880017344075,CHEMBL573933,262,2009.0
Cc1ccc(-c2cnc(N)c(N=Cc3ccnc(NC(=O)C4CC4)c3)c2)cc1,6.429457060118103,CHEMBL4458206,262,2019.0
N#Cc1cccc(CSc2nnc(-c3ccc4c(c3)OCCO4)o2)c1,7.0655015487564325,CHEMBL2064518,262,2012.0
Cc1ccc(-c2cnc(N)c(NC(=O)c3ccnc(NC(=O)C4CC4)c3)c2)cc1,6.896196279044043,CHEMBL4472042,262,2019.0
NC1CCC(Nc2cc(Nc3ccc(S(N)(=O)=O)cc3)n3ncnc3n2)CC1,6.107905397309519,CHEMBL380331,262,2006.0
NCCON=C1C(=C2C(=O)Nc3ccc([N+](=O)[O-])cc32)Nc2ccc(O)cc21,8.262807357295262,CHEMBL4763626,262,2019.0
C[S+]([O-])c1ccc(-c2coc3ccc(-c4nnc(N)o4)cc23)cc1,7.886056647693163,CHEMBL584976,262,2009.0
C[S+]([O-])c1ccc(-c2coc3ccc(-c4nnc(O)o4)cc23)cc1,6.886056647693163,CHEMBL573267,262,2008.0
CCCCNC(=O)N1Cc2n[nH]c(NC(=O)C(C)c3ccc4ccccc4c3)c2C1,7.301029995663981,CHEMBL380946,262,2008.0
NCCn1cc(C2=C(c3coc4ccccc34)C(=O)NC2=O)c2cc(Br)ccc21,6.935542010773082,CHEMBL2386098,262,2013.0
NCCn1cc(C2=C(c3coc4ccccc34)C(=O)NC2=O)c2cc(F)ccc21,7.386158178123931,CHEMBL2386099,262,2013.0
C[S+]([O-])c1ccc(-c2coc3ccc(-c4nnc(S)o4)cc23)cc1,7.026872146400302,CHEMBL574601,262,2009.0
N#Cc1cccc(C(=O)c2sc3nc(N)c(C#N)c(-c4ccccc4Cl)c3c2N)c1,5.091514981121351,CHEMBL2314101,262,2013.0
NC(=O)c1ncc(-c2cc(NC(=O)C3CC3)ncc2Br)[nH]1,6.450996737974212,CHEMBL4439815,262,2019.0
C[S+]([O-])c1nc(-c2ccc(F)cc2)c(-c2ccnc(NC(=O)C3CC3)c2)[nH]1,6.627087997029893,CHEMBL4589431,262,2019.0
C[S+]([O-])c1nc(-c2ccc(F)cc2)c(-c2ccnc(NC(=O)C3CCC3)c2)[nH]1,6.368556230986828,CHEMBL4449570,262,2019.0
N#Cc1cccc(CSc2nnc(-c3ccc4c(c3)CCO4)o2)c1,7.040958607678906,CHEMBL469736,262,2009.0
Cc1ccc(-c2ccc3occ(-c4ccc(C(=O)O)cc4)c3c2)o1,7.301029995663981,CHEMBL573257,262,2009.0
CCC(CC)CNc1c(C(N)=O)cnc2ccc(C#N)cc12,6.259637310505756,CHEMBL4593348,262,2016.0
NC(=O)c1sc(-c2ccnc(NC(=O)C3CC3)c2)nc1OC1CCC1,9.431798275933003,CHEMBL3410092,262,2015.0
Cn1sc(=O)n(Cc2ccccc2)c1=O,5.853240720564136,CHEMBL284861,262,2002.0
NC(=O)c1sc(-c2ccnc(NC(=O)C3CC3)c2)nc1OCCCC1CCN(Cc2ccc(F)cc2)CC1,7.79317412396815,CHEMBL4747992,262,2021.0
Cc1ccc(C(=O)CC2(O)C(=O)Nc3ccc(Nc4ccco4)cc32)cc1,5.765229704839084,CHEMBL4529655,262,2019.0
CCCC(=O)Nc1n[nH]c2cc(-c3ccc(O)cc3)c(-c3ccoc3)cc12,7.008773924307505,CHEMBL1077243,262,2010.0
CCCC(=O)Nc1n[nH]c2cc(-c3ccc(O)cc3Cl)ccc12,7.259637310505756,CHEMBL1088618,262,2010.0
Fc1cc(F)cc(-c2ccc(CSc3nnc(-c4ccc5c(c4)OCO5)o3)cc2)c1,6.709965388637482,CHEMBL2391117,262,2013.0
CCCCCC(=O)Nc1ncnc2oc(-c3ccc(OC)cc3)cc12,6.359518563029578,CHEMBL360878,262,2004.0
CCCC(=O)Nc1n[nH]c2cc(-c3ccc(OC(F)(F)F)cc3)ccc12,5.259795264492551,CHEMBL1084683,262,2010.0
CCCCC1CN(c2nc(-c3ccncc3F)cc(=O)n2C)CCO1,7.920818753952375,CHEMBL3401116,262,2015.0
CC(C)n1cc(C2=C(c3cccc(NC(=O)CF)c3)C(=O)NC2=O)c2cccnc21,7.769551078621726,CHEMBL4645337,262,2019.0
Cc1cc2c3c(c1)c(C1=C(c4cnc5ccccn45)C(=O)NC1=O)cn3CCN(C(=O)N1CCCCC1)C2,8.2839966563652,CHEMBL186290,262,2004.0
CCCC(=O)Nc1n[nH]c2cc(-c3ccc(OCc4ccccc4)cc3)ccc12,5.926648297613099,CHEMBL1085927,262,2010.0
CCCCc1nc(-c2ccncc2)cc(=O)[nH]1,5.886056647693163,CHEMBL3093036,262,2013.0
CCCC(=O)Nc1n[nH]c2cc(-c3ccc(SC)cc3)ccc12,5.144783805266637,CHEMBL1077258,262,2010.0
CSc1ccc(-c2coc3ccc(-c4ccc(C)o4)cc23)cc1,7.180456064458131,CHEMBL572973,262,2009.0
N#Cc1ccc(CSc2nnc(-c3ccc4c(c3)OCCO4)o2)cc1,6.779891911959945,CHEMBL2064519,262,2012.0
CCC1CN(Cc2ccccc2)CCN1c1nc(-c2ccncn2)cc(=O)n1C,7.366531544420413,CHEMBL4078869,262,2017.0
NC(=O)c1ccc(-c2ccnc(Nc3cccc(-c4ccccc4)c3)n2)cc1,7.50003813440381,CHEMBL4126566,262,2018.0
Cc1cc(C)cc(Nc2nccc(-c3cnn4ncccc34)n2)c1,9.0,CHEMBL186101,262,2020.0
N#Cc1ccc(-c2ccc(CSc3nnc(-c4ccncc4)o3)cc2)cc1,6.815308569182401,CHEMBL2390958,262,2013.0
NC(=O)c1ccc(-c2ccnc(Nc3cc(-c4ccccc4)ccc3F)n2)cc1,5.59999938302362,CHEMBL4129843,262,2018.0
N#Cc1ccc(-c2ccc(CSc3nnc(-c4ccc5c(c4)OCO5)o3)cc2)cc1,6.500312917381596,CHEMBL2064515,262,2012.0
NC(=O)c1ccc(-c2ccnc(NC(=O)C3CC3)c2)nn1,6.853871964321762,CHEMBL3410112,262,2015.0
NC(=O)c1ccc(-c2ccnc(NC(=O)C3CC3)c2)cn1,7.045757490560675,CHEMBL3410103,262,2015.0
NC(=O)c1ccc(-c2c[nH]c3ncc(C=CC(=O)NCc4ccncc4)cc23)cc1,8.35359627377693,CHEMBL4543687,262,2016.0
N#Cc1ccc(-c2ccc(CSc3nnc(-c4ccc5c(c4)OCCO5)o3)cc2)cc1,5.700057099977233,CHEMBL2391127,262,2013.0
N#Cc1ccc(-c2c[nH]c3ncc(C=CC(=O)NCc4ccncc4)cc23)cc1,7.199970640755866,CHEMBL4556527,262,2016.0
N#Cc1cc(F)ccc1-c1ccc(CSc2nnc(-c3ccncc3)o2)cc1,7.251811972993799,CHEMBL2391098,262,2013.0
CCCC(=O)Nc1n[nH]c2cc(-c3cccc(O)c3)ccc12,7.026872146400302,CHEMBL1086639,262,2010.0
CCC1COCCN1c1nc(-c2ccncc2F)cc(=O)n1C,7.622062572163754,CHEMBL3401119_CHEMBL3401122,262,
CSc1cc(NCc2cccnc2)n2ncc(Br)c2n1,5.928117992693874,CHEMBL249165,262,2007.0
Fc1cc(F)cc(-c2ccc(CSc3nnc(-c4ccc5c(c4)OCCO5)o3)cc2)c1,6.015022873584506,CHEMBL2391124,262,2013.0
Cn1nc(C(N)=O)cc1-c1ccnc(NC(=O)C2CC2)c1,7.619788758288394,CHEMBL3410108,262,2015.0
Cc1ccc(-n2cc(CSC3=NC(c4ccccc4)CC(=O)N3C)nn2)cc1C,7.086186147616283,CHEMBL4635819,262,2019.0
CCCCCCCCCC(=O)OCC(O)C1OC(=O)C(O)=C1O,5.212335083150178,CHEMBL218301,262,2013.0
FC(F)(F)c1cccc(-c2nn3ncccc3c2-c2ccnc(Nc3ccc4c(c3)OCCO4)n2)c1,7.299988937677888,CHEMBL362155,262,2020.0
FC(F)(F)c1cccc(CSc2nnc(-c3ccc4c(c3)CCO4)o2)c1,7.167491087293763,CHEMBL472249,262,2009.0
N#Cc1cccc(-c2ccc(CSc3nnc(-c4ccc5c(c4)OCO5)o3)cc2)c1,7.537602002101044,CHEMBL2391121,262,2013.0
N#Cc1cccc(-c2ccc(CSc3nnc(-c4ccc5c(c4)OCCO5)o3)cc2)c1,6.647817481888637,CHEMBL2391130,262,2013.0
NC1=NONC1N1N=NC(C(=O)NN=Cc2ccncc2)C1CN1CCCCC1,7.0,CHEMBL197077,262,2005.0
NC1=NC(=O)C(=C2CCNC(=O)c3[nH]c(Br)cc32)N1,8.0,CHEMBL361708,262,2004.0
N#Cc1ccc2[nH]c(O)c(-c3ccc(CN4CCOCC4)cn3)c2c1,7.508638306165727,CHEMBL1969664,262,2017.0
CCCC(=O)NCCCN1CCC(CNC(=O)c2n[nH]c3ccc(OC)cc23)CC1,6.1249387366083,CHEMBL3736458,262,2015.0
FC(F)(F)c1nc2ccccc2n1Cc1nnc(SCc2cn(-c3ccccc3)nn2)o1,6.494850021680094,CHEMBL4633926,262,2019.0
FC(F)(F)c1nc2ccccc2n1Cc1nnc(SCc2cn(-c3cccnc3)nn2)o1,6.823908740944319,CHEMBL4648941,262,2019.0
CCCC(=O)Nc1n[nH]c2c(Cl)c(Cl)c(-c3ccccc3)cc12,7.920818753952375,CHEMBL1097003,262,2010.0
CCCC(=O)Nc1n[nH]c2c(F)c(Cl)c(-c3ccccc3)cc12,8.221848749616356,CHEMBL1086427,262,2010.0
CCCC(=O)Nc1n[nH]c2cc(-c3cc(Cl)cc(Cl)c3)ccc12,5.266561972908939,CHEMBL1084682,262,2010.0
CCCC(=O)Nc1n[nH]c2cc(-c3cc(F)cc(F)c3)ccc12,5.553568854528997,CHEMBL1095038,262,2010.0
CCCC(=O)Nc1n[nH]c2cc(-c3ccc(C(C)(C)C)cc3)ccc12,5.419303060287563,CHEMBL1095039,262,2010.0
CCCC(=O)Nc1n[nH]c2cc(-c3ccc(F)cc3)ccc12,5.300335679797627,CHEMBL1084681,262,2010.0
CCCC(=O)Nc1n[nH]c2cc(-c3ccc(N)cc3)ccc12,7.119186407719209,CHEMBL1086638,262,2010.0
CCCC(=O)Nc1n[nH]c2cc(-c3ccc(N)nc3)ccc12,5.963371104637838,CHEMBL1083209,262,2010.0
CCCC(=O)Nc1n[nH]c2cc(-c3ccc(O)cc3)c(-c3ccc(CC)cc3)cc12,7.309803919971486,CHEMBL1093079,262,2010.0
CCCC(=O)Nc1n[nH]c2cc(-c3ccc(O)cc3)c(-c3ccc(O)cc3)cc12,7.251811972993799,CHEMBL1093390,262,2010.0
N#Cc1ccc(N2CCC(Nc3c(C(N)=O)cnc4[nH]ccc34)C(F)C2)nc1,6.008773924307505,CHEMBL3593777_CHEMBL3593778,262,
N#Cc1ccc(CSc2nnc(-c3ccncc3)o2)cc1,5.0,CHEMBL1352577,262,2012.0
CCCC(=O)Nc1n[nH]c2cc(-c3ccc(O)cc3)c(-c3ccccc3)cc12,7.259637310505756,CHEMBL1093745,262,2010.0
N#Cc1ccc(CSc2nnc(-c3ccc4c(c3)OCO4)o2)cc1,6.886056647693163,CHEMBL2064517,262,2012.0
CCCCc1c(-c2ccc(O)cc2)[nH]c2nccnc12,6.187086643357144,CHEMBL75680,262,2003.0
CCCC(=O)Nc1n[nH]c2cc(-c3ccc(O)cc3)c(-c3cccnc3)cc12,6.826813731587726,CHEMBL1092802,262,2010.0
Cc1ccc(-c2ccc3occ(-c4ccc(S(C)(=O)=O)cc4)c3c2)o1,7.376750709602099,CHEMBL584757,262,2009.0
CCCC(=O)Nc1n[nH]c2cc(-c3ccccc3)c(-c3ccccc3)cc12,5.764471553092451,CHEMBL1093746,262,2010.0
NC(=O)c1nc(C2CC2)c(-c2ccnc(NC(=O)C3CC3)c2)[nH]1,8.522878745280337,CHEMBL4483032,262,2019.0
COc1ccc(C2CN(c3nc(-c4ccncn4)cc(=O)n3C)CCO2)cc1,8.537602002101044,CHEMBL3091538,262,2013.0
CS(=O)(=O)Nc1ccc(CCNC(=O)c2ccnc3[nH]c(-c4cccs4)nc23)cc1,7.920818753952375,CHEMBL2048671,262,2012.0
COc1cc(C2=C(c3c[nH]c4ccccc34)C(=O)NC2=O)cc(OC)c1OC,5.958607314841775,CHEMBL201511,262,2006.0
O=C(Nc1cccc(C(F)(F)F)c1)NC1COC2C(Nc3nccc(-c4cccc(F)c4)n3)COC12,5.686132779630847,CHEMBL4781499,262,2021.0
O=C(Nc1cccc(C(F)(F)F)c1)NC1COC2C(Nc3nccc(-c4ccco4)n3)COC12,5.530177984021837,CHEMBL4792670,262,2021.0
O=C(Nc1cccc(C(F)(F)F)c1)NC1COC2C(Nc3nccc(-c4cccs4)n3)COC12,5.393403690820715,CHEMBL4744440,262,2021.0
O=C(Nc1cccc(C(F)(F)F)c1)OC1COC2C(Nc3nccc(-c4ccc5c(c4)OCO5)n3)COC12,5.96657624451305,CHEMBL4751957,262,2021.0
CN(C)CC(OC(=O)N1Cc2c(NC(=O)C(C)(C)C)n[nH]c2C1(C)C)c1ccccc1,6.6439741428068775,CHEMBL2064628,262,2012.0
CN(C)CC1CCn2c(c(C3=C(c4cn(C)c5ccccc45)C(=O)NC3=O)c3ccccc32)C1,7.698970004336019,CHEMBL1202927_CHEMBL26501,262,
COc1cc(-c2ccnc(NC(=O)C3CC3)c2)ncc1C(N)=O,7.657577319177793,CHEMBL3410105,262,2015.0
COc1cc(-c2ccnc(NC(=O)C3CC3)c2)cnc1C(N)=O,8.154901959985743,CHEMBL3410104,262,2015.0
COc1c(NCCNc2ccccn2)c(F)c(N)c2c(=O)c(C(=O)O)cn(C3CCCC3)c12,5.823908740944319,CHEMBL1834317,262,2011.0
COc1cc(C2=C(c3cn(CCN4CCN(C)CC4)c4ccccc34)C(=O)NC2=O)c2occc2c1,9.853871964321762,CHEMBL564450,262,2009.0
COc1c(NCCNc2ccccn2)c(F)c(N)c2c(=O)c(C(=O)O)cn(C3CC3)c12,6.795880017344075,CHEMBL1834316,262,2011.0
COc1c(NCCNc2ccccn2)c(F)c(N)c2c(=O)c(C(=O)O)c[nH]c12,6.0,CHEMBL1834319,262,2011.0
COc1c(NCCNc2cccc3ccccc23)c(F)c(N)c2c(=O)c(C(=O)O)cn(C3CC3)c12,7.508638306165727,CHEMBL1834125,262,2011.0
COc1c(NCCCc2ccccc2)c(F)c(N)c2c(=O)c(C(=O)O)cn(C3CC3)c12,7.187086643357144,CHEMBL1834123,262,2011.0
O=C(Nc1ccccc1)NC1COC2C(Nc3nccc(-c4cccs4)n3)COC12,5.568636235841012,CHEMBL4757545,262,2021.0
O=C(Nc1ccccc1)Nc1[nH]nc2nnc(-c3ccccc3)c(-c3ccccc3)c12,5.133122185662501,CHEMBL198058,262,2018.0
COP(=O)(OC)c1ccc(-c2coc3ccc(-c4ccc(C)o4)cc23)cc1,6.552841968657781,CHEMBL578861,262,2009.0
CN(C)CCn1cc(-c2ccn3c(-c4ccc(C(N)=O)c(OCc5cccc(F)c5)c4)cnc3c2)cn1,7.040958607678906,CHEMBL4062453,262,2017.0
O=C(Nc1cccnc1)c1ccnc2[nH]c(-c3ccc(F)cc3)nc12,8.096910013008056,CHEMBL2048665,262,2012.0
O=C(Nc1cccnc1)c1ccnc2[nH]c(-c3ccsc3)nc12,7.886056647693163,CHEMBL2048674,262,2012.0
Cc1nnc(-c2ccc3occ(-c4ccc([S+](C)[O-])cc4)c3c2)s1,7.142667503568731,CHEMBL572793,262,2009.0
COc1c(NCCNc2ccccn2)c(F)c(N)c2c(=O)c(C(=O)O)cn(C)c12,6.568636235841012,CHEMBL1834320,262,2011.0
Cc1nnc(-c2ccc3occ(-c4ccc([S+](C)[O-])cc4)c3c2)[nH]1,7.091514981121351,CHEMBL576540,262,2009.0
Clc1ccc(CSc2nnc(-c3ccc4c(c3)CCO4)o2)cc1,6.552841968657781,CHEMBL470567,262,2009.0
COc1cc(C=C2SC(=O)NC2=O)ccc1O,5.221125527997261,CHEMBL232380,262,2018.0
COc1cc(NCCCN)c2nccc(C)c2c1Oc1cccc(C(F)(F)F)c1,7.455931955649724,CHEMBL495039,262,2014.0
COc1cc(F)ccc1C1CN(c2nc(-c3ccncn3)cc(=O)n2C)CCO1,9.327902142064282,CHEMBL3091541,262,2013.0
COc1cc(F)ccc1C1CN(c2nc(-c3ccncn3)cc(=O)n2C)CCN1Cc1ccccc1,6.657577319177793,CHEMBL4077867,262,2017.0
COc1cc(F)ccc1C1CN(c2nc(-c3ccncn3)cc(=O)n2C)CCN1C(C)=O,5.823908740944319,CHEMBL4070626,262,2017.0
COc1cc(F)ccc1C1CN(c2nc(-c3ccncn3)cc(=O)n2C)CCN1C,7.585026652029182,CHEMBL4076461,262,2017.0
COc1cc(F)ccc1C1CN(c2nc(-c3ccncc3)cc(=O)n2C)CCN1Cc1ccccc1,5.920818753952375,CHEMBL4070575,262,2017.0
COc1cc(F)ccc1C1CN(c2nc(-c3ccncc3)cc(=O)n2C)CCN1C(C)=O,5.769551078621726,CHEMBL4077350,262,2017.0
COc1cc(F)ccc1C1CN(c2nc(-c3ccncc3)cc(=O)n2C)CCN1C,7.251811972993799,CHEMBL4082385,262,2017.0
COc1cc(F)ccc1-c1ncnc(Nc2cccc(CS(C)(=N)=O)c2)n1,7.060480747381382,CHEMBL4286578,262,2020.0
COc1cc(F)cc(F)c1C1CN(c2nc(-c3ccncn3)cc(=O)n2C)CCN1,8.769551078621726,CHEMBL4071429,262,2017.0
COc1cc(C=C2C(=O)Nc3ccc(NC(C)=O)cc32)cc(OC)c1OC,6.632830511465319,CHEMBL4450851,262,2019.0
COc1cc(F)cc(F)c1C1CN(c2nc(-c3ccncc3)cc(=O)n2C)CCN1,8.698970004336019,CHEMBL4098458,262,2017.0
CN(C)C(=O)N1CCn2cc(C3=C(c4cnc5ccccn45)C(=O)NC3=O)c3cccc(c32)C1,8.795880017344075,CHEMBL362814,262,2004.0
Clc1ccccc1CSc1nnc(-c2ccc3c(c2)CCO3)o1,6.698970004336019,CHEMBL513040,262,2009.0
COc1cc(CC(=O)Nc2cc(-c3[nH]c(SC)nc3-c3ccc(F)cc3)ccn2)cc(OC)c1OC,6.292429823902063,CHEMBL4513323,262,2019.0
Clc1ccccc1-c1cc(NCc2cccnc2)n2ncc(Br)c2n1,7.267606240177031,CHEMBL401303,262,2007.0
Clc1ccccc1-c1cc(NCOc2cccnc2)n2ncc(Br)c2n1,7.455931955649724,CHEMBL398621,262,2007.0
Clc1cccc(CSc2nnc(-c3ccc4c(c3)CCO4)o2)c1,7.026872146400302,CHEMBL470566,262,2009.0
COc1cc(C=CC(O)=CC(=O)C=Cc2ccc(OCc3ccccc3)cc2)ccc1O,6.045757490560675,CHEMBL3763944,262,2016.0
COc1cc(C=CC(O)=CC(=O)C=Cc2ccc(C)cc2)ccc1O,5.679853713888946,CHEMBL3763318,262,2016.0
CN(C)C1Cn2cc(C3=C(c4cnc5ccccn45)C(=O)NC3=O)c3cccc(c32)CN1C=O,8.795880017344075,CHEMBL4169204,262,2018.0
CC(=O)NC1CCCC(C(=O)Nc2cc(-c3cnn4c3CC(C)(C)C4)c(Cl)cn2)C1,6.607303046740334,CHEMBL4462530,262,2020.0
COc1cc(CCC(=O)Nc2cc(-c3[nH]c(SC)nc3-c3ccc(F)cc3)ccn2)cc(OC)c1OC,6.440093374963888,CHEMBL4520113,262,2019.0
COc1cc(NCc2cccnc2)n2ncc(Br)c2n1,5.85078088734462,CHEMBL250386,262,2007.0
O=C(Nc1n[nH]c2cc(-c3ccc(O)cc3)ccc12)C1CC1,7.0,CHEMBL260163,262,2008.0
COCc1cccc2c(C3=C(c4coc5ccccc45)C(=O)NC3=O)cn(C)c12,9.638272163982409,CHEMBL491647,262,2009.0
O=C(O)CCC(=O)Nc1n[nH]c2cc(Cl)ccc12,5.928117992693874,CHEMBL1084134,262,2010.0
Cc1ncc(-c2ccnc(NC(=O)C3CC3)c2)[nH]1,5.773657912836369,CHEMBL4582385,262,2019.0
COCCN1CCC(CNC(=O)c2n[nH]c3ccc(OC)cc23)CC1,6.060480747381382,CHEMBL3735497,262,2015.0
COCCN1CCC(CNC(=O)c2n[nH]c3ccc(-c4cnccc4OC)cc23)CC1,7.346787486224656,CHEMBL3735079,262,2015.0
COCCN1CCC(CNC(=O)c2n[nH]c3ccc(-c4cncc(OC)c4)cc23)CC1,7.585026652029182,CHEMBL3735522,262,2015.0
COCCN1CCC(CNC(=O)c2n[nH]c3ccc(-c4cccnc4OC)cc23)CC1,5.853871964321762,CHEMBL3734853,262,2015.0
COCCN1CCC(CNC(=O)c2n[nH]c3ccc(-c4cccnc4)cc23)CC1,7.508638306165727,CHEMBL3735967,262,2015.0
COCCN1CCC(CNC(=O)c2n[nH]c3ccc(-c4ccccc4F)cc23)CC1,7.142667503568731,CHEMBL3735246,262,2015.0
COCCN1CCC(CNC(=O)c2n[nH]c3ccc(-c4ccccc4C)cc23)CC1,6.236572006437063,CHEMBL3736396,262,2015.0
COCCN1CCC(CNC(=O)c2n[nH]c3ccc(-c4ccccc4)cc23)CC1,6.698970004336019,CHEMBL3736164,262,2015.0
Cc1nn(-c2ccc(Cl)cc2Cl)c2c1c1c(c3cccn32)C(=O)NC1=O,6.619788758288394,CHEMBL3110144,262,2013.0
COCCN1CCC(CNC(=O)c2n[nH]c3ccc(-c4cccc(F)c4F)cc23)CC1,7.744727494896693,CHEMBL3735506,262,2015.0
COCCN1CCC(CNC(=O)c2n[nH]c3ccc(-c4ccc(OC)cc4)cc23)CC1,6.251811972993799,CHEMBL3736122,262,2015.0
COCCN1CCC(CNC(=O)c2n[nH]c3ccc(-c4ccc(C)nc4)cc23)CC1,7.1938200260161125,CHEMBL3736223,262,2015.0
O=C(O)CCCNC(=O)c1cc(Oc2ccc(NC(=O)Nc3ccc(Cl)c(C(F)(F)F)c3)cc2)ccn1,5.481486060122112,CHEMBL4747475,262,2021.0
O=C(O)CN1CCC(CNC(=O)c2n[nH]c3ccc(-c4cccc(Cl)c4Cl)cc23)CC1,7.397940008672037,CHEMBL3735459,262,2015.0
O=C(O)CN1CCC(CNC(=O)c2n[nH]c3ccc(-c4cccc(F)c4F)cc23)CC1,7.568636235841012,CHEMBL3736167,262,2015.0
O=C(O)CN1CCC(CNC(=O)c2n[nH]c3ccc(-c4ccccc4F)cc23)CC1,7.346787486224656,CHEMBL3735835,262,2015.0
COCC1COc2ccc(-c3nnc(SCc4ccc(-c5ccccc5C#N)cc4)o3)cc2O1,6.547461721014226,CHEMBL2064537_CHEMBL2064538_CHEMBL2064539,262,
O=C(O)c1ccc(-c2ccnc(Nc3cccc(-c4ccccc4)c3)n2)cc1,6.399996913372259,CHEMBL4127319,262,2018.0
O=C(O)c1ccc(CN2CCC(CNC(=O)c3n[nH]c4ccc(-c5cccc(F)c5F)cc34)CC2)o1,7.920818753952375,CHEMBL3735215,262,2015.0
O=C(O)c1ccc(CN2CCC(CNC(=O)c3n[nH]c4ccc(-c5ccccc5F)cc34)CC2)o1,7.769551078621726,CHEMBL3735856,262,2015.0
COCCN1CCC(CNC(=O)c2n[nH]c3ccc(-c4ccc(OC)nc4)cc23)CC1,7.275724130399211,CHEMBL3735627,262,2015.0
O=C(Nc1n[nH]c2nc(-c3ccco3)c(Br)cc12)C1CC1,8.154901959985743,CHEMBL408564,262,2008.0
Cc1cccc(Nc2cc(-c3noc(-c4ccc(NS(=O)(=O)c5ccc(C(C)(C)C)cc5)cc4)n3)ccn2)c1,6.026872146400301,CHEMBL4751438,262,2021.0
Cc1nn(-c2ccccc2Cl)c2c1c1c(c3cccn32)C(=O)NC1=O,6.026872146400301,CHEMBL3110143,262,2013.0
COCc1cccc2c(C3=C(c4coc5cc(CO)ccc45)C(=O)NC3=O)cn(C)c12,9.136677139879543,CHEMBL490636,262,2009.0
COCc1ccc2c(C3=C(c4cn(C)c5ccc(F)cc45)C(=O)NC3=O)coc2c1,7.623423042943488,CHEMBL516261,262,2009.0
O=C(Nc1ncnc2[nH]c(-c3ccc4ccccc4c3)nc12)C1CC1,6.772113295386326,CHEMBL1210406,262,2010.0
O=C(Nc1ncnc2[nH]c(-c3cccc(Cl)c3)nc12)C1CC1,6.437707135543525,CHEMBL1210310,262,2010.0
O=C(Nc1ncnc2oc(-c3ccc(Cl)cc3)cc12)C1CC1,6.0,CHEMBL182904,262,2004.0
O=C(Nc1ncnc2oc(-c3ccc(Cl)cc3)cc12)C1CCCC1,6.259637310505756,CHEMBL183171,262,2004.0
O=C(Nc1ncnc2oc(-c3ccc(F)cc3)cc12)C1CC1,6.2403321553103694,CHEMBL183504,262,2004.0
COCCn1cc(C2=C(c3coc4ccccc34)C(=O)NC2=O)c2cccnc21,7.235077015350111,CHEMBL2386109,262,2013.0
COCCn1cc(C2=C(c3coc4ccccc34)C(=O)NC2=O)c2ccccc21,7.703334809738469,CHEMBL2386102,262,2013.0
COCCn1cc(C2=C(c3coc4ccccc34)C(=O)NC2=O)c2cc(OC)ncc21,6.896196279044043,CHEMBL2386111,262,2013.0
Cc1nn(-c2ccccc2)c2c1c1c(c3cccn32)C(=O)NC1=O,6.161150909262744,CHEMBL3110140,262,2013.0
COCCn1cc(C2=C(c3coc4ccccc34)C(=O)NC2=O)c2cc(F)ccc21,7.401209493236885,CHEMBL2386103,262,2013.0
COCCn1cc(C2=C(c3coc4ccccc34)C(=O)NC2=O)c2cc(Br)cnc21,7.598599459218455,CHEMBL2386107,262,2013.0
COCCn1cc(C2=C(c3coc4ccccc34)C(=O)NC2=O)c2cc(Br)ccc21,7.08460016478773,CHEMBL2386104,262,2013.0
O=C(Nc1ncnc2oc(-c3ccc(F)cc3)cc12)C1CCCC1,6.6595558851598815,CHEMBL185922,262,2004.0
COCCc1cccc2c(C3=C(c4coc5ccccc45)C(=O)NC3=O)cn(CCOC)c12,6.943095148663527,CHEMBL2386275,262,2013.0
COCCc1cccc2c(C3=C(c4coc5ccccc45)C(=O)NC3=O)cn(C)c12,7.950781977329818,CHEMBL2386273,262,2013.0
O=C(Nc1ncnc2oc(-c3ccccc3)cc12)C1CC1,6.769551078621726,CHEMBL360534,262,2004.0
O=C(Nc1ncnc2oc(-c3ccccc3)cc12)C1CCCC1,7.668621084159213,CHEMBL183038,262,2004.0
O=C(Nc1ncnc2oc(-c3cccnc3)cc12)C1CC1,8.301029995663981,CHEMBL361196,262,2004.0
O=C(Nc1ncnc2oc(-c3cccnc3)cc12)C1CCCC1,8.301029995663981,CHEMBL182419,262,2004.0
CC(=O)N1CCN(c2nc(-c3ccncn3)cc(=O)n2C)C(C)C1,7.309803919971486,CHEMBL4067909,262,2017.0
COCCn1cc(C2=C(c3coc4ccccc34)C(=O)NC2=O)c2cc(F)c(F)cc21,7.447331783887806,CHEMBL2386105,262,2013.0
COc1cc(Nc2nccc(-c3cnn4ncccc34)n2)cc(OC)c1,7.899974269892137,CHEMBL359999,262,2020.0
CC1CN(C(=O)c2ccccc2)CCN1c1nc(-c2ccncn2)cc(=O)n1C,7.67778070526608,CHEMBL4071773,262,2017.0
CC1CN(C)CCN1c1nc(-c2ccncc2)cc(=O)n1C,7.096910013008056,CHEMBL4074146_CHEMBL4089331,262,
COc1ccc(-c2cc3c(NC(=O)C(C)C)ncnc3o2)cc1,6.886056647693163,CHEMBL183077,262,2004.0
O=C(NCCc1cccnc1Cl)c1ccnc2[nH]c(-c3ccoc3)nc12,8.045757490560675,CHEMBL2048673,262,2012.0
O=C(NCc1ccc(Cl)cc1)c1cc(-c2ccc(O)c(F)c2)n[nH]c1=O,7.4089353929735005,CHEMBL540245,262,2009.0
CCc1cc2c(c3cc(OC)c(OC)cc13)C(=O)NC2=O,7.036212172654444,CHEMBL570580,262,2010.0
O=C(NCc1ccc(F)cc1F)c1cc(-c2ccncc2)n[nH]c1=O,7.187086643357144,CHEMBL557354,262,2009.0
CCc1ccc(-n2cc(CSC3=NC(c4ccccc4)CC(=O)N3C)nn2)cc1,7.026872146400302,CHEMBL4641105,262,2019.0
O=C(NCc1cccc(O)c1)Nc1nc(-c2ccncc2)cs1,8.109578981199085,CHEMBL3218011_CHEMBL3218297,262,
CCc1ccc(-n2cc(CSc3nnc(Cn4c(C(F)(F)F)nc5ccccc54)o3)nn2)cc1,6.4089353929735005,CHEMBL4643895,262,2019.0
COc1ccc(-c2c[nH]c3ncc(C=CC(=O)NCc4ccncc4)cc23)cc1,9.29413628771608,CHEMBL4468662,262,2016.0
CCc1ccc(Nc2cc(-c3noc(-c4ccc(NS(=O)(=O)c5ccc(C(C)(C)C)cc5)cc4)n3)ccn2)cc1,5.489454989793388,CHEMBL4752122,262,2021.0
COc1ccc(-c2cc3c(NC(=O)C4CC4)ncnc3o2)cc1,6.500312917381596,CHEMBL362030,262,2004.0
CCc1ccc2[nH]nc(C(=O)NCC3CCN(CC(=O)O)CC3)c2c1,6.266802734893431,CHEMBL3735445,262,2015.0
Cc1ccc2c(c1)C(=C1Nc3ccccc3C1=NOCCOC1OC(CO)C(O)C(O)C1O)C(=O)N2,6.537602002101044,CHEMBL4100748,262,2017.0
CC1CN(c2cncnc2)CCN1c1nc(-c2ccncn2)cc(=O)n1C,7.853871964321762,CHEMBL4095163,262,2017.0
CC(=O)c1ccc(-c2coc3ccc(-c4ccc(C)o4)cc23)cc1,7.0,CHEMBL572779,262,2009.0
CC(=O)c1ccc(-c2c[nH]c3ncc(C=CC(=O)NCc4ccncc4)cc23)cc1,8.847711655616944,CHEMBL4579826,262,2016.0
CC(=O)c1ccc(-c2c[nH]c3ncc(C=CC(=O)NCCc4ccccn4)cc23)cc1,8.863279432843592,CHEMBL4521500,262,2016.0
CC(=O)Oc1[nH]c2ccccc2c1-c1cccc2ccccc12,5.0,CHEMBL4203890,262,2017.0
CC1CN(c2ccncc2)CCN1c1nc(-c2ccncn2)cc(=O)n1C,8.42021640338319,CHEMBL4065956,262,2017.0
CS(=O)(=O)Nc1ccc(CCNC(=O)c2ccnc3[nH]c(-c4ccoc4)nc23)cc1,8.522878745280337,CHEMBL2048670,262,2012.0
CC1CN(c2ccccn2)CCN1c1nc(-c2ccncn2)cc(=O)n1C,8.387216143280265,CHEMBL4093930,262,2017.0
CC1CN(c2ccccc2F)CCN1c1nc(-c2ccncn2)cc(=O)n1C,9.69897000433602,CHEMBL4077376,262,2017.0
CC1CN(c2nc(-c3ccncn3)cc(=O)n2C)CCN1Cc1ccccc1,6.107905397309519,CHEMBL4083994_CHEMBL4101984,262,
CC1CN(c2ccccc2C#N)CCN1c1nc(-c2ccncn2)cc(=O)n1C,8.3767507096021,CHEMBL4101293,262,2017.0
COc1ccc(-c2cc3c(NC(=O)C4CCCC4)ncnc3o2)cc1,7.508864383480216,CHEMBL181959,262,2004.0
COc1ccc(-c2cc3c(NC(=O)CC4CCCC4)ncnc3o2)cc1,6.494850021680094,CHEMBL182891,262,2004.0
COc1ccc(-c2ccnc(NC3COC4C(NC(=O)Nc5cc(OC)cc(OC)c5)COC34)n2)cc1,6.375717904164332,CHEMBL4751581,262,2021.0
COc1ccc(-c2cccc3nc(NC(=O)C4CC4)nn23)cc1,5.147886139150239,CHEMBL3360318,262,2014.0
CC1CNCCN1c1nc(-c2ccncn2)cc(=O)n1C,7.502621527706186,CHEMBL4068148_CHEMBL4100141,262,
O=C(NCCCc1ccc(Cl)nc1)c1ccnc2[nH]c(-c3ccc(F)cc3)nc12,7.769551078621726,CHEMBL2046466,262,2012.0
COc1ccc(-c2ccc3[nH]nc(C(=O)NCC4CCN(Cc5ccc(C(=O)O)o5)CC4)c3c2)cn1,7.67778070526608,CHEMBL3736035,262,2015.0
COc1ccc(-c2ccc3[nH]nc(C(=O)NCC4CCN(Cc5ccc(C(=O)O)o5)CC4)c3c2)cc1,6.522878745280337,CHEMBL3734895,262,2015.0
CC(C)(C)CNC(=O)CC1CNC(=O)c2cc(-c3ccncc3)cn21,5.336487529584844,CHEMBL3298402,262,2013.0
Cc1ccc2[nH]nc(C(=O)NCC3CCN(C(=O)Nc4ccccc4)CC3)c2c1,6.1938200260161125,CHEMBL4632385,262,2019.0
Cc1ccc2[nH]nc(C(=O)NCC3CCN(CC(=O)Nc4ccccc4)CC3)c2c1,6.1938200260161125,CHEMBL3735755,262,2015.0
Cc1ccc2c(-c3ccnc(Nc4cccc(C(F)(F)F)c4)n3)c(-c3ccccc3)nn2n1,7.400007822415902,CHEMBL434729,262,2020.0
COc1ccc(-c2cc3c(NC(=O)C4CCCCC4)ncnc3o2)cc1,5.739928612014925,CHEMBL360340,262,2004.0
CC1CN(c2ncccn2)CCN1c1nc(-c2ccncn2)cc(=O)n1C,7.619788758288394,CHEMBL4067737,262,2017.0
COc1ccc(-c2ccc(CSc3nnc(-c4ccc5c(c4)OCO5)o3)cc2)cc1,7.1249387366083,CHEMBL2391119,262,2013.0
COc1ccc(-c2ccc(CSc3nnc(-c4ccc5c(c4)OCO5)o3)cc2)c(C#N)c1,7.853871964321762,CHEMBL2391118,262,2013.0
COc1ccc(-c2ccc(CSc3nnc(-c4ccc5c(c4)OCCO5)o3)cc2)cc1,6.896196279044043,CHEMBL2391126,262,2013.0
COc1ccc(-c2ccc(CSc3nnc(-c4ccc5c(c4)OCCO5)o3)cc2)c(C#N)c1,7.494850021680094,CHEMBL2391125,262,2013.0
O=C(NCCc1ccc(F)nc1)c1ccnc2[nH]c(-c3ccc(F)cc3)nc12,7.769551078621726,CHEMBL2048664,262,2012.0
O=C(NCCc1cccc(O)c1)c1ccnc2[nH]c(-c3ccc(F)cc3)nc12,7.853871964321762,CHEMBL2048666,262,2012.0
CCc1cc(NCc2cccnc2)n2ncc(Br)c2n1,6.036212172654444,CHEMBL398670,262,2007.0
COc1ccc(-c2cc3c(NC(=O)c4ccco4)ncnc3o2)cc1,5.619788758288394,CHEMBL183742,262,2004.0
COc1ccc(-c2cc3c(NC(=O)N4CCCC4)ncnc3o2)cc1,5.709965388637482,CHEMBL181856,262,2004.0
COc1ccc(-c2cc3c(NC(=O)CCSC)ncnc3o2)cc1,6.270025714300445,CHEMBL182560,262,2004.0
COc1ccc(-c2ccc(CSc3nnc(-c4ccncc4)o3)cc2)cc1,6.75448733218585,CHEMBL2391131,262,2013.0
CC(=O)Nc1cnc2ccn(-c3cc(NC4CC4)n4ncc(C#N)c4n3)c2c1,6.0,CHEMBL2062565,262,2012.0
CC1CN(c2ccccc2)CCN1c1nc(-c2ccncn2)cc(=O)n1C,8.853871964321762,CHEMBL3719193,262,2017.0
CC1CN(c2cccc(F)c2)CCN1c1nc(-c2ccncn2)cc(=O)n1C,9.30102999566398,CHEMBL4095848,262,2017.0
O=C(Nc1cc(-c2ccc3ccncc3c2)ccn1)C1CC1,7.130768280269024,CHEMBL3410100,262,2015.0
O=C(Nc1cc(-c2ccc3ncccc3c2)ccn1)C1CC1,8.1249387366083,CHEMBL3410101,262,2015.0
O=C(Nc1cc(-c2cccc(O)c2)cc2[nH]ncc12)C1CC1,5.899998417198648,CHEMBL4176717,262,2017.0
O=C(Nc1cc(-c2cccc(O)c2)cc2[nH]ncc12)c1ccccn1,5.800000874803203,CHEMBL4174177,262,2017.0
O=C(Nc1cc(-c2cccc3[nH]ccc23)cc2[nH]ncc12)C1CC1,5.100000128334196,CHEMBL4163479,262,2017.0
O=C(Nc1cc(-c2cccc3[nH]ccc23)cc2[nH]ncc12)c1ccccn1,5.099999873607047,CHEMBL4165288,262,2017.0
CC1CN(c2ccc(F)cc2)CCN1c1nc(-c2ccncn2)cc(=O)n1C,9.397940008672036,CHEMBL4076060,262,2017.0
CC1CN(c2ccc(Cl)cc2)CCN1c1nc(-c2ccncn2)cc(=O)n1C,8.920818753952375,CHEMBL4077048,262,2017.0
CCc1cnn2c(NCc3cccnc3)cc(-c3ccccc3)nc12,5.552841968657781,CHEMBL249531,262,2007.0
COc1cc2c(cc1OC)CN(CC(=O)Nc1ccc3c(c1)C(=Cc1cnc[nH]1)C(=O)N3)CC2,6.565431095965801,CHEMBL3091673,262,2015.0
O=C(Nc1cc(-c2ccc3cccnc3c2)ccn1)C1CC1,6.619788758288394,CHEMBL3410099,262,2015.0
CCn1c(CCCc2ccccc2)nc(-c2ccncc2)cc1=O,5.721246399047171,CHEMBL3093044,262,2013.0
CC1CN(c2ccc(C#N)cc2)CCN1c1nc(-c2ccncn2)cc(=O)n1C,8.568636235841012,CHEMBL4093559,262,2017.0
COc1cc2c(CNC3CCN(S(C)(=O)=O)CC3)cc3c(c2cc1OC)C(=O)NC3=O,6.443697499232712,CHEMBL4632910,262,2019.0
COc1cc2c(CNC3CCN(S(=O)(=O)c4ccc([N+](=O)[O-])cc4)CC3)cc3c(c2cc1OC)C(=O)NC3=O,6.508638306165727,CHEMBL4646272,262,2019.0
COc1cc2c(C3=C(c4coc5ccccc45)C(=O)NC3=O)cn(C)c2cn1,7.18111458540599,CHEMBL2386110,262,2013.0
COc1cc2c(C3=C(c4coc5ccccc45)C(=O)NC3=O)cn(C)c2cc1I,6.651695136951839,CHEMBL520147,262,2009.0
COc1cc2c(C3=C(c4coc5ccccc45)C(=O)NC3=O)cn(C)c2cc1Cl,6.356547323513812,CHEMBL483669,262,2009.0
COc1cc2c(C)cc3c(c2cc1OC)C(=O)NC3=O,6.568636235841012,CHEMBL571486,262,2010.0
CC1CN(S(C)(=O)=O)CCN1c1nc(-c2ccncn2)cc(=O)n1C,7.337242168318426,CHEMBL4078643,262,2017.0
CC1CN(Cc2ccccc2)CCN1c1nc(-c2ccncn2)cc(=O)n1C,8.080921907623926,CHEMBL4082198,262,2017.0
CC1CN(C)CCN1c1nc(-c2ccncn2)cc(=O)n1C,7.657577319177793,CHEMBL4059511_CHEMBL4068965,262,
Cc1cccc(C(=O)CNc2nc(-c3ccncc3)cc(=O)n2C)c1,7.42021640338319,CHEMBL3093033,262,2013.0
O=C(Nc1cc(-c2ccc3ccccc3c2)ccn1)C1CC1,6.214670164989233,CHEMBL3410102,262,2015.0
O=C(Nc1cc(-c2ccc(O)cc2)cc2[nH]ncc12)c1ccccn1,5.800000874803203,CHEMBL4161596,262,2017.0
O=C(Nc1cc(-c2ccc(O)cc2)cc2[nH]ncc12)C1CC1,6.199998172182031,CHEMBL4172211,262,2017.0
CC(=O)Nc1ccc2cnn(-c3cc(NC4CC4)n4ncc(C#N)c4n3)c2c1,6.154901959985743,CHEMBL2062564,262,2012.0
CC(=O)Nc1ccc2ccn(-c3cc(NCCCN(C)C)n4ncc(C#N)c4n3)c2c1,5.585026652029182,CHEMBL2062575,262,2012.0
CC(=O)Nc1ccc2ccn(-c3cc(NC4CC4)n4ncc(C#N)c4n3)c2c1,6.886056647693163,CHEMBL2062563,262,2012.0
CC(=O)Nc1ccc2c(c1)c(-c1cc(NC3CC3)n3ncc(C#N)c3n1)cn2CCC(=O)O,5.221848749616356,CHEMBL2062585,262,2012.0
CC(=O)Nc1ccc2[nH]cc(-c3cc(NC4CC4)n4ncc(C#N)c4n3)c2c1,6.6020599913279625,CHEMBL2062581,262,2012.0
CC(=O)Nc1ccc(-c2c(-c3cccnc3)oc3ncnc(N)c23)cc1,5.788345599446817,CHEMBL403238,262,2008.0
CC1CN(c2cccc(C#N)c2)CCN1c1nc(-c2ccncn2)cc(=O)n1C,8.657577319177793,CHEMBL4074586,262,2017.0
CC(=O)Nc1cc(Nc2cc(NC3CC3)n3ncc(C#N)c3n2)ccc1C,5.585026652029182,CHEMBL2409175,262,2013.0
CC(=O)Nc1cc(-c2nnc(SCc3ccccc3)o2)ccn1,7.455931955649724,CHEMBL2391100,262,2013.0
CC(=O)Nc1cc(-c2nnc(SCc3cccc(C#N)c3)o2)ccn1,7.721246399047171,CHEMBL2391101,262,2013.0
CC(=O)Nc1cc(-c2nnc(SCc3ccc(-c4ccccc4C#N)cc3)o2)ccn1,7.769551078621726,CHEMBL2391102,262,2013.0
Cc1ccc2ncc(C3=C(c4cn5c6c(cccc46)CN(C=O)C(N4CCCCC4)C5)C(=O)NC3=O)n2c1,8.2839966563652,CHEMBL4161007,262,2018.0
CC(=O)Nc1cc(-c2[nH]c(SCc3ccccc3)nc2-c2ccc(F)cc2)ccn1,6.251811972993799,CHEMBL4591390,262,2019.0
CC(=O)Nc1cc(-c2[nH]c(C(N)=O)nc2-c2ccc(F)cc2)ccn1,7.327902142064282,CHEMBL4564217,262,2019.0
CC(=O)NCCSc1cnn2c(NCc3cccnc3)cc(-c3ccccc3)nc12,7.468521082957745,CHEMBL442802,262,2007.0
O=C(Nc1cc(-c2[nH]c(-c3ccccc3)nc2-c2ccc(F)cc2)ccn1)C1CC1,6.2441251443275085,CHEMBL4568095,262,2019.0
O=C(Nc1cc(-c2[nH]c(-c3ccco3)nc2-c2ccc(F)cc2)ccn1)C1CC1,6.806875401645538,CHEMBL4476843,262,2019.0
O=C(Nc1cc(-c2[nH]c(CCc3ccccc3)nc2-c2ccc(F)cc2)ccn1)C1CC1,6.876148359032914,CHEMBL4473730,262,2019.0
O=C(Nc1cc(-c2[nH]c(CO)nc2-c2ccc(F)cc2)ccn1)C1CC1,7.040958607678906,CHEMBL4451444,262,2019.0
O=C(Nc1cc(-c2[nH]c(Cc3ccccc3)nc2-c2ccc(F)cc2)ccn1)C1CC1,7.229147988357855,CHEMBL4476724,262,2019.0
O=C(Nc1cc(-c2[nH]c(SCc3ccccc3)nc2-c2ccc(F)cc2)ccn1)C1CC1,6.6401645176601125,CHEMBL4546015,262,2019.0
O=C(Nc1cc(-c2[nH]c(SCc3ccccc3)nc2-c2ccc(F)cc2)ccn1)C1CCCC1,6.178486471595226,CHEMBL4437018,262,2019.0
O=C(Nc1cc(-c2[nH]cnc2-c2ccc(F)cc2)ccn1)C1CC1,7.1938200260161125,CHEMBL4457096,262,2019.0
O=C(O)c1ccc(CN2CCC(CNC(=O)c3n[nH]c4ccc(Br)cc34)CC2)o1,6.6777807052660805,CHEMBL3735730,262,2015.0
CC(=O)N(C)c1ccc2ccn(-c3cc(NC4CC4)n4ncc(C#N)c4n3)c2c1,5.853871964321762,CHEMBL2062577,262,2012.0
O=C(O)c1coc(CN2CCC(CNC(=O)c3n[nH]c4ccc(-c5cccc(F)c5F)cc34)CC2)n1,8.221848749616356,CHEMBL3735986,262,2015.0
COC(=O)c1csc(CN2CCC(CNC(=O)c3n[nH]c4ccc(OC)cc34)CC2)n1,6.886056647693163,CHEMBL3735579,262,2015.0
CN1CCN(c2nc(C3=C(c4c[nH]c5ccccc45)C(=O)NC3=O)c3ccccc3n2)CC1,6.060480747381382,CHEMBL565612,262,2009.0
CN1CCN(c2nc(-c3ccncn3)cc(=O)n2C)CC1,6.200659450546418,CHEMBL4071667,262,2017.0
Cc1nc(C2CCC2)c(-c2ccnc(NC(=O)C3CC3)c2)[nH]1,5.386158178123931,CHEMBL4444424,262,2019.0
C=CC(=O)c1ccc2nc(NC(=O)NCc3ccc(OC)cc3)sc2c1,5.392544976785332,CHEMBL4573681,262,2019.0
C=CC(=O)c1ccc2nc(NC(=O)NCc3ccc(OC)cc3)[nH]c2c1,5.739928612014925,CHEMBL4516941,262,2019.0
C=CC(=O)Nc1cccc(C2=C(c3cn(C)c4ccc(F)cc34)C(=O)NC2=O)c1,6.823908740944319,CHEMBL4649363,262,2019.0
C=CC(=O)Nc1cccc(C2=C(c3cn(C)c4cc(OC)ccc34)C(=O)NC2=O)c1,6.161150909262744,CHEMBL4647220,262,2019.0
C=CC(=O)Nc1cccc(C2=C(c3cn(C)c4cc(F)ccc34)C(=O)NC2=O)c1,6.701146923590294,CHEMBL4632696,262,2019.0
C=CC(=O)Nc1cccc(C2=C(c3cn(C(C)C)c4ncccc34)C(=O)NC2=O)c1,7.468521082957745,CHEMBL4648050,262,2019.0
Cc1nc(C2CC2)c(-c2ccnc(NC(=O)C3CC3)c2)[nH]1,5.510041520575165,CHEMBL4584996,262,2019.0
CN1CCOCCN(C)CCn2cc(c3ccccc32)C2=C(C(=O)NC2=O)c2cn(c3ccccc23)CC1,8.221848749616356,CHEMBL105477,262,2003.0
Cc1nc(C(N)=O)[nH]c1-c1ccnc(NC(=O)C2CC2)c1,7.886056647693163,CHEMBL4445449,262,2019.0
Cc1nc(-c2ccnc(NC(=O)C3CC3)c2)sc1C(N)=O,7.431798275933005,CHEMBL3410088,262,2015.0
CC1CC2(CCC2)n2cc(C(=O)O)c(=O)c3c(N)c(F)c(NCCNc4ccccn4)c(c32)O1,6.6020599913279625,CHEMBL1940908,262,2012.0
Cc1nc(-c2cccs2)c(-c2ccnc(NC(=O)C3CC3)c2)[nH]1,7.161150909262744,CHEMBL4576003,262,2019.0
CC1CC(c2ccncc2NC(=O)c2nc(-c3ncccc3F)ccc2N)CC(O)C1(C)O,6.267606240177031,CHEMBL4781112,262,2020.0
Cc1ccccc1Nc1cc(-c2noc(-c3ccc(NS(=O)(=O)c4ccc(C(C)(C)C)cc4)cc3)n2)ccn1,5.6401645176601125,CHEMBL4794134,262,2021.0
CN1CCN(S(=O)(=O)c2ccc(-c3cnc(N)c(C(=O)Nc4cccnc4)n3)cc2)CC1,8.301029995663981,CHEMBL2177161,262,2021.0
Cc1ccccc1Nc1nccc(-c2cnn3ncccc23)n1,5.200000237109354,CHEMBL366259,262,2020.0
Cc1nc(-c2ccco2)c(-c2ccnc(NC(=O)C3CC3)c2)[nH]1,7.00436480540245,CHEMBL4460515,262,2019.0
Cc1nc(-c2ccccc2O)c(-c2ccnc(NC(=O)C3CC3)c2)[nH]1,7.958607314841775,CHEMBL4561980,262,2019.0
Cc1nc(-c2ccccc2)c(-c2ccnc(NC(=O)CCn3cnnn3)c2)[nH]1,5.354577730650908,CHEMBL4517450,262,2019.0
Cc1nc(-c2ccncc2)cc(=O)[nH]1,5.522878745280337,CHEMBL3093035,262,2013.0
c1cc(-c2nnn[nH]2)ccc1CSc1nnc(-c2ccc3c(c2)OCO3)o1,6.764471553092451,CHEMBL2064522,262,2012.0
CN1CCOCCn2cc(c3ccccc32)C2=C(C(=O)NC2=O)c2cn(c3ccccc23)CCN(C)CC1,7.481486060122112,CHEMBL106384,262,2003.0
Cc1nc(C2CCCC2)c(-c2ccnc(NC(=O)C3CC3)c2)[nH]1,5.262807357295262,CHEMBL4575638,262,2019.0
CNC(=O)c1cc(Oc2ccc(NC(=O)Nc3cc(C(F)(F)F)c(Cl)cc3OCCCC(=O)O)cc2)ccn1,6.065501548756432,CHEMBL4761851,262,2021.0
O=S(=O)(c1ccccc1)N1CC(c2cccc3ccccc23)Oc2ccccc21,5.3872161432802645,CHEMBL4203924,262,2017.0
O=[N+]([O-])c1ccc(NCCNc2ncc(-c3ncc[nH]3)c(-c3ccc(Cl)cc3Cl)n2)nc1,8.0,CHEMBL461262,262,2009.0
O=[N+]([O-])c1cccc(-c2ccc(CSc3nnc(-c4ccc5c(c4)OCCO5)o3)cc2)c1,6.785156151952302,CHEMBL2391128,262,2013.0
O=[N+]([O-])c1cccc(-c2ccc(CSc3nnc(-c4ccc5c(c4)OCO5)o3)cc2)c1,7.0655015487564325,CHEMBL2391120,262,2013.0
O=[N+]([O-])c1ccccc1-c1ccc(CSc2nnc(-c3ccc4c(c3)OCCO4)o2)cc1,7.045757490560675,CHEMBL2391129,262,2013.0
O=[N+]([O-])c1ccccc1-c1ccc(CSc2nnc(-c3ccc4c(c3)OCO4)o2)cc1,7.568636235841012,CHEMBL2391122,262,2013.0
O=[N+]([O-])c1ccccc1-c1ccc(CSc2nnc(-c3ccncc3)o2)cc1,6.785156151952302,CHEMBL2391133,262,2013.0
O=c1[nH]c(=O)c2cc[nH]c2[nH]1,6.154901959985743,CHEMBL122899,262,2019.0
Cc1ccccc1-n1nc(C)c2c3c(c4cccn4c21)C(=O)NC3=O,6.356547323513812,CHEMBL3110142,262,2013.0
CN1CCOCCn2cc(c3ccccc32)C2=C(C(=O)NC2=O)c2cn(c3ccccc23)CCOCC1,7.1487416512809245,CHEMBL106061,262,2003.0
O=c1[nH]nc2c(NCCc3ccncc3)cc(Cl)cn12,6.954677021213342,CHEMBL4074938,262,2017.0
O=c1cc(-c2ccncc2)nc(-c2ccccc2)[nH]1,5.7447274948966935,CHEMBL3093039,262,2013.0
O=c1cc(-c2ccncc2)nc(CCCc2ccccc2)[nH]1,6.301029995663981,CHEMBL3093042,262,2013.0
O=c1cc(-c2ccncc2)nc(CCCc2ccccc2)n1Cc1ccccc1,5.657577319177793,CHEMBL3093046,262,2013.0
O=c1cc(-c2ccncc2)nc(CCc2ccccc2)[nH]1,5.050609993355087,CHEMBL3093041,262,2013.0
O=c1cc(-c2ccncc2)nc(Cc2ccccc2)[nH]1,5.886056647693163,CHEMBL3093040,262,2013.0
CC#CC(=O)NCCCN1CCC(CNC(=O)c2n[nH]c3ccc(OC)cc23)CC1,6.275724130399211,CHEMBL3735772,262,2015.0
C=CCOc1ccc2c(C3=C(c4cn(C)c5ccc(Br)cc45)C(=O)NC3=O)coc2c1,7.316052869248487,CHEMBL489845,262,2009.0
O=c1sn(CCc2ccccc2)c(=O)n1Cc1ccccc1,5.522878745280337,CHEMBL554295,262,2009.0
CC1CC2CN1CCn1nc3c(cccc3c1O)-c1nc3c(cccc3nc1O)O2,7.886056647693163,CHEMBL215803,262,2006.0
Cc1nc(C2CCCCC2)c(-c2ccnc(NC(=O)C3CC3)c2)[nH]1,5.333482019445119,CHEMBL4475448,262,2019.0
Cc1ccccc1-n1ncc2c3c(c4cccn4c21)C(=O)NC3=O,5.917214629683549,CHEMBL3110138,262,2013.0
Cc1nc(-c2ccccc2)c(-c2ccnc(NC(=O)CCn3cncn3)c2)[nH]1,5.285670240254767,CHEMBL4575716,262,2019.0
Cc1nc(-c2cccc(O)c2)c(-c2ccnc(NC(=O)C3CC3)c2)[nH]1,7.366531544420413,CHEMBL4514346,262,2019.0
Cc1ccncc1NC(=O)c1ccnc2[nH]c(N3CCC(c4ccccc4)C3)nc12,7.522878745280337,CHEMBL2048675,262,2012.0
Cc1nc(-c2ccc(F)c(C)c2)c(-c2ccnc(NC(=O)C3CC3)c2)[nH]1,6.931814138253838,CHEMBL4457174,262,2019.0
CN1CC=C(c2c(O)cc(O)c3c(=O)cc(-c4ccc(Sc5nc6ccccc6n5C)cc4Cl)oc23)CC1,7.229147988357855,CHEMBL4788045,262,2020.0
CN1CC=C(c2c(O)cc(O)c3c(=O)cc(-c4ccc(Sc5nc6ccccc6n5C)cc4)oc23)CC1,6.795880017344075,CHEMBL4781618,262,2020.0
CN1CC=C(c2c(O)cc(O)c3c(=O)cc(-c4ccc(Sc5nc6ccccc6[nH]5)cc4Cl)oc23)CC1,6.665546248849069,CHEMBL4793858,262,2020.0
CN1CC=C(c2c(O)cc(O)c3c(=O)cc(-c4ccc(Sc5nc6ccccc6[nH]5)cc4)oc23)CC1,6.931814138253838,CHEMBL4790926,262,2020.0
CN1CC=C(c2c(O)cc(O)c3c(=O)cc(-c4ccc(Sc5nc(-c6ccccc6)c[nH]5)cc4)oc23)CC1,6.448550002027124,CHEMBL4787876,262,2020.0
C#CCOc1ccc2c(C3=C(c4cn(C)c5ccc(Br)cc45)C(=O)NC3=O)coc2c1,7.596879478824182,CHEMBL489435,262,2009.0
C#CC(=O)c1ccc2nc(NC(=O)NCc3ccc(OC)cc3)sc2c1,5.375717904164332,CHEMBL4571262,262,2019.0
C#CC(=O)c1ccc2nc(NC(=O)NCc3ccc(OC)cc3)[nH]c2c1,5.607303046740334,CHEMBL4556827,262,2019.0
Brc1cnn2c(NCc3cccnc3)cc(C3CCNCC3)nc12,6.3872161432802645,CHEMBL251196,262,2007.0
CN1CCC(C2=C(C#N)C(c3cccc4nonc34)c3c[nH]nc3N2)CC1,8.602059991327963,CHEMBL3085387,262,2008.0
CN1C(=O)CC(c2ccccc2)N=C1SCc1cn(-c2ccccc2F)nn1,6.913640169325252,CHEMBL4647289,262,2019.0
CN1C(=O)CC(c2ccccc2)N=C1SCc1cn(-c2cccc([N+](=O)[O-])c2)nn1,6.815308569182401,CHEMBL4637462,262,2019.0
CN1C(=O)CC(c2ccccc2)N=C1SCc1cn(-c2ccc(C(C)(C)C)cc2)nn1,5.872895201635192,CHEMBL4645499,262,2019.0
Brc1cnn2c(NCc3cccnc3)cc(C3CCCNC3)nc12,6.7447274948966935,CHEMBL251601,262,2007.0
Brc1cnn2c(NCc3cccnc3)cc(C3CCCCC3)nc12,7.568636235841012,CHEMBL251393,262,2007.0
Brc1cnn2c(NCc3cccnc3)cc(C3CC3)nc12,5.94692155651658,CHEMBL401056,262,2007.0
Brc1cnn2c(NCc3cccnc3)cc(-c3cccs3)nc12,6.318758762624412,CHEMBL404208,262,2007.0
Brc1cnn2c(NCc3cccnc3)cc(-c3ccco3)nc12,6.508638306165727,CHEMBL250145,262,2007.0
Brc1cnn2c(NCc3cccnc3)cc(-c3ccccc3)nc12,6.2441251443275085,CHEMBL249530,262,2007.0
Brc1cnn2c(NCOc3cccnc3)cc(-c3ccccc3)nc12,6.221848749616356,CHEMBL250148,262,2007.0
c1cnn2ncc(-c3ccnc(Nc4ccc5c(c4)OCCO5)n3)c2c1,9.0,CHEMBL361894,262,2020.0
CN1C(=O)CC(c2ccccc2)N=C1SCc1cn(-c2ccccc2)nn1,6.03810452633215,CHEMBL4647588,262,2019.0
Cc1nc(-c2ccc(F)c(F)c2)c(-c2ccnc(NC(=O)C3CC3)c2)[nH]1,7.229147988357855,CHEMBL4474740,262,2019.0
c1ccc(Nc2ncnc3[nH]c(-c4ccccc4)nc23)cc1,7.795880017344075,CHEMBL1210175,262,2010.0
c1ccc(Nc2nccc(-c3cnn4ncccc34)n2)cc1,7.700057099977233,CHEMBL359554,262,2008.0
Cc1nc(-c2ccc3occ(-c4ccc([S+](C)[O-])cc4)c3c2)no1,6.167491087293763,CHEMBL574600,262,2009.0
CC1CC(N)CC(c2ccncc2NC(=O)c2ccc(F)c(-c3c(F)cccc3F)n2)C1,5.886056647693163,CHEMBL3651966,262,2015.0
C1=CCCCCN2CCC3C(c4nccc5c4[nH]c4ccccc45)=CC(=CC1)C1N4CCCCC=CC4CC31C2,5.267606240177031,CHEMBL268202,262,2007.0
Cc1nc(-c2ccc3c(c2)OCO3)c(-c2ccnc(NC(=O)C3CC3)c2)[nH]1,6.330683119433887,CHEMBL4518273,262,2019.0
C#Cc1nc(Nc2ccccc2)nc2[nH]cnc12,5.130768280269024,CHEMBL4094562,262,2020.0
c1ccc(-c2ccc(CSc3nnc(-c4ccc5c(c4)OCCO5)o3)cc2)cc1,6.630784142589857,CHEMBL2391123,262,2013.0
c1ccc(-c2ccc(CSc3nnc(-c4ccc5c(c4)OCO5)o3)cc2)cc1,6.75448733218585,CHEMBL2064531,262,2012.0
c1ccc(-c2ccc(CSc3nnc(-c4ccncc4)o3)cc2)cc1,7.080921907623926,CHEMBL2391099,262,2013.0
Cc1nc(-c2ccc(O)cc2)c(-c2ccnc(NC(=O)C3CC3)c2)[nH]1,6.049148541111453,CHEMBL4453072,262,2019.0
Cc1cnccc1-c1cc(=O)n(C)c(N2CCOC(c3ccc(F)cc3)C2)n1,5.608006927740288,CHEMBL3091533,262,2013.0
Cc1nc(-c2ccc(F)cc2)c(-c2ccnc(NC(=O)CCn3cnnn3)c2)[nH]1,7.142667503568731,CHEMBL4466208,262,2019.0
Cc1nc(-c2ccc(F)cc2)c(-c2ccnc(NC(=O)CCn3cncn3)c2)[nH]1,7.086186147616283,CHEMBL4557420,262,2019.0
Cc1csc(-c2cnc(N)c(N=Cc3ccnc(NC(=O)C4CC4)c3)c2)c1,6.501689446210399,CHEMBL4474810,262,2019.0
CN1CCN(C)CCn2cc(c3ccccc32)C2=C(C(=O)NC2=O)c2cn(c3ccccc23)CCN(C)CC1,7.366531544420413,CHEMBL103628,262,2003.0
CN1CCN(C)CCn2cc(c3ccccc32)C2=C(C(=O)NC2=O)c2cn(c3ccccc23)CC1,6.958607314841775,CHEMBL319265,262,2003.0
c1ccc(-c2noc(CSc3nnc(-c4ccncc4)o3)n2)cc1,6.283162276700475,CHEMBL4545000,262,2019.0
Cc1csc(-c2cnc(N)c(NC(=O)c3ccnc(NC(=O)C4CC4)c3)c2)c1,6.6595558851598815,CHEMBL4578996,262,2019.0
CN1CCCn2cc(c3ccccc32)C2=C(C(=O)NC2=O)c2cn(c3ccccc23)CCOCCOCC1,8.397940008672037,CHEMBL321315,262,2003.0
C#Cc1cnn2c(NCc3cccnc3)cc(-c3ccccc3)nc12,5.00788851221305,CHEMBL249734,262,2007.0
c1ccc(CSc2nnc(-c3ccc4c(c3)CCO4)o2)cc1,6.6777807052660805,CHEMBL456219,262,2009.0
c1ccc(CSc2nnc(-c3ccncc3)o2)cc1,5.880084589742009,CHEMBL40439,262,2002.0
CN1CCC(c2c(O)cc(O)c3c(=O)cc(-c4ccccc4Cl)oc23)C(O)C1,5.926648297613099,CHEMBL428690,262,2020.0
Cc1nc(-c2ccc(F)cc2)c(-c2ccnc(NC(=O)C3CC3)c2)[nH]1,7.275724130399211,CHEMBL4455711,262,2019.0
O=S(=O)(Nc1ccc(-c2nc(-c3ccnc(Nc4ccc(OC(F)(F)F)cc4)c3)no2)cc1)c1cccs1,5.117475462045119,CHEMBL4740478,262,2021.0
COc1ccc(-c2ccnc(NC3COC4C(NC(=O)Nc5ccc(C(C)=O)cc5)COC34)n2)cc1,6.3851027839668655,CHEMBL4758751,262,2021.0
O=S(=O)(Nc1ccc(-c2nc(-c3ccnc(Nc4ccc(OC(F)(F)F)cc4)c3)no2)cc1)c1ccc(F)cc1,5.570247719997592,CHEMBL4741761,262,2021.0
O=S(=O)(Nc1ccc(-c2nc(-c3ccnc(Nc4ccc(OC(F)(F)F)cc4)c3)no2)cc1)c1ccc(Br)cc1,5.505845405981557,CHEMBL4743208,262,2021.0
CC(=CC=CC(C)CCC=C(C)CC1OC(=O)C(C)=C1O)CCCc1ccoc1,5.551641245770187,CHEMBL4097781_CHEMBL464381,262,
CN(C)c1cc2cc(n1)CCCn1cc(c3ccccc31)C1=C(C(=O)NC1=O)c1cn(c3ccccc13)CCC2,8.154901959985743,CHEMBL247067,262,2007.0
CN(C)c1ccc(-c2ccnc(NC3COC4C(NC(=O)Nc5cccc(C(F)(F)F)c5)COC34)n2)cc1,5.247183568811728,CHEMBL4752822,262,2021.0
O=C1Cc2c([nH]c3ccc(Br)cc23)-c2cccnc2N1,5.221848749616356,CHEMBL134501,262,2004.0
O=C1Cc2c([nH]c3ccc([N+](=O)[O-])cc23)-c2ccccc2N1,8.397940008672037,CHEMBL50894,262,2004.0
O=C1Cc2cc(Br)ccc2C1=c1[nH]c2ccccc2c1=CO,8.301029995663981,CHEMBL4077172,262,2017.0
CN(C)c1cccc(C=C2SC(=O)NC2=O)c1,5.068542129310995,CHEMBL4164291,262,2018.0
COC(=O)C1=C(Nc2ccccc2Cl)OC(=Cc2c[nH]c3ncccc23)C1=O,7.292429823902063,CHEMBL4089159,262,2017.0
O=C1NC(=Nc2ccc(O)cc2)SC1=C1C(=O)Nc2ccc(Br)cc21,5.84163750790475,CHEMBL4203444,262,2018.0
O=C1NC(=Nc2ccccc2Cl)SC1=CC=Cc1ccccc1,5.216096420727265,CHEMBL4210913_CHEMBL4483514,262,
COC(=O)N1CCN(c2nc(-c3ccncn3)cc(=O)n2C)C(C)C1,7.154901959985743,CHEMBL4076038,262,2017.0
O=C1NC(=O)C(=Cc2c(-c3ccccc3)[nH]c3ccccc23)S1,5.219682687859849,CHEMBL4177365,262,2018.0
CN(C)c1nc2ccc1CCCN1C=C(C3=C(C(=O)NC3=O)c3cn(c4ccccc34)CCC2)N2C=CC=CC12,8.154901959985743,CHEMBL1087499,262,2010.0
CN(C)c1nc2ccc1CCCn1cc(c3ccccc31)C1=C(C(=O)NC1=O)c1cn(c3ccccc13)CC2,8.522878745280337,CHEMBL1162963,262,2007.0
CN(C)c1nc2ccc1CCCn1cc(c3ccccc31)C1=C(C(=O)NC1=O)c1cn(c3ccccc13)CCC2,7.431798275933005,CHEMBL392167,262,2007.0
O=C1NC(=O)C(=Cc2cc3ccccc3nc2Cl)S1,5.212539525481585,CHEMBL4173598,262,2018.0
O=C1NC(=O)C(=Cc2cc3ccccc3s2)S1,5.126679398184601,CHEMBL4166399,262,2018.0
O=C1NC(=O)C(=Cc2ccc(O)c([N+](=O)[O-])c2)S1,5.035269078946371,CHEMBL4174355,262,2018.0
O=C1NC(=O)C(=Cc2ccc(O)cc2)S1,5.046240308266771,CHEMBL87706,262,2018.0
O=C1NC(=O)C(=Cc2ccc3c(c2)OCCO3)S1,5.154281982033341,CHEMBL4170146,262,2018.0
O=C1NC(=O)C(=Cc2cccnc2)S1,5.057991946977687,CHEMBL2016642,262,2018.0
O=C1NC(=O)C(=Cc2cccs2)S1,5.097453220686009,CHEMBL1957780,262,2018.0
CN(C)c1ccccc1C=C1SC(=O)NC1=O,5.035269078946371,CHEMBL4174941,262,2018.0
O=C1NC(=O)C(=Cc2ccncc2)S1,5.847711655616943,CHEMBL1823812_CHEMBL3911800,262,
CC(=CCCC(C)C=C1OC(=O)C(C)=C1O)CCCc1coc(Cc2ccoc2)c1,5.634135972253645,CHEMBL483842,262,2013.0
COC(=O)Nc1ccc2c(c1)C(=Cc1ccc(O)cc1)C(=O)N2,6.808548985535104,CHEMBL4474153,262,2019.0
COC(=O)c1coc(CN2CCC(CNC(=O)c3n[nH]c4ccc(OC)cc34)CC2)n1,6.6777807052660805,CHEMBL3735500,262,2015.0
COC(=O)c1coc(CN2CCC(CNC(=O)c3n[nH]c4ccc(Br)cc34)CC2)n1,6.443697499232712,CHEMBL3736476,262,2015.0
CC(=O)C1=C(c2cn(C)c3ccccc23)C(=O)NC1=O,6.050609993355087,CHEMBL1801636,262,2011.0
CC(=O)C1=C(c2c[nH]c3ccccc23)C(=O)NC1=O,5.349692476868063,CHEMBL1801632,262,2011.0
COC(=O)c1ccoc1CN1CCC(CNC(=O)c2n[nH]c3ccc(OC)cc23)CC1,6.638272163982407,CHEMBL3735291,262,2015.0
COC(=O)c1cccc2c3c(c(CC(C)C)cc12)C(=O)NC3=O,6.313363730737707,CHEMBL578803,262,2010.0
COC(=O)c1cccc(CSc2nnc(-c3ccc4c(c3)CCO4)o2)c1,6.200659450546418,CHEMBL471015,262,2009.0
O=C1C(c2ccc3ccccc3c2)Oc2cc3c(cc2N1Cc1ccccc1)OCO3,5.161150909262744,CHEMBL4208658,262,2017.0
O=C1C(c2ccc3ccccc3c2)Oc2ccccc2N1Cc1ccc(F)cc1,5.060480747381382,CHEMBL4208269,262,2017.0
O=C1C(c2cccc3ccccc23)Oc2cc3c(cc2N1Cc1ccc(F)cc1)OCO3,5.091514981121351,CHEMBL4204838,262,2017.0
CC(=CCCc1coc(Cc2ccoc2)c1)CCCC(C)C=C1OC(=O)C(C)=C1O,6.098454523927293,CHEMBL483841,262,2013.0
O=C1C(c2cccc3ccccc23)Oc2cc3c(cc2N1Cc1ccccc1)OCO3,5.1938200260161125,CHEMBL4216522,262,2017.0
COC(=O)c1ccc(CSc2nnc(-c3ccc4c(c3)OCCO4)o2)cc1,7.443697499232712,CHEMBL2064520,262,2012.0
CN(C)S(=O)(=O)Nc1ccc(CCNC(=O)c2ccnc3[nH]c(-c4ccc(F)cc4)nc23)cc1,7.568636235841012,CHEMBL2048668,262,2012.0
CN(C)S(=O)(=O)Nc1ccc(CCNC(=O)c2ccnc3[nH]c(-c4ccsc4)nc23)cc1,8.045757490560675,CHEMBL2048672,262,2012.0
O=C1CCCc2cc(-c3ccnc(NC(=O)C4CC4)c3)ccc2N1,6.136677139879544,CHEMBL3410098,262,2015.0
COC(=O)c1ccc(-c2coc3ccc(-c4ccc(C)o4)cc23)cc1,6.698970004336019,CHEMBL573480,262,2009.0
CN(C)S(=O)(=O)c1ccc(Nc2cc(NC3CCC(N)CC3)nc3c(Br)cnn23)cc1,5.468521082957745,CHEMBL178785,262,2005.0
CN(C)S(=O)(=O)c1ccc(Nc2cc(NC3CCC(N)CC3)nc3c(Br)cnn23)cc1Cl,5.060480747381382,CHEMBL178769,262,2005.0
CN(C)S(=O)(=O)c1ccc(Nc2cc(NC3CCC(N)CC3)nc3c(C#N)cnn23)cc1,6.337242168318426,CHEMBL360573,262,2005.0
CN(C)S(=O)(=O)c1ccc(Nc2cc(NC3CCC(N)CC3)nc3c(Cl)cnn23)cc1,5.292429823902063,CHEMBL367150,262,2005.0
COC(=O)Nc1ccc2c(c1)C(=Cc1ccc([N+](=O)[O-])cc1)C(=O)N2,6.458545571252412,CHEMBL4514599,262,2019.0
O=C1C(c2cccc3ccccc23)Oc2ccccc2N1Cc1ccc(F)cc1,5.267606240177031,CHEMBL4216137,262,2017.0
O=C1NC(=O)C(c2cccc(Cl)c2)=C1Nc1ccc(Cl)c(C(=O)O)c1,7.119186407719209,CHEMBL156987,262,2004.0
O=C1NC(=O)C(c2cccc([N+](=O)[O-])c2)=C1Nc1cc(Cl)c(O)c(Cl)c1,7.698970004336019,CHEMBL352222,262,2008.0
O=C1NC(=O)C(c2ccccc2)=C1Nc1ccc(C(=O)Nc2ccccc2)cc1,6.6777807052660805,CHEMBL4636075,262,2019.0
O=C1NCc2cc(-c3ccnc(NC(=O)C4CC4)c3)ccc21,7.958607314841775,CHEMBL3410095,262,2015.0
O=C1Nc2cc(Br)ccc2C1=C1Nc2ccccc2C1=NO,5.823908740944319,CHEMBL243555_CHEMBL409450,262,
O=C1Nc2cc(Br)ccc2C1=c1[nH]c2ccccc2c1=CO,8.301029995663981,CHEMBL3125370,262,2014.0
O=C1Nc2ccc(I)cc2C1=C1SC(=Nc2ccccc2)N(c2ccccc2)C1=O,5.939302159646388,CHEMBL4202731,262,2018.0
O=C1Nc2ccc(NC(=O)c3ccccc3)cc2C1=Cc1ccc(O)cc1,5.362210170637771,CHEMBL4454916,262,2019.0
CNc1cc(NCc2cccnc2)n2ncc(Br)c2n1,5.337242168318426,CHEMBL399078,262,2007.0
CNc1cc(-c2ccccc2Cl)nc2c(Br)cnn12,6.607303046740334,CHEMBL248219,262,2007.0
O=C1Nc2ccccc2C12CC2c1ccccn1,5.909741947068683,CHEMBL4440139,262,2019.0
O=C1Nc2ccccc2C1=C1Nc2cc(Br)ccc2C1=O,8.397940008672037,CHEMBL1830063,262,2016.0
O=C1Nc2ccccc2C1=C1Nc2ccccc2C1=NO,6.698970004336019,CHEMBL216543,262,2017.0
O=C1NCCc2cc(-c3ccnc(NC(=O)C4CC4)c3)ccc21,8.619788758288394,CHEMBL3410094,262,2015.0
CNCCCn1cc(C2=C(c3coc4ccccc34)C(=O)NC2=O)c2cc(F)ccc21,6.694648630553376,CHEMBL2386101,262,2013.0
O=C1Nc2ccccc2C1=C1Nc2ccccc2C1=NOCC(O)CO,6.958607314841775,CHEMBL1276317,262,2017.0
O=C1Nc2ccccc2C1=C1Nc2ccccc2C1=NOCCOC1OC(CO)C(O)C(O)C1O,6.091514981121351,CHEMBL4100916,262,2017.0
O=C1Nc2ccccc2C1=Cc1c[nH]nc1-c1ccccc1[N+](=O)[O-],7.886056647693163,CHEMBL2347053,262,2013.0
O=C1Nc2ccccc2C1=Cc1ccccn1,8.377785977033705,CHEMBL2094331,262,2019.0
O=CN1Cc2cc(F)cc3c(C4=C(c5cnc6ccccn56)C(=O)NC4=O)cn(c23)CC1N1CCCCC1,8.958607314841775,CHEMBL4165510,262,2018.0
O=CN1Cc2cccc3c(C4=C(c5cnc6ccccn56)C(=O)NC4=O)cn(c23)CC1N1CCCCC1,8.698970004336019,CHEMBL4172295,262,2018.0
O=CN1Cc2cccc3c(C4=C(c5cnc6ccccn56)C(=O)NC4=O)cn(c23)CC1N1CCOCC1,8.886056647693163,CHEMBL4162850,262,2018.0
O=Nc1c(-c2c(O)[nH]c3cc(Br)ccc23)[nH]c2ccccc12,6.7594507517174005,CHEMBL355496,262,2013.0
O=Nc1c(-c2c(O)[nH]c3ccc(I)cc23)[nH]c2ccccc12,8.045757490560675,CHEMBL337300,262,2004.0
O=Nc1c(-c2c(O)[nH]c3ccccc23)[nH]c2ccccc12,7.657577319177793,CHEMBL126077,262,2004.0
CNCCCn1cc(C2=C(c3coc4ccccc34)C(=O)NC2=O)c2cc(Br)ccc21,6.393618634889394,CHEMBL2386100,262,2013.0
O=C1NCCOc2cc(-c3ccnc(NC(=O)C4CC4)c3)ccc21,8.327902142064282,CHEMBL3410097,262,2015.0
O=C1NCCCc2cc(-c3ccnc(NC(=O)C4CC4)c3)ccc21,8.619788758288394,CHEMBL3410096,262,2015.0
O=C1NC(=O)c2c1c1cnn(-c3ccccc3Cl)c1n1cccc21,6.091514981121351,CHEMBL3110135,262,2013.0
O=C1NC(=O)C(c2ccccc2)=C1Nc1ccccc1,6.2839966563652006,CHEMBL346551,262,2008.0
O=C1NC(=O)C(c2ccccc2[N+](=O)[O-])=C1Nc1ccc(O)c(Cl)c1,7.17414822260034,CHEMBL322970,262,2003.0
O=C1NC(=O)C(c2cn(CCCO)c3ccc(F)cc23)=C1c1coc2ccccc12,7.823908740944319,CHEMBL2386097,262,2013.0
O=C1NC(=O)C(c2cn(CCCO)c3ncccc23)=C1c1cnccn1,7.951544993495972,CHEMBL272629,262,2008.0
O=C1NC(=O)C(c2cn(CCCO)c3ncccc23)=C1c1ncc(C(F)(F)F)cc1Cl,7.585026652029182,CHEMBL111620,262,2004.0
O=C1NC(=O)C(c2cn(CCO)c3ccc(Br)cc23)=C1c1coc2ccccc12,7.669586226650809,CHEMBL2386095,262,2013.0
O=C1NC(=O)C(c2cn(CCO)c3ccc(F)cc23)=C1c1coc2ccccc12,8.318758762624412,CHEMBL2386096,262,2013.0
O=C1NC(=O)C(c2cn3c4c(cc(Br)cc24)CNCC3)=C1c1coc2ccccc12,7.939302159646388,CHEMBL2386089,262,2013.0
O=C1NC(=O)C(c2cn3c4c(cc(F)cc24)CN(C(=O)N2CCCCC2)CC3)=C1c1coc2ccccc12,8.721246399047171,CHEMBL2386092,262,2013.0
O=C1NC(=O)C(c2cn3c4c(cc(F)cc24)CN(C(=O)N2CCOCC2)CC3)=C1c1coc2ccccc12,10.886056647693165,CHEMBL2386094,262,2013.0
COC(=N)c1nc2ccc3ncnc(Nc4ccc(OC)cc4F)c3c2s1,6.844663962534938,CHEMBL3894571,262,2016.0
COC(=N)c1nc2ccc3ncnc(Nc4ccc(Cl)cc4Cl)c3c2s1,6.655607726314889,CHEMBL2386747,262,2016.0
O=C1NC(=O)C(c2cn3c4c(cc(F)cc24)CNCC3)=C1c1coc2ccccc12,8.431798275933005,CHEMBL2386088,262,2013.0
O=C1NC(=O)C(c2cn3c4c(cccc24)CN(C(=O)Cc2ccncc2)CC3)=C1c1coc2ccccc12,9.229147988357855,CHEMBL2386091,262,2013.0
O=C1NC(=O)C(c2cn3c4c(cccc24)CN(C(=O)c2cnccn2)CC3)=C1c1coc2ccccc12,9.69897000433602,CHEMBL2386090,262,2013.0
O=C1NC(=O)C(c2cn3c4c(cccc24)CNCC3)=C1c1coc2ccccc12,8.3767507096021,CHEMBL368248,262,2013.0
O=C1NC(=O)C(c2cnc3ccccn23)=C1c1cn2c3c(cc(F)cc13)CN(C(=O)N1CCCCC1)CC2,9.002182402701225,CHEMBL362558,262,2004.0
O=C1NC(=O)C(c2cnc3ccccn23)=C1c1cn2c3c(cccc13)CN(C(=O)N1CCCCC1)CC2,8.698970004336019,CHEMBL362588,262,2004.0
O=C1NC(=O)C(c2cnc3ccccn23)=C1c1cn2c3c(cccc13)CN(C(=O)N1CCOCC1)CC2,8.886056647693163,CHEMBL178737,262,2004.0
O=C1NC(=O)C2=C1c1cn(c3ccccc13)CCOCCN(CCO)CCOCCn1cc2c2ccccc21,7.397940008672037,CHEMBL321529,262,2003.0
O=C1NC(=O)N(c2ccccc2)C1=CNc1ccc(C(=O)O)cc1,5.454692883534176,CHEMBL4204286,262,2018.0
O=C1NC(=O)N(c2ccccc2)C1=CNc1ccc([N+](=O)[O-])cc1,5.628932137728263,CHEMBL4207719,262,2018.0
O=C1NC(=O)c2c1c1cnn(-c3ccccc3)c1n1cccc21,5.772113295386326,CHEMBL3110134,262,2013.0
O=S(=O)(Nc1ccc(-c2nc(-c3ccnc(Nc4ccc(OC(F)(F)F)cc4)c3)no2)cc1)c1ccc(Cl)s1,5.525783735923745,CHEMBL4797249,262,2021.0
COc1ccc(-c2ccnc(NC3COC4C(NC(=O)Nc5cccc(C#N)c5)COC34)n2)cc1,7.060480747381382,CHEMBL4747194,262,2021.0
CC1CN(c2cccnc2)CCN1c1nc(-c2ccncn2)cc(=O)n1C,8.4089353929735,CHEMBL4067170,262,2017.0
COc1ccc(-c2ccnc(NC3COC4C(NC(=O)Nc5ccccc5)COC34)n2)cc1,6.251811972993799,CHEMBL4741384,262,2021.0
COc1cccc(N2CCN(c3nc(-c4ccncn4)cc(=O)n3C)C(C)C2)c1,9.69897000433602,CHEMBL4063206,262,2017.0
Nc1ncccc1NC(=O)c1ccnc(NC(=O)C2CC2)c1,6.201349354554731,CHEMBL4442834,262,2019.0
Cn1c(NCC(O)c2ccccc2)nc(-c2ccncc2)cc1=O,7.638272163982407,CHEMBL3093050,262,2013.0
Cn1c(NCC(=O)c2ccccc2F)nc(-c2ccncc2)cc1=O,7.568636235841012,CHEMBL3093053,262,2013.0
CC1COc2c(NCCNc3ccccn3)c(F)c(N)c3c(=O)c(C(=O)O)cn(c23)C12CCC2,8.0,CHEMBL1940907,262,2012.0
Cn1c(NCC(=O)c2ccccc2)nc(-c2ccncc2)cc1=O,8.050609993355087,CHEMBL3091545,262,2013.0
Cn1c(NCC(=O)c2cccc(F)c2)nc(-c2ccncc2)cc1=O,7.602059991327962,CHEMBL3093054,262,2013.0
Cn1c(NCC(=O)c2cccc(Cl)c2)nc(-c2ccncc2)cc1=O,7.886056647693163,CHEMBL3093032,262,2013.0
Nc1ncnc2c1c(-c1cccc(O)c1)cn2C1CC(CN2CCC2)C1,5.7447274948966935,CHEMBL3787112,262,2016.0
CC1COCCN1c1nc(-c2ccncc2F)cc(=O)n1C,7.896587061984075,CHEMBL3401118_CHEMBL3401121,262,
Cn1c(NCC(=O)c2cccc(C#N)c2)nc(-c2ccncc2)cc1=O,7.886056647693163,CHEMBL3093034,262,2013.0
Nc1ncccc1N=Cc1ccnc(NC(=O)C2CC2)c1,7.1487416512809245,CHEMBL4467668,262,2019.0
Cn1c(NCC(=O)c2ccc(F)cc2)nc(-c2ccncc2)cc1=O,7.2839966563652,CHEMBL3093031,262,2013.0
Cn1c(N2CCOC3COCC32)nc(-c2ccncc2F)cc1=O,8.508638306165727,CHEMBL3401132,262,2015.0
Nc1ncnc2oc(-c3cccnc3)c(-c3ccc(NC(=O)c4cccc(F)c4)cc3)c12,5.79997073344623,CHEMBL258259,262,2008.0
Nc1ncnc2oc(-c3cccnc3)c(-c3ccc(NS(=O)(=O)c4ccccc4)cc3)c12,7.522878745280337,CHEMBL258081,262,2006.0
Nc1ncnc2oc(-c3cccnc3)c(-c3ccc(NS(=O)(=O)c4cccs4)cc3)c12,7.638272163982407,CHEMBL404507,262,2009.0
Cn1c(N2CCOC3CCCCC32)nc(-c2ccncc2F)cc1=O,8.431798275933005,CHEMBL3401131,262,2015.0
Cn1c(N2CCOC3CCCC32)nc(-c2ccncc2F)cc1=O,7.916341332625912,CHEMBL3401129_CHEMBL3401130,262,
Cn1c(N2CCOC(c3ccccc3F)C2)nc(-c2ccncn2)cc1=O,8.494850021680094,CHEMBL3091539,262,2013.0
Cn1c(N2CCOC(c3ccccc3)C2)nc(-c2ccncc2)cc1=O,7.292429823902063,CHEMBL3091546,262,2013.0
Cn1c(N2CCOC(c3ccc(F)cc3)C2)nc(-c2ccncn2)cc1=O,7.920818753952375,CHEMBL3091536,262,2013.0
Cn1c(N2CCOC(c3ccc(F)cc3)C2)nc(-c2ccncc2F)cc1=O,8.130768280269024,CHEMBL3091531,262,2013.0
Nc1nonc1-n1nnc(-c2n[nH]c(-c3ccncc3)n2)c1CN1CCCCC1,6.552841968657781,CHEMBL326705,262,2003.0
Cn1c(N2CCOCC2)nc(-c2ccncc2F)cc1=O,7.173925197299173,CHEMBL3401114,262,2015.0
Cn1c(NCCC2CCCCC2)nc(-c2ccncc2)cc1=O,7.4089353929735005,CHEMBL3093049,262,2013.0
Cn1c(NCCc2ccccc2)nc(-c2ccncc2)cc1=O,7.154901959985743,CHEMBL3093048,262,2013.0
Cn1c(OCCc2ccccc2)nc(-c2ccncc2)cc1=O,6.698970004336019,CHEMBL3093047,262,2013.0
Nc1ncc(-c2ccncc2)cc1NC(=O)c1ccnc(NC(=O)C2CC2)c1,6.701146923590294,CHEMBL4535643,262,2019.0
CCCn1cnc(C2C=C(C3=C(c4noc5ccccc45)C(=O)NC3=O)c3ccccc32)c1,9.136677139879543,CHEMBL4802108,262,2017.0
Cn1cc(C2=C(c3cc(Cl)ccc3Cl)C(=O)NC2=O)c2ccccc21,8.154901959985743,CHEMBL562023,262,2009.0
Cn1cc(C2=C(c3c4n(c5ccccc35)CCN(C(N)=S)C4)C(=O)NC2=O)c2ccccc21,8.0,CHEMBL1088724,262,2010.0
Cn1cc(C2=C(Sc3ccccc3)C(=O)NC2=O)c2ccccc21,5.698970004336019,CHEMBL1086733,262,2010.0
Cn1cc(C2=C(Oc3ccccc3)C(=O)NC2=O)c2ccccc21,5.552841968657781,CHEMBL1081260,262,2010.0
Cn1cc(C2=C(Nc3ccccc3)C(=O)NC2=O)c2ccccc21,6.455931955649724,CHEMBL1086734,262,2010.0
Cn1cc(C2=C(N3CCOCC3)C(=O)NC2=O)c2ccccc21,5.086186147616283,CHEMBL1080932,262,2010.0
Cn1cc(C2=C(N(C(=O)OC(C)(C)C)c3ccccc3)C(=O)NC2=O)c2ccccc21,5.508638306165727,CHEMBL1081261,262,2010.0
Cn1cc(C2=C(C(=O)CBr)C(=O)NC2=O)c2ccccc21,8.301029995663981,CHEMBL1801637,262,2011.0
COc1cccc2c(C3=C(c4cn(C)c5ccc(Br)cc45)C(=O)NC3=O)coc12,8.1249387366083,CHEMBL505673,262,2009.0
COc1cccc2c(C3=C(c4cn(C)c5cc(I)c(F)cc45)C(=O)NC3=O)coc12,6.607303046740334,CHEMBL523435,262,2009.0
COc1cccc2c(C3=C(c4cn(C)c5cc(Cl)c(F)cc45)C(=O)NC3=O)coc12,6.585026652029182,CHEMBL522760,262,2009.0
COc1cccc2c(C3=C(c4cn(C)c5cc(C(F)(F)F)ccc45)C(=O)NC3=O)coc12,6.080921907623926,CHEMBL482632,262,2009.0
COc1cccc2c(C3=C(c4cn(C)c5cc(-c6ccc(Cl)cc6)c(F)cc45)C(=O)NC3=O)coc12,5.145086977692145,CHEMBL489421,262,2009.0
COc1cccc2c(C3=C(c4cn(C)c5c(Br)cc(Br)cc45)C(=O)NC3=O)coc12,7.052076380168273,CHEMBL489043,262,2009.0
COc1cccc(OCc2cc(C)ccn2)c1-c1ccc2c(c1)CCNCC2,5.300000202445418,CHEMBL4291402,262,2018.0
COc1cccc(OC)c1C1CN(c2nc(-c3ccncn3)cc(=O)n2C)CCO1,9.638272163982409,CHEMBL3091542,262,2013.0
Nc1nccc(-c2c[nH]c3ccc(Br)cc23)n1,5.698970004336019,CHEMBL44541,262,2004.0
Nc1nccc(-c2ccc(F)cc2)c1N=Cc1ccnc(NC(=O)C2CC2)c1,5.919373513078194,CHEMBL4539700,262,2019.0
Nc1nccc(-c2cccc(F)c2)c1N=Cc1ccnc(NC(=O)C2CC2)c1,6.050122295963125,CHEMBL4462480,262,2019.0
Nc1nccc(-c2ccccc2)c1N=Cc1ccnc(NC(=O)C2CC2)c1,6.198596289982644,CHEMBL4580131,262,2019.0
COc1cccc(Nc2nccc(-c3cnn4ncccc34)n2)c1,8.0,CHEMBL187081,262,2020.0
Cn1cc(-c2ccc(-c3cncc(Cl)c3N3CCC4(CCNC4=O)CC3)cc2)cn1,6.161150909262744,CHEMBL3408213,262,2015.0
Cn1cc(-c2cc(-c3nc4ccccc4[nH]3)c(=O)[nH]n2)ccc1=O,6.795880017344075,CHEMBL557273,262,2009.0
Nc1nonc1-n1nnc(C(=O)NN=Cc2ccncc2)c1CN1CCCCC1,7.0,CHEMBL325353,262,2003.0
CCCn1c(CCCc2ccccc2)nc(-c2ccncc2)cc1=O,5.008773924307505,CHEMBL3093045,262,2013.0
COc1cccc(CCC(=O)Nc2cc(-c3[nH]c(SC)nc3-c3ccc(F)cc3)ccn2)c1,6.326979092871104,CHEMBL4592870,262,2019.0
COc1cccc(C2CN(c3nc(-c4ccncn4)cc(=O)n3C)CCN2)c1,8.173925197299173,CHEMBL4097431,262,2017.0
O=C(C=Cc1cnc2[nH]cc(-c3ccccc3)c2c1)NCCc1ccncc1,7.359029033279588,CHEMBL3929715,262,2016.0
O=C(C=Cc1cnc2[nH]cc(-c3ccccc3)c2c1)NCc1ccc2[nH]ccc2c1,6.335358024443874,CHEMBL4559431,262,2016.0
O=C(C=Cc1cnc2[nH]cc(-c3ccccc3)c2c1)NCc1ccc2c(c1)CCO2,6.987162775294828,CHEMBL4569903,262,2016.0
O=C(C=Cc1cnc2[nH]cc(-c3ccccc3)c2c1)NCc1ccccn1,6.777283528852417,CHEMBL4472601,262,2016.0
O=C(C=Cc1cnc2[nH]cc(-c3ccccc3)c2c1)NCc1cccnc1,7.192464971931146,CHEMBL4583030,262,2016.0
O=C(C=Cc1cnc2[nH]cc(-c3ccccc3)c2c1)NCc1ccco1,7.112945621949043,CHEMBL4522289,262,2016.0
O=C(C=Cc1cnc2[nH]cc(-c3ccccc3)c2c1)NCc1ccncc1,8.44490555142168,CHEMBL4463440,262,2016.0
O=C(C=Cc1cnc2[nH]cc(-c3ccccc3)c2c1)NCc1nc2ccccc2[nH]1,7.20690839982342,CHEMBL4451197,262,2016.0
COc1ccc2nc(Cl)c(C=C3SC(=O)NC3=O)cc2c1,5.449771646944906,CHEMBL4169102,262,2018.0
O=C(C=Cc1cnc2[nH]cc(-c3cccnc3)c2c1)NCc1ccncc1,7.782516055786093,CHEMBL4527984,262,2016.0
O=C(C=Cc1cnc2[nH]cc(-c3ccncc3)c2c1)NCc1ccncc1,8.560667306169737,CHEMBL4449746,262,2016.0
O=C(C=Cc1cnc2[nH]cc(-c3ccccc3)c2c1)NCCc1cccnc1,7.494850021680094,CHEMBL3919553,262,2016.0
O=C(CBr)C1=C(c2c[nH]c3ccccc23)C(=O)NC1=O,7.327902142064282,CHEMBL1801633,262,2011.0
O=C(CBr)c1ccc(Cl)cc1,6.0,CHEMBL140061,262,2003.0
O=C(CBr)c1ccc([N+](=O)[O-])cc1,5.698970004336019,CHEMBL106072,262,2003.0
O=C(CBr)c1ccccc1,5.301029995663981,CHEMBL102953,262,2003.0
CCN1CCOCCOCCn2cc(c3ccccc32)C2=C(C(=O)NC2=O)c2cn(c3ccccc23)CC1,8.397940008672037,CHEMBL103506,262,2003.0
CCN1CCOCCn2cc(c3ccccc32)C2=C(C(=O)NC2=O)c2cn(c3ccccc23)CCOCC1,7.602059991327962,CHEMBL103055,262,2003.0
O=C(CC1CNC(=O)c2cc(-c3cn[nH]c3)cn21)NCc1cccc(F)c1,6.413412695328245,CHEMBL3298823,262,2013.0
O=C(CC=Cc1cnc2[nH]cc(-c3ccccc3)c2c1)NCCc1c[nH]c2ccccc12,5.424812155072339,CHEMBL4442898,262,2016.0
COc1ccc2c(c1C(C)N1CCNCC1)OC(=Cc1n[nH]c3ncccc13)C2=O,8.214670164989233,CHEMBL3735890,262,2015.0
CCNC(=O)NC1COC2C(Nc3nccc(-c4ccc(OC)cc4)n3)COC12,6.931814138253838,CHEMBL4755365,262,2021.0
COc1ccc2c(c1)c(C=C1SC(=O)NC1=O)cn2C,5.655123651930421,CHEMBL4160653,262,2018.0
CCNC(=O)c1nnn(-c2nonc2N)c1CN1CCCCC1,6.552841968657781,CHEMBL4176856,262,2018.0
O=C(CBr)c1ccc(Br)cc1,6.301029995663981,CHEMBL142826,262,2003.0
COc1ccc(-c2ccnc(NC3COC4C(NC(=O)Nc5cccc(C(F)(F)F)c5)COC34)n2)cc1,5.010995384301463,CHEMBL4780397,262,2021.0
O=C(C=Cc1cnc2[nH]cc(-c3ccccc3)c2c1)NCCc1ccccc1,6.605548319173783,CHEMBL3961252,262,2016.0
O=C(C=Cc1cnc2[nH]cc(-c3ccccc3)c2c1)NCCc1c[nH]cn1,7.309803919971486,CHEMBL3960209,262,2016.0
COc1cccc(C2CN(c3nc(-c4ccncc4)cc(=O)n3C)CCN2)c1,7.958607314841775,CHEMBL4061578,262,2017.0
CC(C)Nc1ccc2cnn(-c3cncc(-c4ccc(C(=O)O)cc4)n3)c2c1,6.585026652029182,CHEMBL4228654,262,2018.0
COc1cccc(C2=C(c3cn(C)c4ccccc34)C(=O)NC2=O)c1,7.045757490560675,CHEMBL293542,262,2010.0
COc1cccc(C2=C(c3cn(C)c4cccc(OC)c34)C(=O)NC2=O)c1,5.886056647693163,CHEMBL1081293,262,2010.0
COc1cccc(C2=C(c3cn(C)c4ccc(Cl)cc34)C(=O)NC2=O)c1,8.193820026016112,CHEMBL1081617,262,2010.0
COc1cccc(C2=C(c3cn(C)c4cc(F)ccc34)C(=O)NC2=O)c1,7.508638306165727,CHEMBL1081616,262,2010.0
COc1cccc(C2=C(c3cn(C)c4cc(C)ccc34)C(=O)NC2=O)c1,7.455931955649724,CHEMBL1081128,262,2010.0
COc1cccc(C2=C(c3c(C)n(C)c4ccccc34)C(=O)NC2=O)c1,6.657577319177793,CHEMBL1080933,262,2010.0
CC(C)Nc1c(F)c(N)c2c(=O)c(C(=O)O)cn(C3CC3)c2c1F,5.920818753952375,CHEMBL1834109,262,2011.0
CC(C)N1CCN(c2nc(-c3ccncn3)cc(=O)n2C)C(C)C1,7.886056647693163,CHEMBL4064440,262,2017.0
COc1cccc(-c2nc3c(C(=O)Nc4cnccc4C)ccnc3[nH]2)c1,8.522878745280337,CHEMBL2048681,262,2012.0
CC(C)Cc1nc(-c2ccncc2)cc(=O)[nH]1,5.619788758288394,CHEMBL3093038,262,2013.0
COc1cccc(-c2coc3ccc(-c4ccc(C)o4)cc23)c1,7.130768280269024,CHEMBL573486,262,2009.0
O=C(C=Cc1ccc(O)cc1)C=C(O)C=Cc1ccc(O)cc1,5.076238039171299,CHEMBL131770,262,2016.0
O=C(C=Cc1ccc(O)cc1)C=C(O)C=Cc1ccc(OCc2ccccc2)cc1,5.696803942579511,CHEMBL3765061,262,2016.0
O=C(C=Cc1ccc(OCc2ccccc2)cc1)C=C(O)C=Cc1ccc(OCc2ccccc2)cc1,5.603800652904264,CHEMBL3763728,262,2016.0
O=C(C=Cc1ccc(OCc2ccccc2)cc1)CC(=O)C=Cc1ccc(OCc2ccccc2)cc1,5.254925208417943,CHEMBL3765319,262,2016.0
CC(C)C1COc2c(NCCNc3ccccn3)c(F)c(N)c3c(=O)c(C(=O)O)cn1c23,7.316788521387013,CHEMBL1834324_CHEMBL1834325,262,
CC(C)C1COCCN1c1nc(-c2ccncc2F)cc(=O)n1C,7.853871964321762,CHEMBL3401120,262,2015.0
CC(C)C1CN(c2nc(-c3ccncc3F)cc(=O)n2C)CCO1,7.769551078621726,CHEMBL3401115,262,2015.0
O=C(C=Cc1cnc2[nH]cc(-c3ccc(F)cc3)c2c1)NCc1ccncc1,7.642065152999546,CHEMBL4443821,262,2016.0
O=C(C=Cc1cnc2[nH]cc(-c3ccccc3)c2c1)NC(CO)Cc1ccccc1,6.123782159408358,CHEMBL3901767,262,2016.0
O=C(C=Cc1cnc2[nH]cc(-c3ccccc3)c2c1)NCCN1CCOCC1,7.338662984124287,CHEMBL3891139,262,2016.0
O=C(C=Cc1cnc2[nH]cc(-c3ccccc3)c2c1)NCCc1c[nH]c2ccccc12,6.448550002027124,CHEMBL3943352,262,2016.0
O=C(C=Cc1cnc2[nH]cc(-c3ccccc3)c2c1)NCCc1c[nH]c2ncccc12,6.892790030352131,CHEMBL4519014,262,2016.0
COc1cccc(C2CN(c3nc(-c4ccncn4)cc(=O)n3C)CCO2)c1,8.337242168318426,CHEMBL3091464,262,2013.0
O=C(CCCCCNC(=S)Nc1ccc2c(c1)C(=O)NC2=O)NO,5.570247719997592,CHEMBL4449010,262,2019.0
Nc1ncc(-c2ccncc2)cc1N=Cc1ccnc(NC(=O)C2CC2)c1,7.42021640338319,CHEMBL4454448,262,2019.0
Nc1ncc(-c2ccccc2)cc1N=Cc1ccnc(NC(=O)C2CC2)c1,7.309803919971486,CHEMBL4559169,262,2019.0
Nc1c(F)c(NCCNc2cccc3ccccc23)c(F)c2c1c(=O)c(C(=O)O)cn2C1CC1,7.327902142064282,CHEMBL1834118,262,2011.0
Nc1c(F)c(NCCNc2ccccn2)c(F)c2c1c(=O)c(C(=O)O)cn2C1CC1,6.721246399047171,CHEMBL1834120,262,2011.0
Nc1c(F)c(NCCNc2ccccn2)c(F)c2c1c(=O)c(C(=O)O)cn2C1CCCC1,7.657577319177793,CHEMBL1834318,262,2011.0
Nc1c(F)c(NCCNc2ccccn2)c2c3c1c(=O)c(C(=O)O)cn3C1(CCC1)CCN2,6.259637310505756,CHEMBL1940909,262,2012.0
Nc1c(F)c(NCCNc2ccccn2)c2c3c1c(=O)c(C(=O)O)cn3C1(CCC1)CCO2,7.443697499232712,CHEMBL1940905,262,2012.0
Nc1c(F)c(NCCNc2ccccn2)c2c3c1c(=O)c(C(=O)O)cn3C1(CCC1)CO2,7.244125144327507,CHEMBL1834329,262,2011.0
Nc1c(F)c(NCCNc2ccccn2)c2c3c1c(=O)c(C(=O)O)cn3C1(CCCC1)CCO2,6.6020599913279625,CHEMBL1940904,262,2012.0
Nc1c(F)c(NCCNc2ccccn2)c2c3c1c(=O)c(C(=O)O)cn3C1(CCCC1)CO2,7.920818753952375,CHEMBL1834330,262,2011.0
Nc1c(F)c(NCCNc2ccccn2)c2c3c1c(=O)c(C(=O)O)cn3C1(CCO2)CC1,7.431798275933005,CHEMBL1940906,262,2012.0
Nc1c(F)c(NCCNc2ccccn2)cc2c1c(=O)c(C(=O)O)cn2C1CC1,7.886056647693163,CHEMBL1834315,262,2011.0
Nc1c(F)c(NCCc2c[nH]c3ccccc23)c(F)c2c1c(=O)c(C(=O)O)cn2C1CC1,6.180456064458131,CHEMBL1834111,262,2011.0
Nc1c(F)c(NCCN2CCOCC2)c(F)c2c1c(=O)c(C(=O)O)cn2C1CC1,5.6777807052660805,CHEMBL1834112,262,2011.0
Nc1c(F)c(NCCc2ccccc2)c(F)c2c1c(=O)c(C(=O)O)cn2C1CC1,6.356547323513812,CHEMBL1834113,262,2011.0
Nc1c(F)c(NCCn2ccnc2)c(F)c2c1c(=O)c(C(=O)O)cn2C1CC1,5.468521082957745,CHEMBL1834116,262,2011.0
CC(C)c1c(-c2ccc(Cl)cc2)[nH]c2nccnc12,6.1249387366083,CHEMBL77217,262,2003.0
CC(C)Oc1nc(-c2ccnc(NC(=O)C3CC3)c2)sc1C(N)=O,9.346787486224656,CHEMBL3410090,262,2015.0
CC(C)Oc1nc(-c2ccnc(NC(=O)C3CC3)c2)ncc1C(N)=O,9.080921907623926,CHEMBL3410111,262,2015.0
Cn1cc(C2=C(c3coc4ccccc34)C(=O)NC2=O)c2cc(Br)ccc21,7.915309752344025,CHEMBL489422,262,2009.0
Nc1cccc(-c2cc3c(Oc4cccc(O)c4)ncnc3[nH]2)c1,7.522878745280337,CHEMBL405759,262,2004.0
CC(C)Oc1cc(-c2ccnc(NC(=O)C3CC3)c2)ncc1C(N)=O,8.356547323513812,CHEMBL3410107,262,2015.0
CC(C)OCCCNc1c(F)c(N)c2c(=O)c(C(=O)O)cn(C3CC3)c2c1F,6.958607314841775,CHEMBL1834121,262,2011.0
Nc1n[nH]c(Nc2ccccc2)c1-c1nc2ccccc2s1,5.2182446253475305,CHEMBL4212059,262,2018.0
Cn1cc(C2=C(c3coc4ccc(F)cc34)C(=O)NC2=O)c2cc3c(cc21)OCO3,6.1487416512809245,CHEMBL483465,262,2009.0
Cn1cc(C2=C(c3coc4ccc(F)cc34)C(=O)NC2=O)c2cc(I)ccc21,6.7447274948966935,CHEMBL490860,262,2009.0
Nc1c(F)c(NCCc2ccncc2)c(F)c2c1c(=O)c(C(=O)O)cn2C1CC1,7.0,CHEMBL1834119,262,2011.0
Nc1c(F)c(NCCCn2ccnc2)c(F)c2c1c(=O)c(C(=O)O)cn2C1CC1,7.346787486224656,CHEMBL1834117,262,2011.0
Nc1c(F)c(NCCCc2ccccc2)c(F)c2c1c(=O)c(C(=O)O)cn2C1CC1,7.346787486224656,CHEMBL1834114,262,2011.0
Nc1c(F)c(NCCCCc2ccccc2)c(F)c2c1c(=O)c(C(=O)O)cn2C1CC1,6.537602002101044,CHEMBL1834115,262,2011.0
CS(=O)(=O)Nc1ccc(CCNC(=O)c2ccnc3[nH]c(-c4ccc(F)cc4)nc23)cc1,7.356547323513812,CHEMBL2048667,262,2012.0
CS(=O)(=O)Nc1ccc(CCNC(=O)c2ccnc3[nH]c(-c4ccc(Cl)cc4)nc23)cc1,8.0,CHEMBL2048669,262,2012.0
CS(=O)(=O)Nc1ccc(-c2c(-c3cccnc3)oc3ncnc(N)c23)cc1,6.323306390375134,CHEMBL404488,262,2008.0
CS(=O)(=O)NCCc1ccc(NC(=O)c2ccc(O)c3[nH]c(-c4ccc(Cl)cc4Cl)nc23)cc1,7.096910013008056,CHEMBL564006,262,2009.0
CC(C)c1nc(-c2ccncc2)cc(=O)[nH]1,5.6777807052660805,CHEMBL3093037,262,2013.0
Cn1cc(Nc2ncc(Br)c(NC3C4C=CC(C4)C3C(N)=O)n2)cn1,7.468521082957745,CHEMBL2071201,262,2012.0
Cn1cc(C2=C(c3coc4ccccc34)C(=O)NC2=O)c2cccnc21,7.75448733218585,CHEMBL2386108,262,2013.0
COc1sc(-c2ccnc(NC(=O)C3CC3)c2)nc1C(N)=O,7.522878745280337,CHEMBL3410093,262,2015.0
COc1ncccc1-c1ccc2[nH]nc(C(=O)NCC3CCN(Cc4ccc(C(=O)O)o4)CC3)c2c1,6.443697499232712,CHEMBL3734924,262,2015.0
CC(C)c1cc(NCc2cccnc2)n2ncc(Br)c2n1,6.376750709602099,CHEMBL250369,262,2007.0
Cn1cc(C2=C(c3coc4ccccc34)C(=O)NC2=O)c2ccccc21,7.455931955649724,CHEMBL301138,262,2009.0
Cn1cc(C2=C(c3coc4ccccc34)C(=O)NC2=O)c2cccc(O)c21,7.259637310505756,CHEMBL489410,262,2009.0
Cn1cc(C2=C(c3coc4ccccc34)C(=O)NC2=O)c2cccc(CO)c21,8.267606240177031,CHEMBL522464,262,2009.0
NS(=O)(=O)c1ccc(Nc2cc(NC3CCCCC3)nc3ncnn23)cc1,6.013228265733755,CHEMBL203569,262,2006.0
NS(=O)(=O)c1ccc(Nc2cc(OC3CCCCC3)nc3ncnn23)cc1,6.721246399047171,CHEMBL203407,262,2006.0
NS(=O)(=O)c1ccc(Nc2nc(OCC3CCCCC3)c3nc[nH]c3n2)cc1,7.397940008672037,CHEMBL319467,262,2006.0
Cn1cc(C2=C(c3coc4ccccc34)C(=O)NC2=O)c2cccc(CCOC(C)(C)C)c21,6.8297382846050425,CHEMBL2386274,262,2013.0
Cn1cc(C2=C(c3coc4ccccc34)C(=O)NC2=O)c2cccc(CCC(=O)O)c21,8.920818753952375,CHEMBL490842,262,2009.0
CC1OCCN(c2nc(-c3ccncc3F)cc(=O)n2C)C1C,7.830445089510706,CHEMBL3401125_CHEMBL3401126_CHEMBL3401127,262,
Cn1cc(C2=C(c3coc4ccccc34)C(=O)NC2=O)c2ccc(O)cc21,7.823908740944319,CHEMBL503469,262,2009.0
Cn1cc(C2=C(c3coc4ccccc34)C(=O)NC2=O)c2cc(I)ccc21,7.462180904926726,CHEMBL522751,262,2009.0
Cn1cc(C2=C(c3coc4ccccc34)C(=O)NC2=O)c2cc(F)c(Cl)cc21,6.735182176990463,CHEMBL489407,262,2009.0
Cn1cc(C2=C(c3coc4ccccc34)C(=O)NC2=O)c2cc(C3CC3)ccc21,6.628932137728263,CHEMBL491064,262,2009.0
Cn1cc(C2=C(c3coc4ccccc34)C(=O)NC2=O)c2cc(Br)cnc21,8.275724130399212,CHEMBL2386106,262,2013.0
Nc1c(F)c(NC2CCCCC2)c(F)c2c1c(=O)c(C(=O)O)cn2C1CC1,6.221848749616356,CHEMBL1834110,262,2011.0
Cn1cc(C2=C(c3coc4ccc(F)cc34)C(=O)NC2=O)c2cc(Cl)ccc21,7.376750709602099,CHEMBL523113,262,2009.0
Nc1ncc(-c2ccccc2)cc1NC(=O)c1ccnc(NC(=O)C2CC2)c1,6.8297382846050425,CHEMBL4515584,262,2019.0
Cn1cc(C2=C(c3coc4ccc(F)cc34)C(=O)NC2=O)c2cc(C#CC3CC3)ccc21,7.79317412396815,CHEMBL484685,262,2009.0
COc1nc(-c2ccnc(NC(=O)C3CC3)c2)sc1C(N)=O,8.958607314841775,CHEMBL3410089,262,2015.0
Cn1cc(C2=C(c3cccc(NCCCO)c3)C(=O)NC2=O)c2ccccc21,9.0,CHEMBL1082151,262,2010.0
Cn1cc(C2=C(c3cccc(NCC(O)CO)c3)C(=O)NC2=O)c2cc(F)ccc21,9.221848749616356,CHEMBL1082152,262,2010.0
Cn1cc(C2=C(c3cccc(NCC(O)CO)c3)C(=O)NC2=O)c2cc(Cl)ccc21,9.397940008672036,CHEMBL1082153,262,2010.0
Cn1cc(C2=C(c3cccc(N)c3)C(=O)NC2=O)c2ccccc21,8.744727494896694,CHEMBL54547,262,2010.0
CC(C)OC1Cn2cc(C3=C(c4cnc5ccccn45)C(=O)NC3=O)c3cccc(c32)CN1C=O,8.886056647693163,CHEMBL4164416,262,2018.0
CC(C)OC(=O)N1CCn2cc(C3=C(c4cnc5ccccn45)C(=O)NC3=O)c3cccc(c32)C1,8.886056647693163,CHEMBL363058,262,2004.0
Nc1nc(NCCNc2ncc(-c3ncc[nH]3)c(-c3ccc(Cl)cc3Cl)n2)ccc1[N+](=O)[O-],9.236830361305078,CHEMBL1080901,262,2004.0
Nc1nc(NCCNc2ncc(-n3ccnc3)c(-c3ccc(Cl)cc3Cl)n2)ccc1[N+](=O)[O-],9.221848749616356,CHEMBL3185148,262,2017.0
Nc1nc(Nc2ccc(S(N)(=O)=O)cc2)nn1C(=S)Nc1c(F)cccc1F,6.6777807052660805,CHEMBL261720,262,2005.0
COc1ccccc1C1CN(c2nc(-c3ccncn3)cc(=O)n2C)CCO1,9.060480747381382,CHEMBL3091540,262,2013.0
COc1ccccc1C1CN(c2nc(-c3ccncn3)cc(=O)n2C)CCN1,8.744727494896694,CHEMBL4065624,262,2017.0
Cn1cc(C2=C(c3ccccc3Cl)C(=O)NC2=O)c2ccccc21,8.443697499232712,CHEMBL431933,262,2010.0
COc1ccccc1C1CN(c2nc(-c3ccncc3)cc(=O)n2C)CCN1,8.744727494896694,CHEMBL4085821,262,2017.0
Nc1nc(Nc2ccccc2)sc1C(=O)C1CC1,5.619788758288394,CHEMBL554082,262,2009.0
COc1ccccc1C1=C(c2cn(CCCNC(=O)OC(C)(C)C)c3ncccc23)C(=O)NC1=O,8.154901959985743,CHEMBL109981,262,2004.0
COc1ccccc1-n1ncc2c3c(c4cccn4c21)C(=O)NC3=O,6.0,CHEMBL3110139,262,2013.0
COc1ccccc1-n1cc(CSC2=NC(c3ccccc3)CC(=O)N2C)nn1,5.881404634776239,CHEMBL4642636,262,2019.0
Nc1ncc(-c2ccc(F)cc2)cc1N=Cc1ccnc(NC(=O)C2CC2)c1,6.3788237182249645,CHEMBL4455516,262,2019.0
Nc1ncc(-c2ccc(F)cc2)cc1NC(=O)c1ccnc(NC(=O)C2CC2)c1,6.619788758288394,CHEMBL4550261,262,2019.0
COc1ccccc1-c1nc(C(N)=O)[nH]c1-c1ccnc(NC(=O)C2CC2)c1,6.576754126063192,CHEMBL4456961,262,2019.0
Cn1cc(C2=C(c3cccc(CC(O)CO)c3)C(=O)NC2=O)c2ccccc21,8.290518084648188,CHEMBL1081294_CHEMBL1081972,262,
Cn1cc(C2=C(c3cccc(CC(O)CO)c3)C(=O)NC2=O)c2cc(F)ccc21,8.744727494896694,CHEMBL1081973,262,2010.0
COc1ccccc1-c1ccnc(NC2COC3C(NC(=O)Nc4cccc(C#N)c4)COC23)n1,5.216096420727265,CHEMBL4797635,262,2021.0
Cn1cc(C2=C(c3ccc(-c4ccccc4)cc3)C(=O)NC2=O)c2ccccc21,6.136677139879544,CHEMBL1086732,262,2010.0
Nc1nc(Nc2ccc(S(N)(=O)=O)cc2)sc1C(=O)c1ccccc1[N+](=O)[O-],6.97061622231479,CHEMBL2377825,262,2013.0
Cn1cc(C2=C(c3cccnc3)C(=O)NC2=O)c2ccccc21,7.376750709602099,CHEMBL1087380,262,2010.0
CC1N(c2nc(-c3ccncc3F)cc(=O)n2C)CCOC1(C)C,8.013228265733755,CHEMBL3401128,262,2015.0
Cc1ccc(Nc2cc(-c3noc(-c4ccc(NS(=O)(=O)c5ccc(C(C)(C)C)cc5)cc4)n3)ccn2)cc1,5.341035157335565,CHEMBL4793635,262,2021.0
COc1nc(-c2ccnc(NC(=O)C3CC3)c2)ncc1C(N)=O,8.229147988357855,CHEMBL3410110,262,2015.0
COc1cnccc1-c1cc(=O)n(C)c(N2CCOC(c3ccc(F)cc3)C2)n1,6.101823516502323,CHEMBL3091534,262,2013.0
COc1cncc(-c2ccc3[nH]nc(C(=O)NCC4CCN(CC(=O)O)CC4)c3c2)c1,7.744727494896693,CHEMBL3736455,262,2015.0
Cc1ccc(NC(=O)c2ccnc3[nH]c(-c4ccc(F)cc4)nc23)cn1,8.096910013008056,CHEMBL2048679,262,2012.0
Cn1cc(C2=C(c3coc4cc(OCC5CC5)ccc34)C(=O)NC2=O)c2cc(F)c(Cl)cc21,5.889410289700751,CHEMBL490639,262,2009.0
Cn1cc(C2=C(c3coc4cc(O)ccc34)C(=O)NC2=O)c2cc(F)ccc21,8.455931955649724,CHEMBL489210,262,2009.0
Cn1cc(C2=C(c3coc4cc(F)c(F)cc34)C(=O)NC2=O)c2ccc3ccccc3c21,6.503070351926786,CHEMBL491859,262,2009.0
COc1ccncc1NC(=O)c1ccnc2[nH]c(-c3ccncc3)nc12,8.698970004336019,CHEMBL2048685,262,2012.0
COc1ccncc1NC(=O)c1ccnc2[nH]c(-c3cccc(Cl)c3)nc12,8.698970004336019,CHEMBL2048684,262,2012.0
COc1ccncc1NC(=O)c1ccnc2[nH]c(-c3ccc(F)cc3)nc12,8.522878745280337,CHEMBL2048677,262,2012.0
COc1ccncc1NC(=O)c1ccnc(NC(=O)C2CC2)c1,8.468521082957745,CHEMBL4213175,262,2018.0
COc1ccncc1-c1ccc2[nH]nc(C(=O)NCC3CCN(Cc4ccc(C(=O)O)o4)CC3)c2c1,8.017728766960431,CHEMBL3735176,262,2015.0
COc1ccncc1-c1ccc2[nH]nc(C(=O)NCC3CCN(CCc4ccccc4)CC3)c2c1,7.698970004336019,CHEMBL3735603,262,2015.0
Cn1cc(C2=C(c3coc4cc(CO)ccc34)C(=O)NC2=O)c2cccc(CO)c21,8.292429823902063,CHEMBL491447,262,2009.0
Cn1cc(C2=C(c3coc4cc(CO)ccc34)C(=O)NC2=O)c2cc(F)ccc21,9.455931955649724,CHEMBL477038,262,2009.0
Cn1cc(C2=C(c3coc4cc(CO)ccc34)C(=O)NC2=O)c2cc(F)c(Cl)cc21,9.022276394711152,CHEMBL522590,262,2009.0
Cn1cc(C2=C(c3coc4cc(CO)ccc34)C(=O)NC2=O)c2cc(C#N)ccc21,7.87942606879415,CHEMBL490861,262,2009.0
Cn1cc(C2=C(c3coc4cc(CO)ccc34)C(=O)NC2=O)c2cc(Br)ccc21,9.292429823902063,CHEMBL489833,262,2009.0
COc1ccccc1Nc1ncc(F)c(-c2ccc(C(N)=O)c(C(C)C)c2)n1,5.100000128334196,CHEMBL4127797,262,2018.0
COc1ccccc1Nc1ncc(F)c(-c2ccc(C(=O)O)c(C(C)C)c2)n1,5.100000128334196,CHEMBL4129219,262,2018.0
Cn1cc(C2=C(c3cnc4ccccn34)C(=O)NC2=O)c2cc3c(cc21)OCO3,8.275724130399212,CHEMBL2386112,262,2013.0
COc1ccccc1N1CCN(c2nc(-c3ccncn3)cc(=O)n2C)C(C)C1,9.096910013008056,CHEMBL4065818,262,2017.0
Cn1cc(C2=C(c3cnc4ccccn34)C(=O)NC2=O)c2cc(Br)ccc21,9.060480747381382,CHEMBL2386272,262,2013.0
Nc1n[nH]c2nc3ccccc3nc12,6.0,CHEMBL259389,262,2007.0
Cn1cc(C2=C(c3cccs3)C(=O)NC2=O)c2ccccc21,7.657577319177793,CHEMBL53745,262,2010.0
Cn1cc(C2=C(c3coc4cc(OCC5CCC5)ccc34)C(=O)NC2=O)c2cc(F)c(Cl)cc21,5.388276691992658,CHEMBL489413,262,2009.0
O=C(CCCCNC(=S)Nc1ccc2c(c1)C(=O)NC2=O)NO,5.386158178123931,CHEMBL4575045,262,2019.0
O=C(C=Cc1cnc2[nH]cc(-c3ccccc3)c2c1)NCCc1ccccn1,7.721246399047171,CHEMBL3938724,262,2016.0
CC(C)(C)c1ccc(S(=O)(=O)Nc2ccc(-c3nc(-c4ccnc(Nc5ccc(F)c(F)c5)c4)no3)cc2)cc1,5.8794260687941495,CHEMBL4799574,262,2021.0
COc1ccc(CSc2nnc(-c3ccc4c(c3)CCO4)o2)cc1Cl,7.886056647693163,CHEMBL470167,262,2009.0
COc1ccc(CSc2nnc(-c3ccc4c(c3)CCO4)o2)cc1C(F)(F)F,8.244125144327509,CHEMBL512144,262,2009.0
COc1ccc(CSc2nnc(-c3ccc4c(c3)CCO4)o2)cc1C#N,7.552841968657781,CHEMBL470168,262,2009.0
COc1ccc(CSc2nnc(-c3ccc4c(c3)CCO4)o2)cc1,6.657577319177793,CHEMBL470565,262,2009.0
COc1ccc(CSc2nnc(-c3ccc4[nH]ncc4c3)o2)cc1C(F)(F)F,7.795880017344075,CHEMBL469507,262,2009.0
COc1ccc(COc2ccc3c(C4=C(c5cn(C)c6ccc(Br)cc56)C(=O)NC4=O)coc3c2)cc1,6.474955192963154,CHEMBL490044,262,2009.0
Cn1c(N2CCNC(c3ccc(C#N)cc3)C2)nc(-c2ccncc2)cc1=O,7.823908740944319,CHEMBL4075400,262,2017.0
COc1ccc(CNC(=O)Nc2ncc([N+](=O)[O-])s2)cc1,7.027005866945451,CHEMBL259850,262,2004.0
COc1ccc(CNC(=O)Nc2nc3ccc(C(C)=O)cc3s2)cc1,5.645891560852599,CHEMBL4452831,262,2019.0
COc1ccc(CNC(=O)Nc2nc3ccc(C(C)=O)cc3[nH]2)cc1,6.585026652029182,CHEMBL4452731,262,2019.0
CC(C)(C)c1ccc(S(=O)(=O)Nc2ccc(-c3nc(-c4ccnc(Nc5cccc(Cl)c5)c4)no3)cc2)cc1,6.721246399047171,CHEMBL4783062,262,2021.0
COc1ccc(CNC(=O)Nc2nc3ccc(C(=O)CBr)cc3s2)cc1,6.113509274827518,CHEMBL4532931,262,2019.0
COc1ccc(CNC(=O)Nc2nc3ccc(C#N)cc3s2)cc1,6.958607314841775,CHEMBL1824333,262,2019.0
COc1ccc(CNC(=O)Nc2nc3ccc(C#N)cc3[nH]2)cc1,7.0655015487564325,CHEMBL4447545,262,2019.0
COc1ccc(CNC(=O)Nc2cc(-c3cccnc3F)ccn2)cc1,7.008773924307505,CHEMBL1824331,262,2011.0
Cn1c(N2CCNC(c3ccc(Br)cc3)C2)nc(-c2ccncn2)cc1=O,8.09151498112135,CHEMBL4081408,262,2017.0
COc1ccc(CN2C(=O)C(c3cccc4ccccc34)Oc3ccccc32)cc1,5.091514981121351,CHEMBL4213199,262,2017.0
CCOC(=O)c1cc(NCc2cccnc2)n2ncc(Br)c2n1,6.102372908709558,CHEMBL250183,262,2007.0
COc1ccc(CCNc2ncc(C(=O)NCCCN3CCCC3=O)c(NC3CCCC3)n2)cc1OC,5.774690718274137,CHEMBL2312290,262,2013.0
CCOC(=O)c1ccc(CN2CCC(CNC(=O)c3n[nH]c4ccc(Br)cc34)CC2)o1,6.585026652029182,CHEMBL3735613,262,2015.0
CCOC(=O)c1ccc(CN2CCC(CNC(=O)c3n[nH]c4ccc(OC)cc34)CC2)o1,6.481486060122112,CHEMBL3735529,262,2015.0
COc1ccc(CCN2CCC(CNC(=O)c3n[nH]c4ccc(OC)cc34)CC2)cc1,6.251811972993799,CHEMBL3736196,262,2015.0
COc1ccc(CNC(=O)Nc2nc3ccc(C(=O)CBr)cc3[nH]2)cc1,6.886056647693163,CHEMBL4546384,262,2019.0
COc1ccc(CCC(=O)Nc2cc(-c3[nH]c(SC)nc3-c3ccc(F)cc3)ccn2)cc1,6.266000713461613,CHEMBL4547931,262,2019.0
COc1ccc(CSc2nnc(-c3ccc4c(c3)OCO4)o2)cc1F,7.187086643357144,CHEMBL456218,262,2009.0
COc1ccc(CSc2nnc(-c3ccc4ncsc4c3)o2)cc1C(F)(F)F,8.508638306165727,CHEMBL499006,262,2009.0
COc1ccc(NC(=O)c2ccc(NC3=C(c4ccccc4)C(=O)NC3=O)cc2)cc1,6.920818753952375,CHEMBL4644518,262,2019.0
COc1ccc(NC(=O)c2ccc(NC3=C(c4ccc(OC)cc4)C(=O)NC3=O)cc2)cc1,7.045757490560675,CHEMBL4641587,262,2019.0
O=C(CN1CCOCC1)Nc1ccc(CCNC(=O)c2ccc(O)c3[nH]c(-c4ccc(F)cc4)nc23)cc1,7.397940008672037,CHEMBL562089,262,2009.0
Cn1c(N2CCNC(c3ccccc3)C2)nc(-c2ccncc2)cc1=O,7.744727494896693,CHEMBL4103742,262,2017.0
O=C(CNC(=O)c1cnc2[nH]cc(-c3ccccc3)c2c1)NCCc1c[nH]c2ccccc12,5.838631997765026,CHEMBL3911190,262,2016.0
O=C(CNC(=O)c1cnc2[nH]cc(-c3ccccc3)c2c1)NCCc1c[nH]cn1,5.583359492661719,CHEMBL3979434,262,2016.0
O=C(CNC(=O)c1cnc2[nH]cc(-c3ccncc3)c2c1)NCCc1c[nH]c2ccccc12,6.002613615602687,CHEMBL4472277,262,2016.0
Cn1c(N2CCNC(c3cccc(F)c3)C2)nc(-c2ccncn2)cc1=O,7.920818753952375,CHEMBL4064936,262,2017.0
Cn1c(N2CCNC(c3cccc(F)c3)C2)nc(-c2ccncc2)cc1=O,7.657577319177793,CHEMBL4070244,262,2017.0
Cn1c(N2CCNC(c3cccc(Cl)c3)C2)nc(-c2ccncn2)cc1=O,8.958607314841775,CHEMBL4067532,262,2017.0
COc1ccc(CSc2nnc(-c3ccc4ncccc4c3)o2)cc1C(F)(F)F,7.744727494896693,CHEMBL469508,262,2009.0
Cn1c(N2CCNC(c3cccc(Cl)c3)C2)nc(-c2ccncc2)cc1=O,8.267606240177031,CHEMBL4080891,262,2017.0
Cn1c(N2CCNC(c3ccc(F)cc3)C2)nc(-c2ccncn2)cc1=O,8.065501548756432,CHEMBL4096984,262,2017.0
Cn1c(N2CCNC(c3ccc(F)cc3)C2)nc(-c2ccncc2)cc1=O,7.744727494896693,CHEMBL4069785,262,2017.0
Cn1c(N2CCNC(c3ccc(Cl)c(Cl)c3)C2)nc(-c2ccncn2)cc1=O,8.638272163982407,CHEMBL4072455,262,2017.0
Cn1c(N2CCNC(c3ccc(Cl)c(Cl)c3)C2)nc(-c2ccncc2)cc1=O,8.366531544420413,CHEMBL4100923,262,2017.0
Cn1c(N2CCNC(c3ccc(C#N)cc3)C2)nc(-c2ccncn2)cc1=O,8.130768280269024,CHEMBL4089283,262,2017.0
O=C(CSc1nnc(Cn2c(C(F)(F)F)nc3ccccc32)o1)Nc1ccc(F)cc1,6.698970004336019,CHEMBL4637474,262,2019.0
O=C(CSc1nnc(Cn2c(C(F)(F)F)nc3ccccc32)o1)Nc1ccccc1,6.886056647693163,CHEMBL4634672,262,2019.0
O=C(Cc1ccc(F)cc1)Nc1cc(-c2[nH]c(SCc3ccccc3)nc2-c2ccc(F)cc2)ccn1,5.824198367151721,CHEMBL4452170,262,2019.0
COc1ccc(CSc2nnc(C3=CC=C4NC=CN4C3)o2)cc1C(F)(F)F,8.187086643357144,CHEMBL513878,262,2009.0
COc1ccc(CSc2nnc(-c3ccc4occc4c3)o2)cc1C(F)(F)F,8.309803919971486,CHEMBL471430,262,2009.0
Cn1c(N2CCNC(c3cccc(Br)c3)C2)nc(-c2ccncn2)cc1=O,8.698970004336019,CHEMBL4088777,262,2017.0
Cn1c(N2CCNC(c3ccc(Br)cc3)C2)nc(-c2ccncc2)cc1=O,7.657577319177793,CHEMBL4099428,262,2017.0
Cn1c(N(CCCCN)CCc2ccccc2)nc(-c2ccncc2)cc1=O,6.886056647693163,CHEMBL3093051,262,2013.0
CCOC(=O)c1nc(-c2ccc(F)cc2)c(-c2ccnc(NC(=O)C3CC3)c2)[nH]1,6.046240308266771,CHEMBL4518634,262,2019.0
CCS(=O)(=O)Nc1ccc(CCNC(=O)c2ccnc3[nH]c(-c4ccccc4)nc23)cc1,7.853871964321762,CHEMBL2048658,262,2012.0
CCS(=O)(=O)Nc1ccc(CCNC(=O)c2ccnc3[nH]c(-c4cccs4)nc23)cc1,7.920818753952375,CHEMBL2048661,262,2012.0
CCS(=O)(=O)Nc1ccc(CCNC(=O)c2ccnc3[nH]c(-c4ccoc4)nc23)cc1,9.0,CHEMBL2048663,262,2012.0
CCS(=O)(=O)Nc1ccc(CCNC(=O)c2ccnc3[nH]c(-c4ccsc4)nc23)cc1,8.522878745280337,CHEMBL2048662,262,2012.0
CCS(=O)(=O)c1ccc(-c2coc3ccc(-c4ccc(C)o4)cc23)cc1,7.42021640338319,CHEMBL578628,262,2009.0
COc1ccc(C(=O)CBr)cc1,6.0,CHEMBL103009,262,2003.0
COc1ccc(-n2cnc3ccc(-c4nnc(SCc5cccc(C(F)(F)F)c5)o4)cc32)cc1,8.602059991327963,CHEMBL513570,262,2009.0
COc1ccc(-n2cnc3ccc(-c4nnc(SCc5cccc(C#N)c5)o4)cc32)cc1,8.638272163982407,CHEMBL516640,262,2009.0
COc1ccc(-n2cnc3ccc(-c4nnc(SCc5ccc(OC)c(C(F)(F)F)c5)o4)cc32)cc1,8.065501548756432,CHEMBL472043,262,2009.0
COc1ccc(-n2cnc3ccc(-c4n[nH]c(=S)o4)cc32)cc1,8.638272163982407,CHEMBL1230134,262,2018.0
CCS(=O)(=O)Nc1ccc(CCNC(=O)c2ccnc3[nH]c(-c4ccc(F)cc4F)nc23)cc1,8.698970004336019,CHEMBL2048660,262,2012.0
COc1ccc(-n2cnc3cc(C(=O)CBr)ccc32)cc1,6.236572006437063,CHEMBL1801635,262,2011.0
O=C(NCC1CCN(CCc2ccccc2)CC1)c1n[nH]c2ccc(-c3ccccc3F)cc12,6.950781977329818,CHEMBL3736215,262,2015.0
O=C(NCC1CCN(CCc2ccccc2)CC1)c1n[nH]c2ccc(-c3cccnc3)cc12,7.4089353929735005,CHEMBL3735061,262,2015.0
COc1ccc(-c2oc3ncnc(N)c3c2-c2cccnc2)cc1,7.096910013008056,CHEMBL361567,262,2004.0
COc1ccc(-c2nn3ncccc3c2-c2ccnc(Nc3ccc4c(c3)OCCO4)n2)cc1,5.300000202445418,CHEMBL188257,262,2020.0
COc1ccc(-c2nc3c(C(=O)Nc4cnccc4C)ccnc3[nH]2)cc1,8.698970004336019,CHEMBL2048680,262,2012.0
CC[S+]([O-])c1ccc(-c2coc3ccc(-c4ccc(C)o4)cc23)cc1,7.292049453010971,CHEMBL574159_CHEMBL574613_CHEMBL575882,262,
COc1ccc(-c2coc3ccc(-c4nnc(SCc5cccc(C(F)(F)F)c5)o4)cc23)cc1,8.075720713938118,CHEMBL471832,262,2009.0
COc1ccc(-c2coc3ccc(-c4nnc(SCc5cccc(C#N)c5)o4)cc23)cc1,8.455931955649724,CHEMBL471833,262,2009.0
COc1ccc(-c2coc3ccc(-c4nnc(SCc5ccc(OC)c(C(F)(F)F)c5)o4)cc23)cc1,7.602059991327962,CHEMBL469509,262,2009.0
COc1ccc(-c2coc3ccc(-c4ccc(C)o4)cc23)cc1,7.267606240177031,CHEMBL576183,262,2009.0
O=C(NCC1CCN(CCc2ccccc2)CC1)c1n[nH]c2ccc(-c3cccc(F)c3F)cc12,7.173925197299173,CHEMBL3735796,262,2015.0
CCS(=O)(=O)Nc1ccc(CCNC(=O)c2ccnc3[nH]c(-c4ccc(F)cc4)nc23)cc1,8.397940008672037,CHEMBL2048659,262,2012.0
CCS(=O)(=O)Nc1ccc(CCNC(=O)c2ccc(O)c3[nH]c(-c4ccccc4)nc23)cc1,7.327902142064282,CHEMBL2048657,262,2012.0
CCS(=O)(=O)Nc1ccc(CCNC(=O)c2ccc(O)c3[nH]c(-c4ccc(F)cc4Cl)nc23)cc1,8.698970004336019,CHEMBL549953,262,2009.0
CCOC(=O)c1nc(CN2CCC(CNC(=O)c3n[nH]c4ccc(OC)cc34)CC2)cs1,6.022276394711152,CHEMBL3734973,262,2015.0
CCOC(=O)c1ncc(-c2ccnc(NC(=O)C3CC3)c2)[nH]1,6.131355561605174,CHEMBL4446123,262,2019.0
COc1ccc(C=CC(O)=CC(=O)C=Cc2ccc(OCc3ccccc3)cc2)cc1OC,6.045757490560675,CHEMBL4636722,262,2019.0
COc1ccc(C=CC(=O)C=C(O)C=Cc2ccc(OCc3ccccc3)cc2)cc1,5.555955204081924,CHEMBL3763815,262,2016.0
COc1ccc(C=CC(=O)C=C(O)C=Cc2ccc(OC)cc2)cc1,6.275724130399211,CHEMBL454662,262,2016.0
COc1ccc(C=C2SC(=O)NC2=O)c(O)c1,5.149966742310231,CHEMBL4175809,262,2018.0
COc1ccc(C2CN(c3nc(-c4ccncn4)cc(=O)n3C)CCN2)cc1OC,8.10790539730952,CHEMBL4082944,262,2017.0
COc1ccc(C2CN(c3nc(-c4ccncn4)cc(=O)n3C)CCN2)cc1,8.455931955649724,CHEMBL4096472,262,2017.0
COc1ccc(C2CN(c3nc(-c4ccncc4)cc(=O)n3C)CCN2)cc1OC,8.2839966563652,CHEMBL4062791,262,2017.0
COc1ccc(C2CN(c3nc(-c4ccncc4)cc(=O)n3C)CCN2)cc1,8.327902142064282,CHEMBL4078436,262,2017.0
CCOc1cc(C=C2Oc3ccc(OC)cc3C2=O)ccc1O,5.300162274132754,CHEMBL4105195,262,2017.0
COc1ccc(C2=C(c3cn(C)c4ccccc34)C(=O)NC2=O)cc1OC,8.18045606445813,CHEMBL1087242,262,2010.0
COc1ccc(C2=C(c3cn(C)c4ccccc34)C(=O)NC2=O)c(OC)c1,8.619788758288394,CHEMBL1088149,262,2010.0
COc1ccc(C2=C(Nc3ccc(C(=O)Nc4ccccc4)cc3)C(=O)NC2=O)cc1,6.769551078621726,CHEMBL4647915,262,2019.0
COc1ccc(C2=C(Nc3ccc(C(=O)Nc4ccc(Cl)cc4)cc3)C(=O)NC2=O)cc1,6.721246399047171,CHEMBL4632671,262,2019.0
Cn1c(N(CCCCCN)CCc2ccccc2)nc(-c2ccncc2)cc1=O,6.823908740944319,CHEMBL3093052,262,2013.0
Cn1c(CCCc2ccccc2)nc(-c2ccncc2)cc1=O,7.045757490560675,CHEMBL3093043,262,2013.0
CCOc1ccccc1C1CN(c2nc(-c3ccncc3)cc(=O)n2C)CCN1,7.602059991327962,CHEMBL4075525,262,2017.0
CCOc1ccccc1C1CN(c2nc(-c3ccncn3)cc(=O)n2C)CCN1,7.698970004336019,CHEMBL4088266,262,2017.0
CCOc1ccncc1NC(=O)c1ccnc2[nH]c(-c3ccc(F)cc3)nc12,8.522878745280337,CHEMBL2048678,262,2012.0
CCOc1ccncc1NC(=O)c1ccnc2[nH]c(-c3cccc(OC)c3)nc12,8.154901959985743,CHEMBL2048683,262,2012.0
CCOc1ccncc1NC(=O)c1ccnc2[nH]c(-c3cccnc3)nc12,8.522878745280337,CHEMBL2048682,262,2012.0
CCS(=O)(=O)Nc1ccc(CCNC(=O)c2ccc(O)c3[nH]c(-c4ccc(Cl)cc4Cl)nc23)cc1,7.522878745280337,CHEMBL559559,262,2009.0
Cn1c(N2CCNC(c3ccccc3Br)C2)nc(-c2ccncc2)cc1=O,7.886056647693163,CHEMBL4095172,262,2017.0
CCOC(=O)CN1CCC(CNC(=O)c2n[nH]c3ccc(Br)cc23)CC1,6.275724130399211,CHEMBL3735095,262,2015.0
COc1ccc(CSc2nnc(-c3ccc4c(c3)CCO4)o2)cc1F,7.356547323513812,CHEMBL514401,262,2009.0
Cn1c(N2CCNC(c3ccccc3F)C2)nc(-c2ccncn2)cc1=O,8.086186147616283,CHEMBL4080416,262,2017.0
O=C(CCl)c1ccc(Cl)cc1,5.6020599913279625,CHEMBL143090,262,2003.0
Cn1c(N2CCOC(C3CCC3)C2)nc(-c2ccncc2F)cc1=O,7.920818753952375,CHEMBL3401117,262,2015.0
COc1ccc2[nH]nc(C(=O)NCC3CCN(Cc4ccccc4)CC3)c2c1,6.6020599913279625,CHEMBL3735962,262,2015.0
COc1ccc2[nH]nc(C(=O)NCC3CCN(C)CC3)c2c1,5.920818753952375,CHEMBL3735382,262,2015.0
Cn1c(N2CCOC(c3c(F)cccc3Cl)C2)nc(-c2ccncn2)cc1=O,9.193820026016112,CHEMBL3091544,262,2013.0
COc1ccc2[nH]nc(C(=O)NCC3CCN(Cc4ccc(OCc5ccccc5)cc4)CC3)c2c1,6.455931955649724,CHEMBL3736462,262,2015.0
COc1ccc2[nH]nc(C(=O)NCC3CCN(Cc4ccc(O)cc4)CC3)c2c1,6.3979400086720375,CHEMBL3735837,262,2015.0
COc1ccc2[nH]nc(C(=O)NCC3CCN(Cc4ccc(Cl)cc4Cl)CC3)c2c1,6.508638306165727,CHEMBL3734985,262,2015.0
COc1ccc2[nH]nc(C(=O)NCC3CCN(Cc4ccc(C(F)(F)F)cc4)CC3)c2c1,6.1938200260161125,CHEMBL3735984,262,2015.0
COc1ccc2[nH]nc(C(=O)NCC3CCN(Cc4ccc(C(=O)O)o4)CC3)c2c1,6.3979400086720375,CHEMBL3736399,262,2015.0
COc1ccc2[nH]nc(C(=O)NCC3CCN(Cc4ccc(C(=O)O)nc4)CC3)c2c1,6.494850021680094,CHEMBL3735621,262,2015.0
COc1ccc2[nH]nc(C(=O)NCC3CCN(CC(=O)O)CC3)c2c1,6.173925197299173,CHEMBL3736404,262,2015.0
Cc1ccc(S(=O)(=O)N2CCN(c3nc(-c4ccncn4)cc(=O)n3C)C(C)C2)cc1,7.721246399047171,CHEMBL4102920,262,2017.0
COc1ccc2[nH]nc(C(=O)NCC3CCN(Cc4ccnc(C(=O)O)c4)CC3)c2c1,6.568636235841012,CHEMBL3735154,262,2015.0
Cn1c(N2CCOC(c3ccc(F)cc3)C2)nc(-c2ccncc2Cl)cc1=O,6.366531544420413,CHEMBL3091532,262,2013.0
Cn1c(N2CCOC(c3ccc(F)cc3)C2)nc(-c2ccncc2)cc1=O,7.446574276615441,CHEMBL3091529_CHEMBL3091530_CHEMBL3091547,262,
COc1ccc2[nH]nc(C(=O)NCC3CCN(CCc4ccc(O)cc4)CC3)c2c1,6.455931955649724,CHEMBL3736216,262,2015.0
Cn1c(N2CCOC(c3ccc(C#N)cc3)C2)nc(-c2ccncn2)cc1=O,7.886056647693163,CHEMBL3091537,262,2013.0
COc1ccc2[nH]nc(C(=O)NCC3CCN(CCNS(C)(=O)=O)CC3)c2c1,6.0,CHEMBL3735681,262,2015.0
COc1ccc2[nH]nc(C(=O)NCC3CCN(CCN4CC(C)OC(C)C4)CC3)c2c1,5.853871964321762,CHEMBL3735882,262,2015.0
Cn1c(N2CCOC(c3ccc(F)cc3)C2)nc(-c2ccnc(Cl)c2)cc1=O,6.044312249686494,CHEMBL3091535,262,2013.0
COc1ccc2[nH]nc(C(=O)NCC3CCN(CCC(=O)O)CC3)c2c1,6.161150909262744,CHEMBL3735293,262,2015.0
COc1ccc2[nH]nc(C(=O)NCC3CCN(CCC4CCCC(C)C4)CC3)c2c1,6.443697499232712,CHEMBL3734911,262,2015.0
COc1ccc2[nH]nc(C(=O)NCC3CCN(CCCNC(=O)c4ccccc4)CC3)c2c1,6.236572006437063,CHEMBL3736418,262,2015.0
COc1ccc2[nH]nc(C(=O)NCC3CCN(CCCN4CC(C)OC(C)C4)CC3)c2c1,5.6777807052660805,CHEMBL3734776,262,2015.0
COc1ccc2[nH]nc(C(=O)NCC3CCN(CCCN(C)C)CC3)c2c1,5.769551078621726,CHEMBL3735220,262,2015.0
COc1ccc2[nH]nc(C(=O)NCC3CCN(CCCC(=O)O)CC3)c2c1,6.638272163982407,CHEMBL3734956,262,2015.0
Cn1c(N2CCOC(c3ccc(C#N)cc3F)C2)nc(-c2ccncn2)cc1=O,8.187086643357144,CHEMBL3091543,262,2013.0
COc1ccc2[nH]nc(C(=O)NCC3CCN(CCc4ccncc4)CC3)c2c1,6.292429823902063,CHEMBL3735863,262,2015.0
COc1ccc2[nH]nc(C(=O)NCC3CCN(Cc4nc(C(=O)O)co4)CC3)c2c1,7.154901959985743,CHEMBL3736086,262,2015.0
COc1ccc(OC)c(C2=C(c3cn(C)c4ccccc34)C(=O)NC2=O)c1,7.657577319177793,CHEMBL1087243,262,2010.0
O=C(CCc1cnc2[nH]cc(-c3ccccc3)c2c1)NCCc1c[nH]c2ccccc12,5.987162775294828,CHEMBL3951486,262,2016.0
CCOC(=O)CCc1cccc2c(C3=C(c4coc5ccccc45)C(=O)NC3=O)cn(C)c12,7.991399828238082,CHEMBL490637,262,2009.0
COc1ccc2[nH]nc(C(=O)NCC3CCN(Cc4nc(C(=O)O)cs4)CC3)c2c1,7.301029995663981,CHEMBL3735779,262,2015.0
CC(C)(C)c1ccc(Nc2nccc(-c3cnn4ncccc34)n2)cc1,7.299988937677888,CHEMBL364587,262,2020.0
Cn1c(N2CCNC(c3ccccc3Cl)C2)nc(-c2ccncc2)cc1=O,8.017728766960431,CHEMBL4104642,262,2017.0
COc1ccc(Nc2cc(-c3noc(-c4ccc(NS(=O)(=O)c5ccc(C(C)(C)C)cc5)cc4)n3)ccn2)cc1,5.004803708402821,CHEMBL4757059,262,2021.0
O=C(CCCNC(=S)Nc1ccc2c(c1)C(=O)NC2=O)NO,5.006563769502389,CHEMBL4590543,262,2019.0
COc1ccc2c(c1)C(=C1Nc3ccccc3C1=NO)C(=O)N2,7.045757490560675,CHEMBL1830064,262,2017.0
Cn1c(N2CCNC(c3ccccc3Cl)C2)nc(-c2ccncn2)cc1=O,8.585026652029182,CHEMBL4073837,262,2017.0
COc1ccc2c(c1)C(=C1Nc3ccccc3C1=NOCCOC1OC(CO)C(O)C(O)C1O)C(=O)N2,7.0,CHEMBL4085289,262,2017.0
COc1ccc2c(-c3ccnc(Nc4cccc(OC(F)(F)F)c4)n3)cnn2n1,7.299988937677888,CHEMBL365248,262,2020.0
COc1ccc2[nH]nc(C(=O)NCC3CCN(Cc4noc(C(N)=O)n4)CC3)c2c1,6.309803919971486,CHEMBL3735347,262,2015.0
CC(C)(C)c1ccc(S(=O)(=O)Nc2ccc(-c3nc(-c4ccnc(Nc5ccc(Cl)cc5F)c4)no3)cc2)cc1,5.54515513999149,CHEMBL4792822,262,2021.0
Cn1c(N2CCNC(c3ccccc3F)C2)nc(-c2ccncc2)cc1=O,7.958607314841775,CHEMBL4066990,262,2017.0
Cn1c(N2CCNC(c3ccccc3Br)C2)nc(-c2ccncn2)cc1=O,8.366531544420413,CHEMBL4089702,262,2017.0
COc1ccc2c(C3=C(c4cn(C)c5cc(Cl)c(F)cc45)C(=O)NC3=O)coc2c1,6.060480747381382,CHEMBL521774,262,2009.0
