endpoint,metric,left,right,mean_diff,right_wins,n_folds,p_value
LOG_SOL,r2,chemeleon,trimole,-0.033187323608635785,4,25,9.022521620879693e-07
LOG_SOL,spearman,chemeleon,trimole,-0.024207473438660615,3,25,1.5023547881009849e-06
LOG_SOL,mae,chemeleon,trimole,0.020479034604537753,0,25,1.335384268750652e-12
LOG_HLM,r2,chemeleon,trimole,-0.038389474638832466,1,25,6.28486799643848e-11
LOG_HLM,spearman,chemeleon,trimole,-0.030468980862783792,1,25,1.6167591104804168e-11
LOG_HLM,mae,chemeleon,trimole,0.020504341895293217,0,25,1.027847462380656e-12
LOG_RLM,r2,chemeleon,trimole,-0.03415386225034986,0,25,9.418361641071788e-13
LOG_RLM,spearman,chemeleon,trimole,-0.02807303776601121,0,25,6.2639087584355475e-15
LOG_RLM,mae,chemeleon,trimole,0.022005253029908804,0,25,3.909811984624421e-14
LOG_MDR1_ER,r2,chemeleon,trimole,-0.021904625607698208,1,25,5.041502315651082e-11
LOG_MDR1_ER,spearman,chemeleon,trimole,-0.030241642339857423,0,25,5.793996146377607e-16
LOG_MDR1_ER,mae,chemeleon,trimole,0.021410518757277047,0,25,4.689491942901114e-15
LOG_HPPB,r2,chemeleon,trimole,0.028102759354791926,14,25,0.06756435520858477
LOG_HPPB,spearman,chemeleon,trimole,0.014406997255739941,16,25,0.11593665550688868
LOG_HPPB,mae,chemeleon,trimole,-0.03645025786588099,21,25,9.312955660991378e-06
LOG_RPPB,r2,chemeleon,trimole,0.07311679519500151,19,25,0.00035286836379875013
LOG_RPPB,spearman,chemeleon,trimole,0.03532371893595854,20,25,0.0002438573526165015
LOG_RPPB,mae,chemeleon,trimole,-0.030657484999476563,22,25,1.1273870941730172e-05
LOG_SOL,r2,lgbm,trimole,0.055387910412114987,25,25,3.642487940025754e-11
LOG_SOL,spearman,lgbm,trimole,0.013203464705814717,19,25,0.0031883738105087586
LOG_SOL,mae,lgbm,trimole,-0.022326637641362404,25,25,2.1368598809846087e-12
LOG_HLM,r2,lgbm,trimole,0.10949881454023945,25,25,2.5196855792172777e-22
LOG_HLM,spearman,lgbm,trimole,0.08749836885955481,25,25,6.957827875999036e-24
LOG_HLM,mae,lgbm,trimole,-0.03726650541845924,25,25,1.5147189109490403e-21
LOG_RLM,r2,lgbm,trimole,0.08909127237418442,25,25,2.9272865496556765e-21
LOG_RLM,spearman,lgbm,trimole,0.07017626406445303,25,25,1.985533473574064e-20
LOG_RLM,mae,lgbm,trimole,-0.04383128844805705,25,25,4.380635119130703e-22
LOG_MDR1_ER,r2,lgbm,trimole,0.04954453780899749,25,25,1.0331611700604058e-14
LOG_MDR1_ER,spearman,lgbm,trimole,0.034107319567793254,25,25,8.197773797010791e-14
LOG_MDR1_ER,mae,lgbm,trimole,-0.02412399912012615,25,25,1.0517834316539812e-14
LOG_HPPB,r2,lgbm,trimole,0.12925620175396338,22,25,8.184383592991021e-07
LOG_HPPB,spearman,lgbm,trimole,0.12001556142700691,24,25,2.6086771488640024e-10
LOG_HPPB,mae,lgbm,trimole,-0.054355070539161054,23,25,6.142241344718426e-08
LOG_RPPB,r2,lgbm,trimole,0.10921054724233223,24,25,6.182914281388441e-07
LOG_RPPB,spearman,lgbm,trimole,0.09088870090147529,24,25,6.200575493084376e-08
LOG_RPPB,mae,lgbm,trimole,-0.03118762999609088,23,25,2.278103344698321e-05
LOG_SOL,r2,chemprop,trimole,-0.014646587799114626,6,25,0.0021726325386282825
LOG_SOL,spearman,chemprop,trimole,0.0042780666436476825,12,25,0.2961664597006131
LOG_SOL,mae,chemprop,trimole,0.0071264992262877365,4,25,9.315283937944393e-05
LOG_HLM,r2,chemprop,trimole,0.03939681435367484,24,25,2.8733208062274297e-09
LOG_HLM,spearman,chemprop,trimole,0.0019416835250126762,16,25,0.5280954125310471
LOG_HLM,mae,chemprop,trimole,-0.006400461857817641,21,25,0.0005420537899061509
LOG_RLM,r2,chemprop,trimole,0.008300061338130195,17,25,0.008899710526170775
LOG_RLM,spearman,chemprop,trimole,-0.005531786115735784,9,25,0.026046267697495483
LOG_RLM,mae,chemprop,trimole,-0.002314816272997915,16,25,0.06555308894353604
LOG_MDR1_ER,r2,chemprop,trimole,-0.02534984410306878,1,25,2.1422993662878535e-09
LOG_MDR1_ER,spearman,chemprop,trimole,-0.02465478568399398,0,25,1.4627780448461507e-12
LOG_MDR1_ER,mae,chemprop,trimole,0.005940039132807586,6,25,0.0036352845955582554
LOG_HPPB,r2,chemprop,trimole,0.09177310854410412,22,25,1.5423496332183219e-06
LOG_HPPB,spearman,chemprop,trimole,0.08849440032211828,25,25,1.121422113285585e-07
LOG_HPPB,mae,chemprop,trimole,-0.061949823226790046,25,25,9.185486378959406e-13
LOG_RPPB,r2,chemprop,trimole,0.11560104881387703,21,25,1.996920836132075e-06
LOG_RPPB,spearman,chemprop,trimole,0.09324157279739918,25,25,1.7469035129528627e-09
LOG_RPPB,mae,chemprop,trimole,-0.048004322682934183,23,25,1.938549252610038e-06
LOG_SOL,r2,chemprop,chemeleon,0.01854073580952116,20,25,0.002007762337390754
LOG_SOL,spearman,chemprop,chemeleon,0.0284855400823083,22,25,5.909009673996519e-06
LOG_SOL,mae,chemprop,chemeleon,-0.013352535378250015,23,25,1.3007052503463151e-08
LOG_HLM,r2,chemprop,chemeleon,0.07778628899250731,25,25,5.932141113426184e-15
LOG_HLM,spearman,chemprop,chemeleon,0.03241066438779647,25,25,7.030543547750728e-11
LOG_HLM,mae,chemprop,chemeleon,-0.026904803753110856,25,25,2.114006610622801e-15
LOG_RLM,r2,chemprop,chemeleon,0.042453923588480054,25,25,4.4025592661319844e-13
LOG_RLM,spearman,chemprop,chemeleon,0.02254125165027543,25,25,3.1594544667214634e-10
LOG_RLM,mae,chemprop,chemeleon,-0.02432006930290672,25,25,1.0291389034399529e-13
LOG_MDR1_ER,r2,chemprop,chemeleon,-0.00344521849537057,10,25,0.25577635804303817
LOG_MDR1_ER,spearman,chemprop,chemeleon,0.005586856655863439,16,25,0.01650710102298378
LOG_MDR1_ER,mae,chemprop,chemeleon,-0.01547047962446946,24,25,1.373397001206484e-11
LOG_HPPB,r2,chemprop,chemeleon,0.06367034918931218,19,25,0.0013087158385575103
LOG_HPPB,spearman,chemprop,chemeleon,0.07408740306637834,24,25,9.829714324237611e-07
LOG_HPPB,mae,chemprop,chemeleon,-0.025499565360909058,20,25,0.0006788088977523942
LOG_RPPB,r2,chemprop,chemeleon,0.042484253618875506,16,25,0.030645597622497096
LOG_RPPB,spearman,chemprop,chemeleon,0.05791785386144066,23,25,4.730092918841147e-06
LOG_RPPB,mae,chemprop,chemeleon,-0.017346837683457617,17,25,0.02227710905508312
LOG_SOL,r2,chemprop_st,chemprop,0.0054108214226626485,13,25,0.27238144628868094
LOG_SOL,spearman,chemprop_st,chemprop,-0.0005831130603854628,14,25,0.9007530532037251
LOG_SOL,mae,chemprop_st,chemprop,0.0026346826140125003,11,25,0.25732741603771353
LOG_HLM,r2,chemprop_st,chemprop,0.015187750714406718,17,25,0.0022680767620844346
LOG_HLM,spearman,chemprop_st,chemprop,0.005095991137927647,12,25,0.15037718749454912
LOG_HLM,mae,chemprop_st,chemprop,-6.015503309365844e-05,10,25,0.9752458453285484
LOG_RLM,r2,chemprop_st,chemprop,0.011087455755236033,21,25,8.873204965957343e-05
LOG_RLM,spearman,chemprop_st,chemprop,0.007892506825518376,18,25,7.654170985981414e-05
LOG_RLM,mae,chemprop_st,chemprop,-0.0028098264000000063,16,25,0.02183486943979019
LOG_MDR1_ER,r2,chemprop_st,chemprop,0.0,0,25,
LOG_MDR1_ER,spearman,chemprop_st,chemprop,0.0,0,25,
LOG_MDR1_ER,mae,chemprop_st,chemprop,0.0,0,25,
LOG_HPPB,r2,chemprop_st,chemprop,0.22984431240152253,24,25,3.28005637404559e-13
LOG_HPPB,spearman,chemprop_st,chemprop,0.2450550574714158,25,25,7.691737163345734e-16
LOG_HPPB,mae,chemprop_st,chemprop,-0.06636285993592733,25,25,4.01401865984103e-12
LOG_RPPB,r2,chemprop_st,chemprop,0.11692819962136897,23,25,1.7399355033054614e-08
LOG_RPPB,spearman,chemprop_st,chemprop,0.20915910521088957,24,25,7.175133210043641e-13
LOG_RPPB,mae,chemprop_st,chemprop,-0.05897733905574912,24,25,3.75536721309198e-14
LOG_SOL,r2,lgbm,chemprop_st,0.06462367678856698,25,25,1.4054046594260765e-11
LOG_SOL,spearman,lgbm,chemprop_st,0.009508511122552498,18,25,0.10657925620982131
LOG_SOL,mae,lgbm,chemprop_st,-0.032087819481662644,24,25,1.0264411216896907e-10
LOG_HLM,r2,lgbm,chemprop_st,0.05491424947215788,25,25,4.4295848176715867e-11
LOG_HLM,spearman,lgbm,chemprop_st,0.0804606941966145,25,25,3.612527042822814e-17
LOG_HLM,mae,lgbm,chemprop_st,-0.030805888527547943,25,25,2.7754192121705764e-13
LOG_RLM,r2,lgbm,chemprop_st,0.06970375528081821,25,25,1.0606996364663045e-14
LOG_RLM,spearman,lgbm,chemprop_st,0.06781554335467044,25,25,1.5049013314606763e-17
LOG_RLM,mae,lgbm,chemprop_st,-0.03870664577505914,25,25,6.497486586980057e-17
LOG_MDR1_ER,r2,lgbm,chemprop_st,0.07489438191206627,25,25,2.034947584554916e-19
LOG_MDR1_ER,spearman,lgbm,chemprop_st,0.05876210525178724,25,25,1.1058120257836853e-17
LOG_MDR1_ER,mae,lgbm,chemprop_st,-0.030064038252933738,25,25,3.0609907575263016e-18
LOG_HPPB,r2,lgbm,chemprop_st,-0.19236121919166327,1,25,2.2046553602746755e-08
LOG_HPPB,spearman,lgbm,chemprop_st,-0.21353389636652717,0,25,6.973394962549312e-14
LOG_HPPB,mae,lgbm,chemprop_st,0.07395761262355631,0,25,8.509183184335595e-11
LOG_RPPB,r2,lgbm,chemprop_st,-0.12331870119291373,2,25,1.1582987603547432e-07
LOG_RPPB,spearman,lgbm,chemprop_st,-0.21151197710681344,0,25,9.769896395508807e-13
LOG_RPPB,mae,lgbm,chemprop_st,0.07579403174259242,0,25,3.7612132313572273e-16
