endpoint,metric,method,mean,sd,tukey_group,n_folds
LOG_SOL,r2,lgbm,0.2745851662300583,0.023599461028579783,worse,25
LOG_SOL,r2,chemprop_st,0.3392088430186252,0.02661265640338056,worse,25
LOG_SOL,r2,chemprop,0.3446196644412879,0.023278918997559885,worse,25
LOG_SOL,r2,chemeleon,0.3631604002508091,0.02146706838690962,best,25
LOG_SOL,r2,trimole,0.32997307664217324,0.01496006059084403,worse,25
LOG_SOL,spearman,lgbm,0.47265498152445273,0.022780190431566788,worse,25
LOG_SOL,spearman,chemprop_st,0.48216349264700525,0.021175013701444447,worse,25
LOG_SOL,spearman,chemprop,0.4815803795866198,0.01716963188316959,worse,25
LOG_SOL,spearman,chemeleon,0.5100659196689281,0.016856423091083966,best,25
LOG_SOL,spearman,trimole,0.48585844623026747,0.01286912051891003,worse,25
LOG_SOL,mae,lgbm,0.41267134793594357,0.008696256097651307,worse,25
LOG_SOL,mae,chemprop_st,0.38058352845428095,0.011187172503452789,worse,25
LOG_SOL,mae,chemprop,0.38321821106829346,0.006899181188794982,worse,25
LOG_SOL,mae,chemeleon,0.3698656756900434,0.007113392840286237,best,25
LOG_SOL,mae,trimole,0.3903447102945812,0.005902916818246626,worse,25
LOG_HLM,r2,lgbm,0.32586350877201586,0.015262760181163097,worse,25
LOG_HLM,r2,chemprop_st,0.3807777582441737,0.02309751216653546,worse,25
LOG_HLM,r2,chemprop,0.39596550895858046,0.017476750248904882,worse,25
LOG_HLM,r2,chemeleon,0.4737517979510878,0.0187768706089471,best,25
LOG_HLM,r2,trimole,0.43536232331225533,0.012270850571178167,worse,25
LOG_HLM,spearman,lgbm,0.5733981746237362,0.01022364653402177,worse,25
LOG_HLM,spearman,chemprop_st,0.6538588688203507,0.01603863729021064,worse,25
LOG_HLM,spearman,chemprop,0.6589548599582783,0.009973203045594216,worse,25
LOG_HLM,spearman,chemeleon,0.6913655243460748,0.01220371216376903,best,25
LOG_HLM,spearman,trimole,0.6608965434832911,0.009668635496423978,worse,25
LOG_HLM,mae,lgbm,0.3949268492995005,0.004887493424484408,worse,25
LOG_HLM,mae,chemprop_st,0.3641209607719526,0.010358501191881142,worse,25
LOG_HLM,mae,chemprop,0.36406080573885896,0.006766521805010207,worse,25
LOG_HLM,mae,chemeleon,0.33715600198574813,0.00722624572798143,best,25
LOG_HLM,mae,trimole,0.3576603438810413,0.004690451009072629,worse,25
LOG_RLM,r2,lgbm,0.3894209845155855,0.01134857182891444,worse,25
LOG_RLM,r2,chemprop_st,0.4591247397964037,0.015032666999259169,worse,25
LOG_RLM,r2,chemprop,0.47021219555163973,0.014317289422939047,worse,25
LOG_RLM,r2,chemeleon,0.5126661191401198,0.012371560595271147,best,25
LOG_RLM,r2,trimole,0.47851225688976995,0.00970743240573375,worse,25
LOG_RLM,spearman,lgbm,0.6270783400795095,0.009327822070806702,worse,25
LOG_RLM,spearman,chemprop_st,0.6948938834341799,0.01030101556494575,worse,25
LOG_RLM,spearman,chemprop,0.7027863902596982,0.010241317702164434,worse,25
LOG_RLM,spearman,chemeleon,0.7253276419099737,0.008299323413110876,best,25
LOG_RLM,spearman,trimole,0.6972546041439626,0.007193879896830712,worse,25
LOG_RLM,mae,lgbm,0.46957018896590513,0.005031378933749369,worse,25
LOG_RLM,mae,chemprop_st,0.43086354319084597,0.0064839964381977885,worse,25
LOG_RLM,mae,chemprop,0.4280537167908459,0.005908054218268579,worse,25
LOG_RLM,mae,chemeleon,0.4037336474879393,0.006090091678847377,best,25
LOG_RLM,mae,trimole,0.425738900517848,0.004170298284372228,worse,25
LOG_MDR1_ER,r2,lgbm,0.448585271570081,0.010414653432787496,worse,25
LOG_MDR1_ER,r2,chemprop_st,0.5234796534821472,0.0107160423716984,equivalent,25
LOG_MDR1_ER,r2,chemprop,0.5234796534821472,0.0107160423716984,best,25
LOG_MDR1_ER,r2,chemeleon,0.5200344349867766,0.009223566419898785,equivalent,25
LOG_MDR1_ER,r2,trimole,0.49812980937907847,0.00969437054494655,worse,25
LOG_MDR1_ER,spearman,lgbm,0.6955028360858984,0.008546752536636974,worse,25
LOG_MDR1_ER,spearman,chemprop_st,0.7542649413376856,0.008534146154987713,equivalent,25
LOG_MDR1_ER,spearman,chemprop,0.7542649413376856,0.008534146154987713,equivalent,25
LOG_MDR1_ER,spearman,chemeleon,0.7598517979935491,0.005551685315835561,best,25
LOG_MDR1_ER,spearman,trimole,0.7296101556536917,0.006824135550561132,worse,25
LOG_MDR1_ER,mae,lgbm,0.3852722451736883,0.004523329269048541,worse,25
LOG_MDR1_ER,mae,chemprop_st,0.35520820692075455,0.005473244064434133,worse,25
LOG_MDR1_ER,mae,chemprop,0.35520820692075455,0.005473244064434133,worse,25
LOG_MDR1_ER,mae,chemeleon,0.3397377272962851,0.0037261192148110587,best,25
LOG_MDR1_ER,mae,trimole,0.3611482460535621,0.0056847136482729,worse,25
LOG_HPPB,r2,lgbm,0.12867518292136132,0.09352960943779622,worse,25
LOG_HPPB,r2,chemprop_st,-0.06368603627030196,0.05885807279821042,worse,25
LOG_HPPB,r2,chemprop,0.16615827613122058,0.049116494910472486,worse,25
LOG_HPPB,r2,chemeleon,0.22982862532053275,0.06471752071877192,equivalent,25
LOG_HPPB,r2,trimole,0.25793138467532467,0.05335917002807481,best,25
LOG_HPPB,spearman,lgbm,0.43376706862747694,0.05842793133584988,worse,25
LOG_HPPB,spearman,chemprop_st,0.22023317226094974,0.06274633720261934,worse,25
LOG_HPPB,spearman,chemprop,0.46528822973236555,0.043361026710373674,worse,25
LOG_HPPB,spearman,chemeleon,0.5393756327987439,0.03823239432265632,equivalent,25
LOG_HPPB,spearman,trimole,0.5537826300544839,0.033879061069328205,best,25
LOG_HPPB,mae,lgbm,0.5756141314590982,0.03345523039253257,worse,25
LOG_HPPB,mae,chemprop_st,0.6495717440826546,0.01799493289419261,worse,25
LOG_HPPB,mae,chemprop,0.5832088841467272,0.01972498192068619,worse,25
LOG_HPPB,mae,chemeleon,0.5577093187858182,0.02544509774298411,worse,25
LOG_HPPB,mae,trimole,0.5212590609199372,0.016744634403875282,best,25
LOG_RPPB,r2,lgbm,0.11799156170874207,0.06731707650331098,worse,25
LOG_RPPB,r2,chemprop_st,-0.005327139484171671,0.043920442461528535,worse,25
LOG_RPPB,r2,chemprop,0.11160106013719727,0.05628838238346054,worse,25
LOG_RPPB,r2,chemeleon,0.1540853137560728,0.06122145888411355,worse,25
LOG_RPPB,r2,trimole,0.2272021089510743,0.05642361626403837,best,25
LOG_RPPB,spearman,lgbm,0.4550245942078676,0.04431402403868702,worse,25
LOG_RPPB,spearman,chemprop_st,0.24351261710105418,0.060784784885417616,worse,25
LOG_RPPB,spearman,chemprop,0.45267172231194375,0.03884367871422834,worse,25
LOG_RPPB,spearman,chemeleon,0.5105895761733844,0.03103353318967756,worse,25
LOG_RPPB,spearman,trimole,0.5459132951093429,0.039456419549605624,best,25
LOG_RPPB,mae,lgbm,0.5539112351786483,0.02054366947288806,worse,25
LOG_RPPB,mae,chemprop_st,0.6297052669212406,0.010186769360278503,worse,25
LOG_RPPB,mae,chemprop,0.5707279278654915,0.02045924150770656,worse,25
LOG_RPPB,mae,chemeleon,0.5533810901820339,0.022758270061266385,worse,25
LOG_RPPB,mae,trimole,0.5227236051825573,0.02466445997281175,best,25
