endpoint,method,label,n_folds,r2_mean,r2_sd,spearman_mean,spearman_sd,mae_mean,mae_sd
LOG_HLM,chemeleon,ChemProp + CheMeleon,25,0.4737517979510878,0.0187768706089471,0.6913655243460748,0.01220371216376903,0.337156001985748,0.007226245727981434
LOG_HLM,chemprop,ChemProp multi-task,25,0.39596550895858046,0.01747675024890489,0.6589548599582784,0.009973203045594216,0.36406080573885896,0.006766521805010207
LOG_HLM,chemprop_st,ChemProp single-task,25,0.3807777582441737,0.023097512166535453,0.6538588688203507,0.01603863729021063,0.3641209607719526,0.010358501191881139
LOG_HLM,fus_GRMS_early_attfp,AttentiveFP | Early | GNN + RDKit + Mol2Vec + SMILES,25,0.2475587057174952,0.05988673050699991,0.5642091052660254,0.023005151674691082,0.40659642002893326,0.010213577838060532
LOG_HLM,fus_GRMS_early_lgbm,LGBM | Early | GNN + RDKit + Mol2Vec + SMILES,25,0.3997005594518565,0.03797525318317922,0.6508220661661044,0.02158279081830209,0.3523081074240491,0.01204572666065628
LOG_HLM,fus_GRMS_early_rf,RF | Early | GNN + RDKit + Mol2Vec + SMILES,25,0.4075848366429045,0.03084193015553003,0.6564655369137745,0.02041644072915631,0.35056951747252113,0.01037319180604612
LOG_HLM,fus_GRMS_late_attfp,AttentiveFP | Late | GNN + RDKit + Mol2Vec + SMILES,25,0.4349423268487017,0.01508959440473249,0.6610714859705396,0.011856181059270549,0.35809195920635484,0.006635689005371972
LOG_HLM,fus_GRMS_late_lgbm,LGBM | Late | GNN + RDKit + Mol2Vec + SMILES,25,0.2814481401861929,0.013250215571319349,0.5306085254862548,0.010784881973059051,0.40715307093331815,0.004537348030755029
LOG_HLM,fus_GRMS_late_rf,RF | Late | GNN + RDKit + Mol2Vec + SMILES,25,0.2874944817382613,0.01258065823042858,0.5370088927791612,0.01048001991370655,0.4050526994413194,0.004238352148018519
LOG_HLM,fus_GRM_early_attfp,AttentiveFP | Early | GNN + RDKit + Mol2Vec,25,0.3843584345802079,0.03261498268371137,0.6542912303405664,0.024410616776031666,0.3723977959336821,0.012730002528146392
LOG_HLM,fus_GRM_early_lgbm,LGBM | Early | GNN + RDKit + Mol2Vec,25,0.41137367966791294,0.032632115946289696,0.6617978397778624,0.01997445994491536,0.3485936493408299,0.010586644104905483
LOG_HLM,fus_GRM_early_rf,RF | Early | GNN + RDKit + Mol2Vec,25,0.4150511923986639,0.03001776798450507,0.664303969676869,0.019671721058612795,0.3472248621885105,0.010227346977447406
LOG_HLM,fus_GRM_late_attfp,AttentiveFP | Late | GNN + RDKit + Mol2Vec,25,0.4405829522226764,0.015603482556258817,0.6675970234219791,0.01281469365016909,0.35612885957099744,0.007025898026162889
LOG_HLM,fus_GRM_late_lgbm,LGBM | Late | GNN + RDKit + Mol2Vec,25,0.3146835503951629,0.04620472216642978,0.5582567226440692,0.04171837546943098,0.3948282663607739,0.016392675074902954
LOG_HLM,fus_GRM_late_rf,RF | Late | GNN + RDKit + Mol2Vec,25,0.2872273325590522,0.012559976385003708,0.5367715980479306,0.01051793527807258,0.405105236686758,0.00424345371363393
LOG_HLM,fus_GRS_early_attfp,AttentiveFP | Early | GNN + RDKit + SMILES,25,0.2590289374590125,0.04541806559632538,0.5630749699640003,0.024317707456259403,0.40674442579612413,0.009795783909324623
LOG_HLM,fus_GRS_early_lgbm,LGBM | Early | GNN + RDKit + SMILES,25,0.39620666197222265,0.037497880062464066,0.649340688191795,0.021471297205608107,0.35368126819875156,0.011461564221744023
LOG_HLM,fus_GRS_early_rf,RF | Early | GNN + RDKit + SMILES,25,0.404309229072684,0.03136844925182706,0.6549759801393842,0.020543747922991486,0.3512429394179758,0.010461003119611293
LOG_HLM,fus_GRS_late_attfp,AttentiveFP | Late | GNN + RDKit + SMILES,25,0.4451356701061583,0.02054639232921366,0.6672776960937985,0.014625327854584298,0.3508223432862305,0.008088446646493358
LOG_HLM,fus_GRS_late_lgbm,LGBM | Late | GNN + RDKit + SMILES,25,0.3649716869705588,0.02594681464491849,0.6276700300516853,0.01739123775775306,0.36463276651205445,0.007481840210602066
LOG_HLM,fus_GRS_late_rf,RF | Late | GNN + RDKit + SMILES,25,0.35671435186468814,0.03055979979352491,0.6304313496796721,0.019617178621038442,0.3613469648045467,0.009139717905969605
LOG_HLM,fus_GR_early_attfp,AttentiveFP | Early | GNN + RDKit,25,0.3809419250037856,0.050617321419056,0.6447911763821144,0.02911017666793781,0.37292921959063846,0.020780961417202617
LOG_HLM,fus_GR_early_lgbm,LGBM | Early | GNN + RDKit,25,0.41528061570771996,0.0327463698463785,0.6585503729625799,0.02036177931234139,0.35426152974120323,0.01129023639604663
LOG_HLM,fus_GR_early_rf,RF | Early | GNN + RDKit,25,0.41187725076096515,0.03222700544730076,0.6622197645076976,0.020811547869968656,0.35009011422194625,0.010856709455892958
LOG_HLM,fus_GR_late_attfp,AttentiveFP | Late | GNN + RDKit,25,0.4537084902970735,0.01739202392824712,0.676031867615947,0.01311970244276338,0.34716914187973297,0.007100690456282986
LOG_HLM,fus_GR_late_lgbm,LGBM | Late | GNN + RDKit,25,0.36285910697905216,0.024724656242509656,0.6274271054409358,0.018018884804520532,0.364833144007158,0.007447307624296378
LOG_HLM,fus_GR_late_rf,RF | Late | GNN + RDKit,25,0.3348893039471694,0.031885520340674864,0.6200235257895392,0.02162061037685674,0.3664945346898422,0.00958264683552356
LOG_HLM,lgbm,LightGBM + Morgan,25,0.32586350877201586,0.015262760181163097,0.5733981746237362,0.010223646534021772,0.3949268492995006,0.004887493424484413
LOG_HLM,uni_G_attfp,AttentiveFP,25,0.4073463141817285,0.03598956087844075,0.6566262204790493,0.02227923526705165,0.35732232000138353,0.01414195782251052
LOG_HLM,uni_G_lgbm,LGBM - GNN,25,0.4121995343096495,0.03320844531564754,0.6571343026008369,0.02056040503148987,0.3547365189314848,0.01120728140079997
LOG_HLM,uni_G_rf,RF - GNN,25,0.4083992884456009,0.03296184482492745,0.6609586877743875,0.021820582403338028,0.3505023039494247,0.011338419432629358
LOG_HLM,uni_M_lgbm,LGBM - Mol2Vec,25,0.29689185561723686,0.012288844732578472,0.5450624690889447,0.0105347536988048,0.40430606367518584,0.004188074835178152
LOG_HLM,uni_M_rf,RF - Mol2Vec,25,0.2689954685910567,0.006939640191846081,0.5173007531881156,0.008774867439016001,0.42002343302321626,0.0018697429821684238
LOG_HLM,uni_R_lgbm,LGBM - RDKit,25,0.3893453597679024,0.010916481625452515,0.6269905901970606,0.009133405495486677,0.36823379493032254,0.00314574821108568
LOG_HLM,uni_R_rf,RF - RDKit,25,0.35273503027868314,0.00743910854812211,0.5936450732575809,0.004754317774112362,0.38722352636959156,0.0021461984253268777
LOG_HLM,uni_S_lgbm,LGBM - SMILES,25,0.24135894939442998,0.02377646161752069,0.5370198063231156,0.014574241169499938,0.41091172748566074,0.0076922315494370895
LOG_HLM,uni_S_rf,RF - SMILES,25,0.24507554532146025,0.02380906176610105,0.5400099266390227,0.01545618571317731,0.40779968353901763,0.008015947635128626
LOG_HPPB,chemeleon,ChemProp + CheMeleon,25,0.22982862532053275,0.06471752071877193,0.5393756327987439,0.038232394322656335,0.5577093187858182,0.025445097742984084
LOG_HPPB,chemprop,ChemProp multi-task,25,0.1661582761312206,0.049116494910472486,0.46528822973236555,0.043361026710373674,0.5832088841467272,0.019724981920686183
LOG_HPPB,chemprop_st,ChemProp single-task,25,-0.06368603627030196,0.05885807279821042,0.22023317226094977,0.06274633720261934,0.6495717440826546,0.017994932894192604
LOG_HPPB,fus_GRMS_early_attfp,AttentiveFP | Early | GNN + RDKit + Mol2Vec + SMILES,25,0.0061533191503028665,0.2369412609946405,0.47514450628312216,0.1369743769963577,0.6034221003227866,0.07496699903602393
LOG_HPPB,fus_GRMS_early_lgbm,LGBM | Early | GNN + RDKit + Mol2Vec + SMILES,25,0.013328601910386604,0.1431828723154655,0.45660089723873576,0.06444212347712386,0.6050694020591529,0.0439856439410606
LOG_HPPB,fus_GRMS_early_rf,RF | Early | GNN + RDKit + Mol2Vec + SMILES,25,0.026446157193262536,0.10402635517933392,0.41460519525718553,0.06949216046080194,0.600364790665487,0.030524903254381165
LOG_HPPB,fus_GRMS_late_attfp,AttentiveFP | Late | GNN + RDKit + Mol2Vec + SMILES,25,0.0213875142336284,0.10691043831922253,0.33035309836992377,0.24938657603155553,0.6137945657530708,0.04418217316709406
LOG_HPPB,fus_GRMS_late_lgbm,LGBM | Late | GNN + RDKit + Mol2Vec + SMILES,25,0.1670662834529639,0.0744702035537432,0.5622373163307407,0.03995855015822511,0.5330247580737069,0.028057749309670386
LOG_HPPB,fus_GRMS_late_rf,RF | Late | GNN + RDKit + Mol2Vec + SMILES,25,0.16605161072271912,0.07857731402225435,0.5694677067809366,0.04089569957596652,0.5264043439081333,0.028089441885424737
LOG_HPPB,fus_GRM_early_attfp,AttentiveFP | Early | GNN + RDKit + Mol2Vec,25,0.05269611868388229,0.199320314867578,0.4749992172184126,0.11369998240490202,0.5947692055476219,0.06660942895658956
LOG_HPPB,fus_GRM_early_lgbm,LGBM | Early | GNN + RDKit + Mol2Vec,25,0.025752380799856374,0.11550502694699737,0.4594591627118143,0.06014822160248822,0.6050901193055417,0.03826152225658771
LOG_HPPB,fus_GRM_early_rf,RF | Early | GNN + RDKit + Mol2Vec,25,0.0474934921613999,0.08933266123011387,0.4193383905425074,0.0665044901905947,0.5972560665464506,0.027344714094473695
LOG_HPPB,fus_GRM_late_attfp,AttentiveFP | Late | GNN + RDKit + Mol2Vec,25,0.019897893563726645,0.10266298499561789,0.3159686459690525,0.24678944640624925,0.6143264377942456,0.04404995225450905
LOG_HPPB,fus_GRM_late_lgbm,LGBM | Late | GNN + RDKit + Mol2Vec,25,0.15689465495079014,0.07373955374670516,0.5647367795890612,0.044619814528828884,0.535250520515117,0.028161358809702688
LOG_HPPB,fus_GRM_late_rf,RF | Late | GNN + RDKit + Mol2Vec,25,0.16496754723733428,0.07877017008784734,0.5702495564490252,0.04325695155800388,0.527180065884603,0.028122908303725196
LOG_HPPB,fus_GRS_early_attfp,AttentiveFP | Early | GNN + RDKit + SMILES,25,0.10822576501766278,0.19694915375341465,0.5007629763656164,0.14588317980647722,0.5746431622273761,0.07234839916131278
LOG_HPPB,fus_GRS_early_lgbm,LGBM | Early | GNN + RDKit + SMILES,25,0.02799471227938834,0.1596760379646707,0.47677337471969977,0.06617854048053803,0.5939706798274937,0.04793438468870581
LOG_HPPB,fus_GRS_early_rf,RF | Early | GNN + RDKit + SMILES,25,0.0483386586389522,0.10904402549170014,0.443317731544375,0.06404972169416726,0.5921026497468422,0.036418714335613646
LOG_HPPB,fus_GRS_late_attfp,AttentiveFP | Late | GNN + RDKit + SMILES,25,0.013386743933050862,0.11305118564961178,0.2877733824745254,0.27920002846183084,0.6159657794971775,0.048308591884776875
LOG_HPPB,fus_GRS_late_lgbm,LGBM | Late | GNN + RDKit + SMILES,25,0.11760352214770146,0.09098926785150732,0.5696782037563232,0.041714529861032364,0.5544942597529865,0.033401977994574436
LOG_HPPB,fus_GRS_late_rf,RF | Late | GNN + RDKit + SMILES,25,0.15509098042992644,0.08281296530961568,0.5689918186555917,0.04104060902607691,0.5318883151918393,0.029519924048188165
LOG_HPPB,fus_GR_early_attfp,AttentiveFP | Early | GNN + RDKit,25,0.18267051796965716,0.15279868237428296,0.5063465854214373,0.1504814195251716,0.5602985979833501,0.05756749480200204
LOG_HPPB,fus_GR_early_lgbm,LGBM | Early | GNN + RDKit,25,0.13047538869673375,0.1216272963273988,0.4820020848579044,0.06277593380547339,0.5672750240091791,0.039890543148100505
LOG_HPPB,fus_GR_early_rf,RF | Early | GNN + RDKit,25,0.03752262599108608,0.09547914749207084,0.42015464777668876,0.06026236202146618,0.6024437676488165,0.029235369237962914
LOG_HPPB,fus_GR_late_attfp,AttentiveFP | Late | GNN + RDKit,25,0.014925896932324316,0.11443478632734694,0.2972530764495119,0.26309840840787113,0.6145715711104689,0.04601950012903667
LOG_HPPB,fus_GR_late_lgbm,LGBM | Late | GNN + RDKit,25,0.10240477053888078,0.09127691337685694,0.5750319002547895,0.0463334372035534,0.5578546328831104,0.03555268371222867
LOG_HPPB,fus_GR_late_rf,RF | Late | GNN + RDKit,25,0.15084971384621254,0.08265175912843163,0.5709739632629083,0.04386484453953245,0.5339223812498666,0.029870914047579154
LOG_HPPB,lgbm,LightGBM + Morgan,25,0.12867518292136132,0.09352960943779622,0.43376706862747694,0.05842793133584988,0.5756141314590982,0.03345523039253257
LOG_HPPB,uni_G_attfp,AttentiveFP,25,-0.03444002727623677,0.10446874095988742,0.2541656838222549,0.26226301530755114,0.6342319007097154,0.04015098108438797
LOG_HPPB,uni_G_lgbm,LGBM - GNN,25,-0.12673605786153183,0.17355855374461188,0.34766425747166024,0.11604286140224776,0.6592729988673875,0.06036832071039969
LOG_HPPB,uni_G_rf,RF - GNN,25,-0.027827462811356438,0.0938955987617502,0.3659967382085963,0.09098344551841482,0.6275645598835398,0.03319432298342843
LOG_HPPB,uni_M_lgbm,LGBM - Mol2Vec,25,0.09658926120291887,0.04684709884135761,0.35860961993753643,0.03707114294782613,0.6035914227549624,0.016991613053970983
LOG_HPPB,uni_M_rf,RF - Mol2Vec,25,0.1665544857637081,0.032349780032743115,0.4074778724114897,0.02397818953773436,0.5708106803012185,0.01029268396378348
LOG_HPPB,uni_R_lgbm,LGBM - RDKit,25,0.22926627634980457,0.06571706488032333,0.5698287692739326,0.043337176556785005,0.5125784532791466,0.027429105862489242
LOG_HPPB,uni_R_rf,RF - RDKit,25,0.3485014367595627,0.04317264642926645,0.6001321749119289,0.031892806845051254,0.493127656650101,0.0192095301854102
LOG_HPPB,uni_S_lgbm,LGBM - SMILES,25,-0.12730071290051426,0.12063063302433127,0.2855624246779909,0.12292305651602066,0.6728297251340182,0.04768362910540248
LOG_HPPB,uni_S_rf,RF - SMILES,25,-0.2069672845505076,0.17658754647872069,0.19596060170978638,0.1613662101893623,0.7025730858323892,0.07288288292002315
LOG_MDR1_ER,chemeleon,ChemProp + CheMeleon,25,0.5200344349867766,0.009223566419898783,0.759851797993549,0.005551685315835557,0.33973772729628515,0.003726119214811055
LOG_MDR1_ER,chemprop,ChemProp multi-task,25,0.5234796534821472,0.0107160423716984,0.7542649413376857,0.008534146154987711,0.35520820692075455,0.005473244064434136
LOG_MDR1_ER,chemprop_st,ChemProp single-task,25,0.5234796534821472,0.0107160423716984,0.7542649413376857,0.008534146154987711,0.35520820692075455,0.005473244064434136
LOG_MDR1_ER,fus_GRMS_early_attfp,AttentiveFP | Early | GNN + RDKit + Mol2Vec + SMILES,25,0.4181605430406535,0.03281041230515749,0.679168452501691,0.020597993658305103,0.38507049102809626,0.008406924304968104
LOG_MDR1_ER,fus_GRMS_early_lgbm,LGBM | Early | GNN + RDKit + Mol2Vec + SMILES,25,0.4958411223273165,0.022806500344268597,0.7381376075543372,0.011001411477749124,0.34486683200633755,0.007891924155031666
LOG_MDR1_ER,fus_GRMS_early_rf,RF | Early | GNN + RDKit + Mol2Vec + SMILES,25,0.5046691161399729,0.023014647663170875,0.7441279423908742,0.01105906726785436,0.3429748811560925,0.007495337689537655
LOG_MDR1_ER,fus_GRMS_late_attfp,AttentiveFP | Late | GNN + RDKit + Mol2Vec + SMILES,25,0.5242815295971132,0.00871448128305059,0.7427270790067054,0.007035738220392365,0.3481368458768722,0.005325039913078295
LOG_MDR1_ER,fus_GRMS_late_lgbm,LGBM | Late | GNN + RDKit + Mol2Vec + SMILES,25,0.39498230369782106,0.014246805222624446,0.6544686832151397,0.010661398300932087,0.3973237028284704,0.005132617955356347
LOG_MDR1_ER,fus_GRMS_late_rf,RF | Late | GNN + RDKit + Mol2Vec + SMILES,25,0.39162570518610296,0.016350849203730745,0.651714856112137,0.010945095605732461,0.39830729415907945,0.005708945770517108
LOG_MDR1_ER,fus_GRM_early_attfp,AttentiveFP | Early | GNN + RDKit + Mol2Vec,25,0.475802636438152,0.016636662099787636,0.7343925644550928,0.011345598837802529,0.37370051364266493,0.007764956978442161
LOG_MDR1_ER,fus_GRM_early_lgbm,LGBM | Early | GNN + RDKit + Mol2Vec,25,0.49358264106295135,0.023028045666812012,0.7403632431347846,0.00904303561887562,0.34459728836569326,0.006299040956025673
LOG_MDR1_ER,fus_GRM_early_rf,RF | Early | GNN + RDKit + Mol2Vec,25,0.503658132978279,0.021725742973779372,0.7443114404996397,0.009680519722924578,0.3421551728801995,0.006598606913482014
LOG_MDR1_ER,fus_GRM_late_attfp,AttentiveFP | Late | GNN + RDKit + Mol2Vec,25,0.5215373797240276,0.010364497631555789,0.7430343867860869,0.007907938762070018,0.3498946195779141,0.006079924292564705
LOG_MDR1_ER,fus_GRM_late_lgbm,LGBM | Late | GNN + RDKit + Mol2Vec,25,0.4143958965217234,0.03990657004170473,0.6687324225134077,0.029078864001098558,0.3884214838899961,0.015220682571201235
LOG_MDR1_ER,fus_GRM_late_rf,RF | Late | GNN + RDKit + Mol2Vec,25,0.3901808559573914,0.016720756571550064,0.6508878356751486,0.01095378454741751,0.39889622046694934,0.005545803364418493
LOG_MDR1_ER,fus_GRS_early_attfp,AttentiveFP | Early | GNN + RDKit + SMILES,25,0.41151299357922416,0.0320298934242259,0.6730346857945908,0.0189297324544684,0.3873097989465874,0.009069262227444919
LOG_MDR1_ER,fus_GRS_early_lgbm,LGBM | Early | GNN + RDKit + SMILES,25,0.49322557537914735,0.025652507151451974,0.7367855948853488,0.01274330125300543,0.34570297248367127,0.008517286476937221
LOG_MDR1_ER,fus_GRS_early_rf,RF | Early | GNN + RDKit + SMILES,25,0.5046180698917396,0.022475462990354203,0.7436096856127614,0.010632891567975148,0.34343407332446335,0.007592372282828062
LOG_MDR1_ER,fus_GRS_late_attfp,AttentiveFP | Late | GNN + RDKit + SMILES,25,0.530089833223368,0.011037397477140169,0.7469146102135531,0.00732055454296149,0.3437705780946825,0.005896707022558216
LOG_MDR1_ER,fus_GRS_late_lgbm,LGBM | Late | GNN + RDKit + SMILES,25,0.4577014279985926,0.023459148079888813,0.703001765714166,0.015112087195847168,0.36368640661359014,0.007895785817558105
LOG_MDR1_ER,fus_GRS_late_rf,RF | Late | GNN + RDKit + SMILES,25,0.4241705086832565,0.024372307072919663,0.6932687418319486,0.013828321489920532,0.373568490938628,0.008319216540733636
LOG_MDR1_ER,fus_GR_early_attfp,AttentiveFP | Early | GNN + RDKit,25,0.4847090164561457,0.021875875480878552,0.7333448229563722,0.012414879548322,0.3691392128732798,0.011356295178316206
LOG_MDR1_ER,fus_GR_early_lgbm,LGBM | Early | GNN + RDKit,25,0.501008778522827,0.019032318138139232,0.7395673562149147,0.009390255882851835,0.344427840876002,0.005886753480515254
LOG_MDR1_ER,fus_GR_early_rf,RF | Early | GNN + RDKit,25,0.5048222526490751,0.021787810130395283,0.7458237211545463,0.009553812152015702,0.34246553317893413,0.006357700301563828
LOG_MDR1_ER,fus_GR_late_attfp,AttentiveFP | Late | GNN + RDKit,25,0.5288869286429531,0.011736187852161547,0.748872713696125,0.0074893274407906215,0.3459410799696449,0.006095344353068017
LOG_MDR1_ER,fus_GR_late_lgbm,LGBM | Late | GNN + RDKit,25,0.4186355605329388,0.03561502657237986,0.6908506952578806,0.019957076688452275,0.37588518467645476,0.012137565384282708
LOG_MDR1_ER,fus_GR_late_rf,RF | Late | GNN + RDKit,25,0.4277875593189045,0.02673205129404408,0.6953704439406784,0.014724737344340556,0.37212672255044305,0.009443416947095785
LOG_MDR1_ER,lgbm,LightGBM + Morgan,25,0.448585271570081,0.010414653432787494,0.6955028360858982,0.008546752536636977,0.3852722451736883,0.00452332926904853
LOG_MDR1_ER,uni_G_attfp,AttentiveFP,25,0.5117251795867208,0.01651380330067986,0.7441240264184981,0.00962550026821306,0.34504669839491453,0.008669032990783363
LOG_MDR1_ER,uni_G_lgbm,LGBM - GNN,25,0.5059348683197011,0.019780918767188148,0.7405280963199405,0.00915538649136972,0.34253212171368197,0.005884093259572996
LOG_MDR1_ER,uni_G_rf,RF - GNN,25,0.5010984312829949,0.02233324418218205,0.7433947293799926,0.009874777162910155,0.3431915778453633,0.00666866541460143
LOG_MDR1_ER,uni_M_lgbm,LGBM - Mol2Vec,25,0.4252222199522415,0.013424793045913382,0.6723671927890646,0.008978182557911624,0.38815111137161723,0.0045515039396127575
LOG_MDR1_ER,uni_M_rf,RF - Mol2Vec,25,0.41839858984657835,0.006461895923807669,0.6668454694430365,0.004813605507779381,0.3997024363998634,0.002384410463356652
LOG_MDR1_ER,uni_R_lgbm,LGBM - RDKit,25,0.46103915278128293,0.011529235139566918,0.7023554296968447,0.007151537429930389,0.3729989860665064,0.00493647379547984
LOG_MDR1_ER,uni_R_rf,RF - RDKit,25,0.4353699137322197,0.006941910698551485,0.6814803696299255,0.0057630283787205245,0.3948521073958687,0.003005537213018294
LOG_MDR1_ER,uni_S_lgbm,LGBM - SMILES,25,0.3755857874002148,0.018627949499162386,0.6496033496286195,0.008791907251143725,0.39717625804951967,0.004072110660532998
LOG_MDR1_ER,uni_S_rf,RF - SMILES,25,0.3763781113218051,0.01965116693163559,0.6533805103042251,0.008778361185490177,0.39412811695859423,0.004445786378553144
LOG_RLM,chemeleon,ChemProp + CheMeleon,25,0.5126661191401197,0.012371560595271147,0.7253276419099737,0.008299323413110876,0.4037336474879393,0.006090091678847377
LOG_RLM,chemprop,ChemProp multi-task,25,0.4702121955516397,0.014317289422939054,0.7027863902596984,0.010241317702164424,0.42805371679084603,0.005908054218268581
LOG_RLM,chemprop_st,ChemProp single-task,25,0.45912473979640367,0.015032666999259174,0.69489388343418,0.010301015564945752,0.43086354319084597,0.006483996438197789
LOG_RLM,fus_GRMS_early_attfp,AttentiveFP | Early | GNN + RDKit + Mol2Vec + SMILES,25,0.3521963449929274,0.04606692718458625,0.620738175963564,0.027758719707049722,0.47541728623063995,0.016731042075622163
LOG_RLM,fus_GRMS_early_lgbm,LGBM | Early | GNN + RDKit + Mol2Vec + SMILES,25,0.4682636552185517,0.028931983182548856,0.7003158193245025,0.01877386042587542,0.4232724496357267,0.012924009634464165
LOG_RLM,fus_GRMS_early_rf,RF | Early | GNN + RDKit + Mol2Vec + SMILES,25,0.4774203874227307,0.02550685249043514,0.7044890028289922,0.017078055660333345,0.4180676427807379,0.011406845679836321
LOG_RLM,fus_GRMS_late_attfp,AttentiveFP | Late | GNN + RDKit + Mol2Vec + SMILES,25,0.4960178568500706,0.01054774496217088,0.7100708719741895,0.00803584904433708,0.41909211238917143,0.004816894495342122
LOG_RLM,fus_GRMS_late_lgbm,LGBM | Late | GNN + RDKit + Mol2Vec + SMILES,25,0.3631523494418714,0.023400948068039305,0.6060955167933385,0.017746203476068298,0.47229498521707003,0.008826104884590777
LOG_RLM,fus_GRMS_late_rf,RF | Late | GNN + RDKit + Mol2Vec + SMILES,25,0.3328207155033132,0.020951885003509464,0.5805873089149169,0.015965899417068812,0.4843481398690576,0.00773469659688205
LOG_RLM,fus_GRM_early_attfp,AttentiveFP | Early | GNN + RDKit + Mol2Vec,25,0.4751515600244833,0.025634386315998924,0.7137291597625612,0.014592694892470668,0.4203136364164226,0.01303603534985656
LOG_RLM,fus_GRM_early_lgbm,LGBM | Early | GNN + RDKit + Mol2Vec,25,0.4822266328009595,0.021486615428553645,0.7046829526128368,0.014806415126160875,0.4185719965788113,0.009326616989753421
LOG_RLM,fus_GRM_early_rf,RF | Early | GNN + RDKit + Mol2Vec,25,0.48131937907958616,0.021022607407381686,0.7077615950877812,0.014153872584260924,0.41548576233709333,0.009175053026868829
LOG_RLM,fus_GRM_late_attfp,AttentiveFP | Late | GNN + RDKit + Mol2Vec,25,0.49703456870761686,0.012170005085823372,0.7139636174851601,0.007774707430863362,0.41780078429088924,0.00577593314789466
LOG_RLM,fus_GRM_late_lgbm,LGBM | Late | GNN + RDKit + Mol2Vec,25,0.35843284475398535,0.055186642998496925,0.6023819306718413,0.04193842136807916,0.4727081501692958,0.022482369069512516
LOG_RLM,fus_GRM_late_rf,RF | Late | GNN + RDKit + Mol2Vec,25,0.3329140216492188,0.020986111785686195,0.5810352963591819,0.01586990581792532,0.4840942629800017,0.007678144835023898
LOG_RLM,fus_GRS_early_attfp,AttentiveFP | Early | GNN + RDKit + SMILES,25,0.33680645488263933,0.04941907888768606,0.6169931926085316,0.028031996336442128,0.47767472433838876,0.016871893585211087
LOG_RLM,fus_GRS_early_lgbm,LGBM | Early | GNN + RDKit + SMILES,25,0.46441661080718144,0.028759943784674703,0.6979352208944296,0.018713847484614767,0.4246277833195988,0.012574314502496776
LOG_RLM,fus_GRS_early_rf,RF | Early | GNN + RDKit + SMILES,25,0.475209113507551,0.02562173752707838,0.7029893441666011,0.017484057367459102,0.41901945072932506,0.011235368757490155
LOG_RLM,fus_GRS_late_attfp,AttentiveFP | Late | GNN + RDKit + SMILES,25,0.49909885728201053,0.012739297219312171,0.7100194317869729,0.009595727884005544,0.4147389143560057,0.006409003069924286
LOG_RLM,fus_GRS_late_lgbm,LGBM | Late | GNN + RDKit + SMILES,25,0.43302598913291795,0.02382998663656498,0.6635671864992102,0.018147560936142008,0.439478631274685,0.00912748109491096
LOG_RLM,fus_GRS_late_rf,RF | Late | GNN + RDKit + SMILES,25,0.42910128527151153,0.02671456568293118,0.6692247140464445,0.01872073754019496,0.4372706437743387,0.011162808785949396
LOG_RLM,fus_GR_early_attfp,AttentiveFP | Early | GNN + RDKit,25,0.4768608299572164,0.026224660325163,0.7107975859201718,0.015522221268665206,0.4201305674880498,0.013575851425980992
LOG_RLM,fus_GR_early_lgbm,LGBM | Early | GNN + RDKit,25,0.481531486292498,0.02174387432147848,0.7042642626928874,0.01498705574473035,0.41876185152102297,0.00946014980639864
LOG_RLM,fus_GR_early_rf,RF | Early | GNN + RDKit,25,0.4767782140075142,0.02264189367079038,0.7063424691745931,0.014857005782478656,0.4168455434807441,0.009627972272657671
LOG_RLM,fus_GR_late_attfp,AttentiveFP | Late | GNN + RDKit,25,0.5049067972789898,0.011444152931483932,0.7150481148864918,0.008152522134702777,0.4111384813403807,0.005647021099917107
LOG_RLM,fus_GR_late_lgbm,LGBM | Late | GNN + RDKit,25,0.4071154602981163,0.040376050476330576,0.6554601206941509,0.02749251014731564,0.44559130339647285,0.01572103265423704
LOG_RLM,fus_GR_late_rf,RF | Late | GNN + RDKit,25,0.4004624650295966,0.03129030169398756,0.6525395416508388,0.02179453782374723,0.4468178377083057,0.012522424913386895
LOG_RLM,lgbm,LightGBM + Morgan,25,0.3894209845155855,0.011348571828914446,0.6270783400795096,0.009327822070806714,0.46957018896590513,0.005031378933749365
LOG_RLM,uni_G_attfp,AttentiveFP,25,0.47352879460808267,0.026345479093456643,0.7033363603011799,0.015462683003623648,0.4208402734250561,0.010709974231863038
LOG_RLM,uni_G_lgbm,LGBM - GNN,25,0.47916602257022844,0.022359409536132066,0.7027009520685951,0.015831323536234464,0.4192637248275173,0.009777062233964386
LOG_RLM,uni_G_rf,RF - GNN,25,0.47700676048660784,0.022160532977700872,0.7059865905558057,0.015218949863417559,0.41675853795797835,0.009654095907231187
LOG_RLM,uni_M_lgbm,LGBM - Mol2Vec,25,0.35705742727474576,0.01716644122696448,0.5988419862452947,0.013617135217210382,0.4804367124790487,0.006636192958710355
LOG_RLM,uni_M_rf,RF - Mol2Vec,25,0.3133565601683155,0.007448041557196848,0.5830156669465932,0.00946703326058176,0.5039924121147294,0.003025562269495169
LOG_RLM,uni_R_lgbm,LGBM - RDKit,25,0.4304527849089677,0.009396594250124174,0.6550943321898645,0.008357307673055236,0.4444386028771199,0.004907899645917463
LOG_RLM,uni_R_rf,RF - RDKit,25,0.4012976683956142,0.007948186407527178,0.6326736932779327,0.0075471035706777346,0.46040958210971594,0.0038641427106975127
LOG_RLM,uni_S_lgbm,LGBM - SMILES,25,0.2923705776268971,0.04216297742605917,0.5820324609848955,0.015280276978515148,0.49387986975198833,0.013551781845249482
LOG_RLM,uni_S_rf,RF - SMILES,25,0.31381877112856676,0.03655588109303605,0.5878615986114155,0.015868674177830146,0.48753572216468233,0.011512526344080556
LOG_RPPB,chemeleon,ChemProp + CheMeleon,25,0.15408531375607276,0.06122145888411355,0.5105895761733844,0.031033533189677567,0.5533810901820339,0.02275827006126639
LOG_RPPB,chemprop,ChemProp multi-task,25,0.11160106013719727,0.05628838238346053,0.45267172231194375,0.038843678714228336,0.5707279278654915,0.02045924150770656
LOG_RPPB,chemprop_st,ChemProp single-task,25,-0.005327139484171672,0.043920442461528535,0.24351261710105418,0.06078478488541761,0.6297052669212406,0.010186769360278486
LOG_RPPB,fus_GRMS_early_attfp,AttentiveFP | Early | GNN + RDKit + Mol2Vec + SMILES,25,0.09600189115165993,0.17079649945071243,0.5080962609581092,0.11606191773732313,0.5728725046624106,0.0554211221531628
LOG_RPPB,fus_GRMS_early_lgbm,LGBM | Early | GNN + RDKit + Mol2Vec + SMILES,25,0.0579643150054465,0.08493732793143483,0.46360338995783823,0.04679058109946281,0.5795220272041405,0.024690872496591222
LOG_RPPB,fus_GRMS_early_rf,RF | Early | GNN + RDKit + Mol2Vec + SMILES,25,0.04577371856808768,0.09756462662619611,0.42392393922239924,0.06316655035555875,0.5875416682128615,0.0253385272750813
LOG_RPPB,fus_GRMS_late_attfp,AttentiveFP | Late | GNN + RDKit + Mol2Vec + SMILES,25,0.07128847138469953,0.09333639599931796,0.40463478430363053,0.10847965926837369,0.581450013469912,0.03152317498244163
LOG_RPPB,fus_GRMS_late_lgbm,LGBM | Late | GNN + RDKit + Mol2Vec + SMILES,25,-0.07324743628160302,0.08218063444136882,0.42533279110204203,0.03449444608396507,0.6323859406777579,0.020389649820447126
LOG_RPPB,fus_GRMS_late_rf,RF | Late | GNN + RDKit + Mol2Vec + SMILES,25,-0.05140378928518532,0.08578242228593651,0.39498731290209455,0.04441712809817558,0.635472415931405,0.026777045455465154
LOG_RPPB,fus_GRM_early_attfp,AttentiveFP | Early | GNN + RDKit + Mol2Vec,25,0.1294715214299801,0.16047611019490968,0.534205350807329,0.11473369826303026,0.5718986550479973,0.05511289117384183
LOG_RPPB,fus_GRM_early_lgbm,LGBM | Early | GNN + RDKit + Mol2Vec,25,0.03423541452826735,0.09313315873870134,0.4661159722032581,0.054224014295383954,0.5912094482881064,0.026360715834359234
LOG_RPPB,fus_GRM_early_rf,RF | Early | GNN + RDKit + Mol2Vec,25,0.033365328772128125,0.09042873770223421,0.4162925056539782,0.059824917255184296,0.593079660608391,0.02329992192630308
LOG_RPPB,fus_GRM_late_attfp,AttentiveFP | Late | GNN + RDKit + Mol2Vec,25,0.06871937322160605,0.07342157576824393,0.38980113682034806,0.08389210654607736,0.5870446219659938,0.020610676294714848
LOG_RPPB,fus_GRM_late_lgbm,LGBM | Late | GNN + RDKit + Mol2Vec,25,-0.06556006270000628,0.1004922996731305,0.44058866354248843,0.04544920378654233,0.6267755139050815,0.0326374231669341
LOG_RPPB,fus_GRM_late_rf,RF | Late | GNN + RDKit + Mol2Vec,25,-0.052929208269907414,0.08379335752824581,0.38913495769571715,0.04381681043942159,0.636274790341075,0.026219606501808147
LOG_RPPB,fus_GRS_early_attfp,AttentiveFP | Early | GNN + RDKit + SMILES,25,0.15587282729444613,0.20325168026814502,0.5151016233984016,0.13543807365307178,0.5536139912155799,0.07306843129034189
LOG_RPPB,fus_GRS_early_lgbm,LGBM | Early | GNN + RDKit + SMILES,25,0.1214684557776227,0.0871487754811129,0.5047330226400253,0.05162844926979761,0.5550103849150312,0.028557555701949275
LOG_RPPB,fus_GRS_early_rf,RF | Early | GNN + RDKit + SMILES,25,0.05037574766249646,0.10557974777544533,0.43460900052643714,0.06597039547808839,0.5798654818058995,0.02810109140176191
LOG_RPPB,fus_GRS_late_attfp,AttentiveFP | Late | GNN + RDKit + SMILES,25,0.07106788430464606,0.06851948736362456,0.4044313915012593,0.0886677255755418,0.5805387159731668,0.022348697571020423
LOG_RPPB,fus_GRS_late_lgbm,LGBM | Late | GNN + RDKit + SMILES,25,0.06456519411590347,0.07794542206345928,0.49829141784845166,0.043918126965683583,0.5687618165062122,0.026430844002392928
LOG_RPPB,fus_GRS_late_rf,RF | Late | GNN + RDKit + SMILES,25,0.11176518908269134,0.06970240283146008,0.4894956420723522,0.051902486546926536,0.5566183832864589,0.021849436433580244
LOG_RPPB,fus_GR_early_attfp,AttentiveFP | Early | GNN + RDKit,25,0.2118193684049924,0.1522955234983406,0.5467911571471636,0.12380844814730235,0.538972010177968,0.05388979855169381
LOG_RPPB,fus_GR_early_lgbm,LGBM | Early | GNN + RDKit,25,0.13041663084619592,0.07121853646472681,0.49285977669894115,0.04551447484970039,0.5494896615327722,0.01911140409897805
LOG_RPPB,fus_GR_early_rf,RF | Early | GNN + RDKit,25,-0.01855739492267531,0.10899569607615199,0.3974124089118433,0.0660583298798129,0.6051405659062385,0.028367388309184758
LOG_RPPB,fus_GR_late_attfp,AttentiveFP | Late | GNN + RDKit,25,0.03294129703109665,0.07532155636882014,0.3791580824204042,0.09477042120862539,0.595594076732661,0.026132177329665707
LOG_RPPB,fus_GR_late_lgbm,LGBM | Late | GNN + RDKit,25,0.08307511253413218,0.07968788183589971,0.51219096993958,0.03648947278306434,0.5539151142540389,0.026473581674763214
LOG_RPPB,fus_GR_late_rf,RF | Late | GNN + RDKit,25,0.11634734804077143,0.05677881809011124,0.5160763826053887,0.029566436834986467,0.5494371781721054,0.016648530586018062
LOG_RPPB,lgbm,LightGBM + Morgan,25,0.11799156170874207,0.06731707650331098,0.4550245942078676,0.04431402403868703,0.5539112351786482,0.020543669472888042
LOG_RPPB,uni_G_attfp,AttentiveFP,25,0.022136831965487814,0.08658974079161175,0.3694606876590716,0.07654708869202916,0.599365014028042,0.021810974325976853
LOG_RPPB,uni_G_lgbm,LGBM - GNN,25,-0.1312816013602631,0.15124757520208684,0.33905273242779493,0.10239218889506903,0.6475583833743553,0.04608888801285501
LOG_RPPB,uni_G_rf,RF - GNN,25,-0.26044180540078593,0.1558697256869421,0.2805004541009302,0.10261424750678699,0.6818239237437642,0.04983337313519992
LOG_RPPB,uni_M_lgbm,LGBM - Mol2Vec,25,-0.0004078254410464516,0.07600529854264197,0.3963287646568741,0.04149657454921316,0.6173777147911932,0.022148145473926892
LOG_RPPB,uni_M_rf,RF - Mol2Vec,25,0.1612176867953019,0.03171084426489847,0.43335573804026983,0.02294582403727378,0.5797143154501156,0.007678264391338505
LOG_RPPB,uni_R_lgbm,LGBM - RDKit,25,0.22467952157885318,0.04015338993556412,0.5332813205735754,0.03490615273074403,0.5341641575703713,0.01765945126670941
LOG_RPPB,uni_R_rf,RF - RDKit,25,0.25622385785369295,0.048237630238870816,0.5542195212361121,0.04591477067887933,0.513784914799174,0.02194239074891883
LOG_RPPB,uni_S_lgbm,LGBM - SMILES,25,-0.23837005797940664,0.1468508161678816,0.13932635589114162,0.10228354823237926,0.7156895375192748,0.045983375060474785
LOG_RPPB,uni_S_rf,RF - SMILES,25,-0.08738475186079044,0.1293379943454295,0.15841916228763522,0.15186326569207795,0.6722247554122265,0.04289610449968253
LOG_SOL,chemeleon,ChemProp + CheMeleon,25,0.36316040025080903,0.02146706838690961,0.5100659196689281,0.016856423091083966,0.36986567569004336,0.0071133928402862335
LOG_SOL,chemprop,ChemProp multi-task,25,0.3446196644412879,0.02327891899755989,0.4815803795866197,0.01716963188316959,0.38321821106829346,0.006899181188794977
LOG_SOL,chemprop_st,ChemProp single-task,25,0.3392088430186252,0.02661265640338056,0.48216349264700525,0.021175013701444447,0.38058352845428095,0.011187172503452792
LOG_SOL,fus_GRMS_early_attfp,AttentiveFP | Early | GNN + RDKit + Mol2Vec + SMILES,25,0.27505683478518295,0.04241785980844645,0.4537461205750678,0.030369338575347533,0.4214976568895478,0.009452401123435263
LOG_SOL,fus_GRMS_early_lgbm,LGBM | Early | GNN + RDKit + Mol2Vec + SMILES,25,0.3647518698733931,0.02978531669608161,0.5260023076163558,0.021676730651770997,0.3601280829951243,0.010808943083124956
LOG_SOL,fus_GRMS_early_rf,RF | Early | GNN + RDKit + Mol2Vec + SMILES,25,0.3777422470909863,0.02723089868157158,0.5628298277203696,0.017182152226218744,0.3494310780856156,0.010968489969451375
LOG_SOL,fus_GRMS_late_attfp,AttentiveFP | Late | GNN + RDKit + Mol2Vec + SMILES,25,0.3682503084001681,0.02301335354382926,0.519607298077244,0.016271435461790974,0.3737183289187979,0.012287314271560027
LOG_SOL,fus_GRMS_late_lgbm,LGBM | Late | GNN + RDKit + Mol2Vec + SMILES,25,0.2383546843847489,0.028045637317836953,0.4187877815805318,0.022093197403452298,0.41573214325454644,0.009339354638558546
LOG_SOL,fus_GRMS_late_rf,RF | Late | GNN + RDKit + Mol2Vec + SMILES,25,0.2432324526887888,0.026072955651435966,0.42155030908655095,0.020812343039426733,0.41404741540901824,0.008647781610011854
LOG_SOL,fus_GRM_early_attfp,AttentiveFP | Early | GNN + RDKit + Mol2Vec,25,0.3064766954831069,0.03329798857627929,0.4744933422281231,0.02025731346074503,0.41834665582790564,0.015718659480967033
LOG_SOL,fus_GRM_early_lgbm,LGBM | Early | GNN + RDKit + Mol2Vec,25,0.37128890121998226,0.02496349286421737,0.5595643728945783,0.01941656360083202,0.35235486165699287,0.009797696954194303
LOG_SOL,fus_GRM_early_rf,RF | Early | GNN + RDKit + Mol2Vec,25,0.36301287647318936,0.02646893049201916,0.5386660033872299,0.020602740648704106,0.3555433114344407,0.01121301586724408
LOG_SOL,fus_GRM_late_attfp,AttentiveFP | Late | GNN + RDKit + Mol2Vec,25,0.36759376486110606,0.021872545664007054,0.5199613735362627,0.014947977673313517,0.37536508520853185,0.008204529076062526
LOG_SOL,fus_GRM_late_lgbm,LGBM | Late | GNN + RDKit + Mol2Vec,25,0.2567803381912757,0.040168271373372866,0.4327868312670114,0.031038480002451862,0.4075049263022156,0.01410026062017563
LOG_SOL,fus_GRM_late_rf,RF | Late | GNN + RDKit + Mol2Vec,25,0.24251550620549217,0.026017572995733016,0.42018280673303876,0.020853164816076086,0.4144988271079545,0.008574706870254065
LOG_SOL,fus_GRS_early_attfp,AttentiveFP | Early | GNN + RDKit + SMILES,25,0.2781143442844404,0.04478433134024545,0.45036297856783797,0.025468417636948064,0.41567141013706815,0.013312318044230323
LOG_SOL,fus_GRS_early_lgbm,LGBM | Early | GNN + RDKit + SMILES,25,0.3637286242063468,0.030188326221907688,0.5257565749069996,0.022620612551484776,0.3598060598387094,0.01125088277279457
LOG_SOL,fus_GRS_early_rf,RF | Early | GNN + RDKit + SMILES,25,0.365925839413551,0.028249662216110256,0.5385363628424815,0.018006435319523836,0.3546931062517511,0.01135482516897547
LOG_SOL,fus_GRS_late_attfp,AttentiveFP | Late | GNN + RDKit + SMILES,25,0.3757366698467184,0.029352325028067706,0.523604442128687,0.021428473744469875,0.37449656224972167,0.0101467307263373
LOG_SOL,fus_GRS_late_lgbm,LGBM | Late | GNN + RDKit + SMILES,25,0.3080909736669219,0.05073567020381038,0.4916003601234685,0.022759364897373804,0.37399270621091524,0.01440446411214807
LOG_SOL,fus_GRS_late_rf,RF | Late | GNN + RDKit + SMILES,25,0.2988720377548114,0.05464103222925867,0.4944854310072202,0.02276871820420346,0.3733227426922597,0.015278722366609784
LOG_SOL,fus_GR_early_attfp,AttentiveFP | Early | GNN + RDKit,25,0.30824741419905854,0.03251084302255096,0.47277012782825084,0.023906914908047312,0.41181951248781234,0.017658099622786833
LOG_SOL,fus_GR_early_lgbm,LGBM | Early | GNN + RDKit,25,0.35990234271236476,0.02615789943177947,0.5250423756176267,0.023653468308752448,0.3609588143567133,0.010672790567389673
LOG_SOL,fus_GR_early_rf,RF | Early | GNN + RDKit,25,0.36226959060385633,0.02762272139148725,0.5372201421945626,0.021211964075920475,0.35568976520949586,0.011473272474229131
LOG_SOL,fus_GR_late_attfp,AttentiveFP | Late | GNN + RDKit,25,0.3763064180030382,0.026911247548704633,0.5243887322451041,0.019249845895016975,0.3744061724256859,0.012349752907958181
LOG_SOL,fus_GR_late_lgbm,LGBM | Late | GNN + RDKit,25,0.29787530157630565,0.057043809352236574,0.4881171475467309,0.024497479194749767,0.372892379718846,0.0148436593105607
LOG_SOL,fus_GR_late_rf,RF | Late | GNN + RDKit,25,0.3168375815141784,0.04835666264604666,0.5002706828905026,0.02050744912469176,0.3694966927225272,0.013860834052543217
LOG_SOL,lgbm,LightGBM + Morgan,25,0.27458516623005824,0.023599461028579787,0.4726549815244527,0.022780190431566788,0.41267134793594357,0.008696256097651307
LOG_SOL,uni_G_attfp,AttentiveFP,25,0.36598904470609916,0.03049015425682467,0.5156457489220588,0.02328721422974883,0.37250980160175723,0.016519522543212744
LOG_SOL,uni_G_lgbm,LGBM - GNN,25,0.3583918997612415,0.025321035689887313,0.5253230517333098,0.022463073455844782,0.3610509926983672,0.011098805360115064
LOG_SOL,uni_G_rf,RF - GNN,25,0.36073612783294173,0.02679048833266565,0.5294344447678213,0.020396372357132368,0.3569153696970237,0.011089459074572301
LOG_SOL,uni_M_lgbm,LGBM - Mol2Vec,25,0.2673895001699547,0.022751577967369745,0.4409604616434635,0.018578505453836023,0.4061999843879831,0.007788805804952903
LOG_SOL,uni_M_rf,RF - Mol2Vec,25,0.26707591360260896,0.0048279654768848485,0.418544567506402,0.005470701749530992,0.41902567956204073,0.0027930159719048975
LOG_SOL,uni_R_lgbm,LGBM - RDKit,25,0.2936858672930335,0.013802521221568088,0.45773468418973606,0.013984860522064308,0.40376212139700035,0.004655599064677827
LOG_SOL,uni_R_rf,RF - RDKit,25,0.29293877257570444,0.009538064297495683,0.4488091988965665,0.007933938314518761,0.4081873402789454,0.0033278668448172974
LOG_SOL,uni_S_lgbm,LGBM - SMILES,25,0.23800700627856342,0.04184900930919139,0.3780023382092573,0.025509896555076787,0.41733827664527695,0.01167324066721393
LOG_SOL,uni_S_rf,RF - SMILES,25,0.2419003023575694,0.04214286699512056,0.3883514362801142,0.020490856281650597,0.4139649820835202,0.011688573984173166
