target,split,fold,fold_id,n_test,n_train,mean_max_sim,median_max_sim,frac_novel
220,random,1,tid220_f1,340,1224,0.7876746654510498,0.8073549270629883,0.020588235294117647
220,random,2,tid220_f2,340,1224,0.7587677240371704,0.7926587462425232,0.04411764705882353
220,random,3,tid220_f3,340,1224,0.7868022322654724,0.805011510848999,0.03235294117647059
220,random,4,tid220_f4,340,1224,0.7841408848762512,0.8070719242095947,0.029411764705882353
220,random,5,tid220_f5,339,1224,0.7703187465667725,0.800000011920929,0.038348082595870206
220,scaffold,1,tid220_f1,340,1224,0.669174313545227,0.6666666865348816,0.10588235294117647
220,scaffold,2,tid220_f2,340,1224,0.6786520481109619,0.6454973220825195,0.07352941176470588
220,scaffold,3,tid220_f3,340,1224,0.6392706632614136,0.6724137663841248,0.20294117647058824
220,scaffold,4,tid220_f4,340,1224,0.6637967228889465,0.6666666865348816,0.12058823529411765
220,scaffold,5,tid220_f5,339,1224,0.6897432804107666,0.7096773982048035,0.06784660766961652
220,butina,1,tid220_f1,340,1224,0.4454564154148102,0.39160484075546265,0.27647058823529413
220,butina,2,tid220_f2,340,1224,0.47883719205856323,0.4125490188598633,0.34411764705882353
220,butina,3,tid220_f3,340,1224,0.4730234444141388,0.43484848737716675,0.31470588235294117
220,butina,4,tid220_f4,340,1224,0.48532965779304504,0.4413674473762512,0.3382352941176471
220,butina,5,tid220_f5,339,1224,0.49266740679740906,0.4324324429035187,0.26843657817109146
220,diverse_25,1,tid220_f1,85,306,0.41602182388305664,0.44117647409439087,0.24705882352941178
220,diverse_25,2,tid220_f2,85,306,0.4102093279361725,0.44871795177459717,0.25882352941176473
220,diverse_25,3,tid220_f3,85,306,0.4256727695465088,0.45652174949645996,0.18823529411764706
220,diverse_25,4,tid220_f4,85,306,0.4290827512741089,0.4545454680919647,0.23529411764705882
220,diverse_25,5,tid220_f5,84,306,0.40063780546188354,0.4342857003211975,0.30952380952380953
220,umap,1,tid220_f1,561,1025,0.33652254939079285,0.31168830394744873,0.6042780748663101
220,umap,2,tid220_f2,294,1265,0.42321813106536865,0.41259920597076416,0.23809523809523808
220,umap,3,tid220_f3,254,1301,0.46002209186553955,0.4649525284767151,0.03543307086614173
220,umap,4,tid220_f4,335,1228,0.43551719188690186,0.42465752363204956,0.19402985074626866
220,umap,5,tid220_f5,255,1300,0.3848664164543152,0.3580246865749359,0.49411764705882355
220,time,1,tid220_f1,1244,344,0.3807830214500427,0.35211268067359924,0.4903536977491961
220,time,2,tid220_f2,1048,521,0.38461577892303467,0.3529411852359772,0.48950381679389315
220,time,3,tid220_f3,853,696,0.38471296429634094,0.3544303774833679,0.492379835873388
220,time,4,tid220_f4,527,990,0.423640638589859,0.3913043439388275,0.3757115749525617
220,time,5,tid220_f5,119,1357,0.4480530023574829,0.3333333432674408,0.5210084033613446
230,random,1,tid230_f1,234,839,0.7280784845352173,0.7633970975875854,0.017094017094017096
230,random,2,tid230_f2,233,840,0.7302149534225464,0.7708333134651184,0.030042918454935622
230,random,3,tid230_f3,233,840,0.7401794791221619,0.7611940503120422,0.02575107296137339
230,random,4,tid230_f4,233,840,0.7390062808990479,0.7674418687820435,0.02145922746781116
230,random,5,tid230_f5,233,840,0.7493792176246643,0.7678571343421936,0.004291845493562232
230,scaffold,1,tid230_f1,234,839,0.5715658664703369,0.5698052048683167,0.0641025641025641
230,scaffold,2,tid230_f2,233,840,0.5995036363601685,0.5901639461517334,0.04291845493562232
230,scaffold,3,tid230_f3,233,840,0.5480617880821228,0.5384615659713745,0.1072961373390558
230,scaffold,4,tid230_f4,233,840,0.555122971534729,0.5892857313156128,0.1888412017167382
230,scaffold,5,tid230_f5,233,840,0.5695953369140625,0.578125,0.1072961373390558
230,butina,1,tid230_f1,234,839,0.5393105745315552,0.5167410373687744,0.1282051282051282
230,butina,2,tid230_f2,233,840,0.4794877767562866,0.47457626461982727,0.3090128755364807
230,butina,3,tid230_f3,233,840,0.5007358193397522,0.4769230782985687,0.3562231759656652
230,butina,4,tid230_f4,233,840,0.5008882284164429,0.4912280738353729,0.22746781115879827
230,butina,5,tid230_f5,233,840,0.49702751636505127,0.4150943458080292,0.40772532188841204
230,diverse_25,1,tid230_f1,59,209,0.4044153392314911,0.4285714328289032,0.2033898305084746
230,diverse_25,2,tid230_f2,58,210,0.38302916288375854,0.39455151557922363,0.3103448275862069
230,diverse_25,3,tid230_f3,58,210,0.41500455141067505,0.437444269657135,0.1896551724137931
230,diverse_25,4,tid230_f4,58,210,0.3869767487049103,0.41602563858032227,0.25862068965517243
230,diverse_25,5,tid230_f5,58,210,0.38376325368881226,0.3857535123825073,0.3275862068965517
230,umap,1,tid230_f1,274,803,0.2972550094127655,0.27055180072784424,0.8029197080291971
230,umap,2,tid230_f2,216,855,0.33328208327293396,0.31343284249305725,0.6944444444444444
230,umap,3,tid230_f3,211,860,0.33037006855010986,0.32307693362236023,0.6018957345971564
230,umap,4,tid230_f4,224,848,0.3896544873714447,0.3700992465019226,0.33035714285714285
230,umap,5,tid230_f5,241,833,0.4515681862831116,0.46341463923454285,0.22821576763485477
230,time,1,tid230_f1,888,237,0.31265631318092346,0.28358209133148193,0.6554054054054054
230,time,2,tid230_f2,811,306,0.3396470844745636,0.3076923191547394,0.591861898890259
230,time,3,tid230_f3,667,436,0.33522796630859375,0.3103448152542114,0.6191904047976012
230,time,4,tid230_f4,433,647,0.3582361340522766,0.3287671208381653,0.5519630484988453
230,time,5,tid230_f5,107,940,0.4321404993534088,0.3650793731212616,0.4672897196261682
260,random,1,tid260_f1,271,972,0.754535436630249,0.7704917788505554,0.014760147601476014
260,random,2,tid260_f2,270,973,0.7583842277526855,0.7797058820724487,0.022222222222222223
260,random,3,tid260_f3,270,973,0.7685982584953308,0.7796103954315186,0.007407407407407408
260,random,4,tid260_f4,270,973,0.7548072934150696,0.7724395990371704,0.018518518518518517
260,random,5,tid260_f5,270,973,0.7578245997428894,0.7713815569877625,0.011111111111111112
260,scaffold,1,tid260_f1,271,972,0.6624397039413452,0.6724137663841248,0.04059040590405904
260,scaffold,2,tid260_f2,270,973,0.6875931620597839,0.699999988079071,0.018518518518518517
260,scaffold,3,tid260_f3,270,973,0.6595255732536316,0.6728002429008484,0.025925925925925925
260,scaffold,4,tid260_f4,270,973,0.6639857888221741,0.6782687902450562,0.011111111111111112
260,scaffold,5,tid260_f5,270,973,0.6436848044395447,0.6666666865348816,0.07037037037037037
260,butina,1,tid260_f1,271,972,0.49494579434394836,0.465753436088562,0.2066420664206642
260,butina,2,tid260_f2,270,973,0.5456942915916443,0.5471175312995911,0.1259259259259259
260,butina,3,tid260_f3,270,973,0.48870939016342163,0.44003593921661377,0.3074074074074074
260,butina,4,tid260_f4,270,973,0.3993527293205261,0.3333333432674408,0.5925925925925926
260,butina,5,tid260_f5,270,973,0.5321205258369446,0.5116587281227112,0.13703703703703704
260,diverse_25,1,tid260_f1,68,243,0.47892576456069946,0.5091575384140015,0.08823529411764706
260,diverse_25,2,tid260_f2,68,243,0.48090794682502747,0.5,0.10294117647058823
260,diverse_25,3,tid260_f3,67,243,0.4681378901004791,0.4923076927661896,0.11940298507462686
260,diverse_25,4,tid260_f4,67,243,0.4711238145828247,0.4848484992980957,0.14925373134328357
260,diverse_25,5,tid260_f5,67,243,0.4699057936668396,0.5058823823928833,0.16417910447761194
260,umap,1,tid260_f1,415,843,0.37346151471138,0.3466666638851166,0.5108433734939759
260,umap,2,tid260_f2,297,949,0.3811902105808258,0.3764705955982208,0.3468013468013468
260,umap,3,tid260_f3,242,999,0.361909419298172,0.35470086336135864,0.4834710743801653
260,umap,4,tid260_f4,206,1031,0.35825103521347046,0.3442623019218445,0.5242718446601942
260,umap,5,tid260_f5,191,1044,0.43691056966781616,0.4444444477558136,0.2617801047120419
260,time,1,tid260_f1,908,374,0.3586524724960327,0.3246753215789795,0.5925110132158591
260,time,2,tid260_f2,758,509,0.39050325751304626,0.3660254180431366,0.4313984168865435
260,time,3,tid260_f3,412,820,0.4551865756511688,0.42146381735801697,0.21844660194174756
260,time,4,tid260_f4,277,942,0.4794432818889618,0.4675324559211731,0.20938628158844766
260,time,5,tid260_f5,148,1058,0.5014306902885437,0.4893137216567993,0.19594594594594594
262,random,1,tid262_f1,200,720,0.720466136932373,0.7647969126701355,0.055
262,random,2,tid262_f2,200,720,0.7180253863334656,0.7612340450286865,0.07
262,random,3,tid262_f3,200,720,0.7393934726715088,0.7777777910232544,0.055
262,random,4,tid262_f4,200,720,0.7375887036323547,0.7666666507720947,0.045
262,random,5,tid262_f5,200,720,0.7253948450088501,0.7706625461578369,0.06
262,scaffold,1,tid262_f1,200,720,0.6205940842628479,0.6515151262283325,0.145
262,scaffold,2,tid262_f2,200,720,0.6491725444793701,0.6666666865348816,0.055
262,scaffold,3,tid262_f3,200,720,0.672502875328064,0.7173076868057251,0.065
262,scaffold,4,tid262_f4,200,720,0.646116316318512,0.7022727131843567,0.135
262,scaffold,5,tid262_f5,200,720,0.6454305052757263,0.6818783283233643,0.115
262,butina,1,tid262_f1,200,720,0.40018531680107117,0.33707866072654724,0.56
262,butina,2,tid262_f2,200,720,0.44980359077453613,0.4053165912628174,0.35
262,butina,3,tid262_f3,200,720,0.413614958524704,0.36643192172050476,0.41
262,butina,4,tid262_f4,200,720,0.2986939549446106,0.2777777910232544,0.895
262,butina,5,tid262_f5,200,720,0.4546470642089844,0.42362910509109497,0.385
262,diverse_25,1,tid262_f1,50,180,0.3852190673351288,0.41047534346580505,0.36
262,diverse_25,2,tid262_f2,50,180,0.39336761832237244,0.4000000059604645,0.3
262,diverse_25,3,tid262_f3,50,180,0.39521485567092896,0.4333333373069763,0.3
262,diverse_25,4,tid262_f4,50,180,0.37165534496307373,0.4000000059604645,0.36
262,diverse_25,5,tid262_f5,50,180,0.4036327004432678,0.4232409596443176,0.28
262,umap,1,tid262_f1,163,754,0.31957128643989563,0.30985915660858154,0.8282208588957055
262,umap,2,tid262_f2,382,557,0.26186853647232056,0.24712491035461426,0.9397905759162304
262,umap,3,tid262_f3,165,752,0.31586986780166626,0.2916666567325592,0.7212121212121212
262,umap,4,tid262_f4,154,762,0.34274882078170776,0.28947368264198303,0.6428571428571429
262,umap,5,tid262_f5,136,778,0.3869805634021759,0.39151501655578613,0.35294117647058826
262,time,1,tid262_f1,748,206,0.335572212934494,0.2857142984867096,0.6818181818181818
262,time,2,tid262_f2,636,306,0.3675723671913147,0.3071795105934143,0.5990566037735849
262,time,3,tid262_f3,461,464,0.39235711097717285,0.3442623019218445,0.5054229934924078
262,time,4,tid262_f4,350,564,0.4249315559864044,0.41277891397476196,0.4228571428571429
262,time,5,tid262_f5,176,720,0.4522697329521179,0.46092796325683594,0.3352272727272727
279,random,1,tid279_f1,455,1637,0.7533670663833618,0.7808219194412231,0.01098901098901099
279,random,2,tid279_f2,455,1637,0.7612749934196472,0.7777777910232544,0.017582417582417582
279,random,3,tid279_f3,455,1637,0.7636072039604187,0.7887324094772339,0.013186813186813187
279,random,4,tid279_f4,454,1638,0.7543743848800659,0.782608687877655,0.019823788546255508
279,random,5,tid279_f5,454,1638,0.758800745010376,0.7850140333175659,0.028634361233480177
279,scaffold,1,tid279_f1,455,1637,0.6405009031295776,0.6538461446762085,0.05054945054945055
279,scaffold,2,tid279_f2,455,1637,0.6671773791313171,0.699999988079071,0.041758241758241756
279,scaffold,3,tid279_f3,455,1637,0.6804066300392151,0.7076923251152039,0.026373626373626374
279,scaffold,4,tid279_f4,454,1638,0.6768236756324768,0.703125,0.01762114537444934
279,scaffold,5,tid279_f5,454,1638,0.6641750335693359,0.7007462978363037,0.05726872246696035
279,butina,1,tid279_f1,455,1637,0.4701499938964844,0.43661972880363464,0.24395604395604395
279,butina,2,tid279_f2,455,1637,0.5471425652503967,0.5600000023841858,0.23296703296703297
279,butina,3,tid279_f3,455,1637,0.46499332785606384,0.4177215099334717,0.35824175824175825
279,butina,4,tid279_f4,454,1638,0.4965050518512726,0.47530487179756165,0.29955947136563876
279,butina,5,tid279_f5,454,1638,0.48671790957450867,0.41287094354629517,0.35462555066079293
279,diverse_25,1,tid279_f1,114,409,0.4648495316505432,0.4864864945411682,0.13157894736842105
279,diverse_25,2,tid279_f2,114,409,0.45136967301368713,0.4801773726940155,0.13157894736842105
279,diverse_25,3,tid279_f3,114,409,0.45744186639785767,0.4843597412109375,0.15789473684210525
279,diverse_25,4,tid279_f4,113,410,0.4564571976661682,0.4852941036224365,0.18584070796460178
279,diverse_25,5,tid279_f5,113,410,0.4431697130203247,0.47826087474823,0.20353982300884957
279,umap,1,tid279_f1,547,1554,0.4256085157394409,0.4124999940395355,0.25411334552102377
279,umap,2,tid279_f2,418,1670,0.3849707841873169,0.3762376308441162,0.4019138755980861
279,umap,3,tid279_f3,602,1504,0.33244672417640686,0.30666667222976685,0.6744186046511628
279,umap,4,tid279_f4,382,1702,0.39741843938827515,0.3692307770252228,0.4581151832460733
279,umap,5,tid279_f5,324,1755,0.44706061482429504,0.4268977642059326,0.1882716049382716
279,time,1,tid279_f1,1554,598,0.378553181886673,0.348070353269577,0.5032175032175032
279,time,2,tid279_f2,1204,913,0.3949383497238159,0.35085660219192505,0.49750830564784054
279,time,3,tid279_f3,1073,1031,0.4073696732521057,0.3636363744735718,0.4473438956197577
279,time,4,tid279_f4,709,1359,0.42817428708076477,0.3857142925262451,0.3723554301833568
279,time,5,tid279_f5,199,1818,0.44650083780288696,0.4084506928920746,0.3065326633165829
284,random,1,tid284_f1,264,947,0.7487630248069763,0.7730616331100464,0.026515151515151516
284,random,2,tid284_f2,263,948,0.7617204785346985,0.782608687877655,0.011406844106463879
284,random,3,tid284_f3,263,948,0.7579556703567505,0.7761194109916687,0.015209125475285171
284,random,4,tid284_f4,263,948,0.7547892332077026,0.78125,0.0076045627376425855
284,random,5,tid284_f5,263,948,0.7528101801872253,0.7681159377098083,0.0076045627376425855
284,scaffold,1,tid284_f1,264,947,0.6899633407592773,0.699999988079071,0.026515151515151516
284,scaffold,2,tid284_f2,263,948,0.6705135703086853,0.6935483813285828,0.04182509505703422
284,scaffold,3,tid284_f3,263,948,0.6776211857795715,0.694915235042572,0.019011406844106463
284,scaffold,4,tid284_f4,263,948,0.692500114440918,0.7021276354789734,0.019011406844106463
284,scaffold,5,tid284_f5,263,948,0.6747944355010986,0.6800000071525574,0.015209125475285171
284,butina,1,tid284_f1,264,947,0.5165174007415771,0.48806819319725037,0.10606060606060606
284,butina,2,tid284_f2,263,948,0.46963104605674744,0.3888888955116272,0.13688212927756654
284,butina,3,tid284_f3,263,948,0.5067710280418396,0.4838709533214569,0.19771863117870722
284,butina,4,tid284_f4,263,948,0.5113043785095215,0.4794520437717438,0.16730038022813687
284,butina,5,tid284_f5,263,948,0.5180761814117432,0.5161290168762207,0.3726235741444867
284,diverse_25,1,tid284_f1,66,237,0.49003446102142334,0.5184222459793091,0.06060606060606061
284,diverse_25,2,tid284_f2,66,237,0.48915135860443115,0.523809552192688,0.09090909090909091
284,diverse_25,3,tid284_f3,66,237,0.4710274636745453,0.5,0.12121212121212122
284,diverse_25,4,tid284_f4,66,237,0.486635684967041,0.5235326886177063,0.10606060606060606
284,diverse_25,5,tid284_f5,65,238,0.49608296155929565,0.529411792755127,0.1076923076923077
284,umap,1,tid284_f1,212,994,0.4135717749595642,0.43109896779060364,0.35377358490566035
284,umap,2,tid284_f2,218,989,0.40776327252388,0.42133837938308716,0.3486238532110092
284,umap,3,tid284_f3,300,915,0.3892994225025177,0.40740740299224854,0.3233333333333333
284,umap,4,tid284_f4,349,871,0.3487698435783386,0.3484848439693451,0.5128939828080229
284,umap,5,tid284_f5,237,972,0.44897928833961487,0.45945945382118225,0.2320675105485232
284,time,1,tid284_f1,839,380,0.44423964619636536,0.4545454680919647,0.24076281287246723
284,time,2,tid284_f2,674,529,0.47089844942092896,0.4823431670665741,0.18100890207715134
284,time,3,tid284_f3,491,693,0.45535409450531006,0.4615384638309479,0.2158859470468432
284,time,4,tid284_f4,236,923,0.46608152985572815,0.4802323579788208,0.1906779661016949
284,time,5,tid284_f5,88,1056,0.4882362186908722,0.48440688848495483,0.18181818181818182
1865,random,1,tid1865_f1,207,745,0.7635311484336853,0.78125,0.00966183574879227
1865,random,2,tid1865_f2,207,745,0.7483744025230408,0.7761194109916687,0.00966183574879227
1865,random,3,tid1865_f3,207,745,0.7481195330619812,0.7799999713897705,0.028985507246376812
1865,random,4,tid1865_f4,207,745,0.7459042072296143,0.7777777910232544,0.033816425120772944
1865,random,5,tid1865_f5,206,746,0.7329643964767456,0.757881760597229,0.014563106796116505
1865,scaffold,1,tid1865_f1,207,745,0.6007948517799377,0.5833333134651184,0.04830917874396135
1865,scaffold,2,tid1865_f2,207,745,0.5996050238609314,0.6153846383094788,0.03864734299516908
1865,scaffold,3,tid1865_f3,207,745,0.6316995024681091,0.6428571343421936,0.043478260869565216
1865,scaffold,4,tid1865_f4,207,745,0.6451448202133179,0.6666666865348816,0.024154589371980676
1865,scaffold,5,tid1865_f5,206,746,0.647284209728241,0.6387362480163574,0.014563106796116505
1865,butina,1,tid1865_f1,207,745,0.543736457824707,0.5131579041481018,0.13043478260869565
1865,butina,2,tid1865_f2,207,745,0.5599575638771057,0.5571428537368774,0.13526570048309178
1865,butina,3,tid1865_f3,207,745,0.5047232508659363,0.48076921701431274,0.2318840579710145
1865,butina,4,tid1865_f4,207,745,0.508918821811676,0.49180328845977783,0.3140096618357488
1865,butina,5,tid1865_f5,206,746,0.5561739206314087,0.560261607170105,0.18446601941747573
1865,diverse_25,1,tid1865_f1,52,186,0.3740428686141968,0.38585609197616577,0.3076923076923077
1865,diverse_25,2,tid1865_f2,52,186,0.3868706524372101,0.39568763971328735,0.25
1865,diverse_25,3,tid1865_f3,52,186,0.38702183961868286,0.39307671785354614,0.23076923076923078
1865,diverse_25,4,tid1865_f4,51,187,0.38575753569602966,0.39726027846336365,0.2549019607843137
1865,diverse_25,5,tid1865_f5,51,187,0.38142144680023193,0.4000000059604645,0.29411764705882354
1865,umap,1,tid1865_f1,163,784,0.4003950357437134,0.4117647111415863,0.1656441717791411
1865,umap,2,tid1865_f2,245,711,0.39989858865737915,0.39423078298568726,0.24897959183673468
1865,umap,3,tid1865_f3,220,733,0.3849308490753174,0.3772038221359253,0.3181818181818182
1865,umap,4,tid1865_f4,171,777,0.3881542384624481,0.3733333349227905,0.34502923976608185
1865,umap,5,tid1865_f5,235,720,0.3771042823791504,0.3764705955982208,0.3659574468085106
1865,time,1,tid1865_f1,740,237,0.40511536598205566,0.38461539149284363,0.3027027027027027
1865,time,2,tid1865_f2,596,367,0.41585084795951843,0.3968254029750824,0.2533557046979866
1865,time,3,tid1865_f3,431,515,0.4365807771682739,0.41818180680274963,0.14849187935034802
1865,time,4,tid1865_f4,339,598,0.4410216808319092,0.4166666567325592,0.1710914454277286
1865,time,5,tid1865_f5,125,791,0.40374934673309326,0.3896103799343109,0.336
2409,random,1,tid2409_f1,246,883,0.7252763509750366,0.7519230842590332,0.032520325203252036
2409,random,2,tid2409_f2,246,883,0.7375263571739197,0.7637088894844055,0.016260162601626018
2409,random,3,tid2409_f3,245,884,0.7386366128921509,0.7599999904632568,0.012244897959183673
2409,random,4,tid2409_f4,245,884,0.7376046180725098,0.7555555701255798,0.00816326530612245
2409,random,5,tid2409_f5,245,884,0.7283772230148315,0.7547169923782349,0.02040816326530612
2409,scaffold,1,tid2409_f1,246,883,0.6214640736579895,0.6345335245132446,0.024390243902439025
2409,scaffold,2,tid2409_f2,246,883,0.6641371846199036,0.6531676054000854,0.0
2409,scaffold,3,tid2409_f3,245,884,0.6804884672164917,0.6818181872367859,0.0163265306122449
2409,scaffold,4,tid2409_f4,245,884,0.6636454463005066,0.6666666865348816,0.04897959183673469
2409,scaffold,5,tid2409_f5,245,884,0.6525777578353882,0.6779661178588867,0.036734693877551024
2409,butina,1,tid2409_f1,248,882,0.5395917296409607,0.5303308963775635,0.012096774193548387
2409,butina,2,tid2409_f2,245,884,0.5529312491416931,0.550000011920929,0.04081632653061224
2409,butina,3,tid2409_f3,245,884,0.5834102034568787,0.5833333134651184,0.04081632653061224
2409,butina,4,tid2409_f4,245,884,0.5319507718086243,0.5333333611488342,0.12244897959183673
2409,butina,5,tid2409_f5,244,885,0.5374111533164978,0.5230769515037537,0.10245901639344263
2409,diverse_25,1,tid2409_f1,62,220,0.453180193901062,0.48038458824157715,0.11290322580645161
2409,diverse_25,2,tid2409_f2,61,221,0.4516114592552185,0.4736842215061188,0.13114754098360656
2409,diverse_25,3,tid2409_f3,61,221,0.47646576166152954,0.5,0.03278688524590164
2409,diverse_25,4,tid2409_f4,61,221,0.4480590224266052,0.4743589758872986,0.11475409836065574
2409,diverse_25,5,tid2409_f5,61,221,0.455489844083786,0.48275861144065857,0.11475409836065574
2409,umap,1,tid2409_f1,199,926,0.3903244137763977,0.38333332538604736,0.24120603015075376
2409,umap,2,tid2409_f2,277,855,0.4183850884437561,0.38235294818878174,0.2888086642599278
2409,umap,3,tid2409_f3,200,925,0.47858506441116333,0.46875,0.07
2409,umap,4,tid2409_f4,355,785,0.4346991777420044,0.4354838728904724,0.29577464788732394
2409,umap,5,tid2409_f5,196,928,0.4938078224658966,0.5,0.05612244897959184
2409,time,1,tid2409_f1,834,325,0.4183131456375122,0.385839581489563,0.38968824940047964
2409,time,2,tid2409_f2,644,496,0.44835367798805237,0.4074714779853821,0.2468944099378882
2409,time,3,tid2409_f3,328,781,0.4250548779964447,0.3965468108654022,0.25609756097560976
2409,time,4,tid2409_f4,239,861,0.41147592663764954,0.37931033968925476,0.30962343096234307
2409,time,5,tid2409_f5,109,978,0.5183549523353577,0.5,0.1834862385321101
4005,random,1,tid4005_f1,253,909,0.7580678462982178,0.7749999761581421,0.011857707509881422
4005,random,2,tid4005_f2,253,909,0.7620463371276855,0.78125,0.011857707509881422
4005,random,3,tid4005_f3,252,909,0.7427244782447815,0.7709602117538452,0.01984126984126984
4005,random,4,tid4005_f4,252,909,0.759086012840271,0.7777777910232544,0.007936507936507936
4005,random,5,tid4005_f5,252,909,0.7413619756698608,0.7657912373542786,0.023809523809523808
4005,scaffold,1,tid4005_f1,253,909,0.6770679354667664,0.6913580298423767,0.011857707509881422
4005,scaffold,2,tid4005_f2,253,909,0.6902669668197632,0.699999988079071,0.02766798418972332
4005,scaffold,3,tid4005_f3,252,909,0.6752890348434448,0.6896551847457886,0.027777777777777776
4005,scaffold,4,tid4005_f4,252,909,0.6464427709579468,0.6771235466003418,0.06349206349206349
4005,scaffold,5,tid4005_f5,252,909,0.6335550546646118,0.6625000238418579,0.07936507936507936
4005,butina,1,tid4005_f1,253,909,0.4908563792705536,0.4588235318660736,0.2727272727272727
4005,butina,2,tid4005_f2,253,909,0.4935382306575775,0.46987950801849365,0.16996047430830039
4005,butina,3,tid4005_f3,252,909,0.514819324016571,0.5075775384902954,0.19444444444444445
4005,butina,4,tid4005_f4,252,909,0.4519287943840027,0.4295634925365448,0.4365079365079365
4005,butina,5,tid4005_f5,252,909,0.4326488971710205,0.34569597244262695,0.5079365079365079
4005,diverse_25,1,tid4005_f1,63,227,0.450916588306427,0.4754098355770111,0.15873015873015872
4005,diverse_25,2,tid4005_f2,63,227,0.43037018179893494,0.4675324559211731,0.2222222222222222
4005,diverse_25,3,tid4005_f3,63,227,0.4476839303970337,0.4655172526836395,0.14285714285714285
4005,diverse_25,4,tid4005_f4,63,227,0.44637900590896606,0.45679011940956116,0.1111111111111111
4005,diverse_25,5,tid4005_f5,63,227,0.46105504035949707,0.49275362491607666,0.09523809523809523
4005,umap,1,tid4005_f1,341,829,0.3667430579662323,0.3417721390724182,0.5190615835777126
4005,umap,2,tid4005_f2,224,935,0.31446632742881775,0.2914029359817505,0.7366071428571429
4005,umap,3,tid4005_f3,185,970,0.4407573938369751,0.4146341383457184,0.35135135135135137
4005,umap,4,tid4005_f4,215,943,0.49074625968933105,0.4864864945411682,0.13488372093023257
4005,umap,5,tid4005_f5,297,869,0.4505588412284851,0.40789473056793213,0.2962962962962963
4005,time,1,tid4005_f1,906,297,0.35404667258262634,0.3253012001514435,0.5607064017660044
4005,time,2,tid4005_f2,754,434,0.43259719014167786,0.42222222685813904,0.27586206896551724
4005,time,3,tid4005_f3,499,664,0.43066009879112244,0.4153846204280853,0.23046092184368738
4005,time,4,tid4005_f4,377,774,0.44317829608917236,0.4354838728904724,0.1989389920424403
4005,time,5,tid4005_f5,244,893,0.4920671880245209,0.47174328565597534,0.13934426229508196
4822,random,1,tid4822_f1,224,803,0.7599155306816101,0.7857142686843872,0.017857142857142856
4822,random,2,tid4822_f2,223,804,0.7608378529548645,0.7910447716712952,0.02242152466367713
4822,random,3,tid4822_f3,223,804,0.7569131255149841,0.7868852615356445,0.03587443946188341
4822,random,4,tid4822_f4,223,804,0.766259491443634,0.800000011920929,0.02242152466367713
4822,random,5,tid4822_f5,223,804,0.7426064014434814,0.7777777910232544,0.03139013452914798
4822,scaffold,1,tid4822_f1,224,803,0.6577814817428589,0.6818495988845825,0.05357142857142857
4822,scaffold,2,tid4822_f2,223,804,0.7187466025352478,0.7424242496490479,0.02242152466367713
4822,scaffold,3,tid4822_f3,223,804,0.6697583198547363,0.6911764740943909,0.026905829596412557
4822,scaffold,4,tid4822_f4,223,804,0.6325027942657471,0.6774193644523621,0.07174887892376682
4822,scaffold,5,tid4822_f5,223,804,0.673592746257782,0.7121211886405945,0.06278026905829596
4822,butina,1,tid4822_f1,224,803,0.444417268037796,0.40942928194999695,0.17857142857142858
4822,butina,2,tid4822_f2,223,804,0.4800776243209839,0.45614033937454224,0.13452914798206278
4822,butina,3,tid4822_f3,223,804,0.38026633858680725,0.3855421543121338,0.42152466367713004
4822,butina,4,tid4822_f4,223,804,0.3515484631061554,0.2584269642829895,0.7174887892376681
4822,butina,5,tid4822_f5,223,804,0.38395440578460693,0.3235294222831726,0.5919282511210763
4822,diverse_25,1,tid4822_f1,56,201,0.4460652768611908,0.4552314579486847,0.16071428571428573
4822,diverse_25,2,tid4822_f2,56,201,0.46521657705307007,0.5,0.125
4822,diverse_25,3,tid4822_f3,56,201,0.46434521675109863,0.5219047665596008,0.17857142857142858
4822,diverse_25,4,tid4822_f4,56,201,0.4418475925922394,0.4724736213684082,0.17857142857142858
4822,diverse_25,5,tid4822_f5,55,202,0.4601178467273712,0.4933333396911621,0.16363636363636364
4822,umap,1,tid4822_f1,216,810,0.43760475516319275,0.43070363998413086,0.2824074074074074
4822,umap,2,tid4822_f2,233,795,0.507953405380249,0.5061728358268738,0.08583690987124463
4822,umap,3,tid4822_f3,257,774,0.43378615379333496,0.4237288236618042,0.245136186770428
4822,umap,4,tid4822_f4,236,792,0.2511412799358368,0.23845060169696808,0.8771186440677966
4822,umap,5,tid4822_f5,174,848,0.42704343795776367,0.42370346188545227,0.40229885057471265
4822,time,1,tid4822_f1,825,234,0.26691797375679016,0.24242424964904785,0.8872727272727273
4822,time,2,tid4822_f2,596,441,0.3566688299179077,0.31460675597190857,0.5855704697986577
4822,time,3,tid4822_f3,388,628,0.4496366083621979,0.45500504970550537,0.37371134020618557
4822,time,4,tid4822_f4,273,731,0.46417930722236633,0.47727271914482117,0.3553113553113553
4822,time,5,tid4822_f5,172,822,0.4211585819721222,0.40956422686576843,0.436046511627907
