split,metric,test,left,right,n_folds,mean_diff,sd_diff,right_wins,p_raw,p_holm
random,mae,t,knn,lgbm,50,-0.012558782236854124,0.0356466748950804,0.36,0.01616551008095361,0.01616551008095361
random,mae,t,knn,chemeleon,50,-0.03725216889292227,0.038911756457812044,0.12,1.5098500772043785e-08,4.5295502316131355e-08
random,mae,t,knn,monroe35,50,-0.06027496624177711,0.03830748233376819,0.0,5.181873212172736e-15,2.590936606086368e-14
random,mae,t,knn,median,50,0.3789369428178499,0.0884479388120429,1.0,2.1626163319752166e-33,1.7300930655801732e-32
random,mae,t,lgbm,chemeleon,50,-0.024693386656068145,0.02605406804411397,0.1,1.9225282208403257e-08,4.5295502316131355e-08
random,mae,t,lgbm,monroe35,50,-0.04771618400492298,0.02312612681267813,0.02,1.8397245668416157e-19,1.1038347401049693e-18
random,mae,t,lgbm,median,50,0.39149572505470404,0.09142988273371302,1.0,2.219074923963205e-33,1.7300930655801732e-32
random,mae,t,chemeleon,monroe35,50,-0.02302279734885484,0.02189003319596283,0.12,1.3998725696900498e-09,5.599490278760199e-09
random,mae,t,chemeleon,median,50,0.4161891117107721,0.0916156269143754,1.0,1.4026453077576396e-34,1.2623807769818755e-33
random,mae,t,monroe35,median,50,0.439211909059627,0.08783096510778207,1.0,1.5358854954021194e-36,1.5358854954021194e-35
random,mae,wilcoxon,knn,lgbm,50,-0.012558782236854124,0.0356466748950804,0.36,0.016637745581261854,0.016637745581261854
random,mae,wilcoxon,knn,chemeleon,50,-0.03725216889292227,0.038911756457812044,0.12,3.8819791825517314e-10,1.5527916730206925e-09
random,mae,wilcoxon,knn,monroe35,50,-0.06027496624177711,0.03830748233376819,0.0,1.7763568394002505e-15,1.7763568394002505e-14
random,mae,wilcoxon,knn,median,50,0.3789369428178499,0.0884479388120429,1.0,1.7763568394002505e-15,1.7763568394002505e-14
random,mae,wilcoxon,lgbm,chemeleon,50,-0.024693386656068145,0.02605406804411397,0.1,2.81308842886574e-09,8.43926528659722e-09
random,mae,wilcoxon,lgbm,monroe35,50,-0.04771618400492298,0.02312612681267813,0.02,3.552713678800501e-15,1.7763568394002505e-14
random,mae,wilcoxon,lgbm,median,50,0.39149572505470404,0.09142988273371302,1.0,1.7763568394002505e-15,1.7763568394002505e-14
random,mae,wilcoxon,chemeleon,monroe35,50,-0.02302279734885484,0.02189003319596283,0.12,8.970399534291573e-09,1.7940799068583146e-08
random,mae,wilcoxon,chemeleon,median,50,0.4161891117107721,0.0916156269143754,1.0,1.7763568394002505e-15,1.7763568394002505e-14
random,mae,wilcoxon,monroe35,median,50,0.439211909059627,0.08783096510778207,1.0,1.7763568394002505e-15,1.7763568394002505e-14
random,mae,t_target,knn,lgbm,10,-0.012558782236854115,0.02740787578934674,0.3,0.18126460113249498,0.18126460113249498
random,mae,t_target,knn,chemeleon,10,-0.037252168892922266,0.03392394865686866,0.1,0.007020786192036613,0.014041572384073227
random,mae,t_target,knn,monroe35,10,-0.060274966241777105,0.033716547103341425,0.0,0.0003123285660609924,0.0009369856981829772
random,mae,t_target,knn,median,10,0.37893694281784984,0.08610122969041242,1.0,2.1584126723473268e-07,1.5316305269752541e-06
random,mae,t_target,lgbm,chemeleon,10,-0.02469338665606815,0.010290253719784336,0.0,3.366752920270594e-05,0.0001683376460135297
random,mae,t_target,lgbm,monroe35,10,-0.04771618400492299,0.014875192171109887,0.0,3.1767438259165744e-06,1.9060462955499447e-05
random,mae,t_target,lgbm,median,10,0.39149572505470404,0.08772909259522645,1.0,1.9145381587190676e-07,1.5316305269752541e-06
random,mae,t_target,chemeleon,monroe35,10,-0.02302279734885484,0.0100968161658035,0.0,5.0250780151435236e-05,0.00020100312060574094
random,mae,t_target,chemeleon,median,10,0.41618911171077216,0.08952884431641464,1.0,1.344022829488558e-07,1.209620546539702e-06
random,mae,t_target,monroe35,median,10,0.43921190905962704,0.0854399734025882,1.0,5.6006483778675334e-08,5.600648377867534e-07
scaffold,mae,t,knn,lgbm,50,-0.0273595425080208,0.049638272346862355,0.36,0.0002953026881419286,0.000318626504987946
scaffold,mae,t,knn,chemeleon,50,-0.05289125082613952,0.045610786255791784,0.14,9.47189347298515e-11,3.78875738919406e-10
scaffold,mae,t,knn,monroe35,50,-0.07639025283496319,0.05053706657491949,0.02,2.108478402739676e-14,1.2650870416438055e-13
scaffold,mae,t,knn,median,50,0.2620395018785528,0.12733489412445062,0.98,2.0439963986209847e-19,1.4307974790346893e-18
scaffold,mae,t,lgbm,chemeleon,50,-0.025531708318118712,0.03856624038125099,0.24,2.286606038576953e-05,6.859818115730859e-05
scaffold,mae,t,lgbm,monroe35,50,-0.04903071032694238,0.04068709714064199,0.12,3.0842208439867393e-11,1.5421104219933698e-10
scaffold,mae,t,lgbm,median,50,0.28939904438657355,0.13338390570142897,1.0,2.418029518985415e-20,1.934423615188332e-19
scaffold,mae,t,chemeleon,monroe35,50,-0.02349900200882367,0.040610693877752665,0.28,0.000159313252493973,0.000318626504987946
scaffold,mae,t,chemeleon,median,50,0.3149307527046923,0.1382367263534124,1.0,3.2607289353245856e-21,2.934656041792127e-20
scaffold,mae,t,monroe35,median,50,0.33842975471351594,0.13165616654405518,1.0,2.0213850698376378e-23,2.021385069837638e-22
scaffold,mae,wilcoxon,knn,lgbm,50,-0.0273595425080208,0.049638272346862355,0.36,0.0003378810943459598,0.00040559346592417
scaffold,mae,wilcoxon,knn,chemeleon,50,-0.05289125082613952,0.045610786255791784,0.14,5.610267805877811e-11,2.8051339029389055e-10
scaffold,mae,wilcoxon,knn,monroe35,50,-0.07639025283496319,0.05053706657491949,0.02,3.552713678800501e-15,2.4868995751603507e-14
scaffold,mae,wilcoxon,knn,median,50,0.2620395018785528,0.12733489412445062,0.98,8.881784197001252e-15,5.3290705182007514e-14
scaffold,mae,wilcoxon,lgbm,chemeleon,50,-0.025531708318118712,0.03856624038125099,0.24,1.1033688904760197e-05,3.310106671428059e-05
scaffold,mae,wilcoxon,lgbm,monroe35,50,-0.04903071032694238,0.04068709714064199,0.12,5.610267805877811e-11,2.8051339029389055e-10
scaffold,mae,wilcoxon,lgbm,median,50,0.28939904438657355,0.13338390570142897,1.0,1.7763568394002505e-15,1.7763568394002505e-14
scaffold,mae,wilcoxon,chemeleon,monroe35,50,-0.02349900200882367,0.040610693877752665,0.28,0.000202796732962085,0.00040559346592417
scaffold,mae,wilcoxon,chemeleon,median,50,0.3149307527046923,0.1382367263534124,1.0,1.7763568394002505e-15,1.7763568394002505e-14
scaffold,mae,wilcoxon,monroe35,median,50,0.33842975471351594,0.13165616654405518,1.0,1.7763568394002505e-15,1.7763568394002505e-14
scaffold,mae,t_target,knn,lgbm,10,-0.027359542508020786,0.02873821459018998,0.1,0.014702210581137586,0.017809019144444212
scaffold,mae,t_target,knn,chemeleon,10,-0.052891250826139526,0.02021469828714608,0.0,1.6896182077656303e-05,0.00013516945662125042
scaffold,mae,t_target,knn,monroe35,10,-0.07639025283496317,0.033481384015038855,0.0,5.001614591112826e-05,0.00020006458364451305
scaffold,mae,t_target,knn,median,10,0.26203950187855274,0.11126713286279093,1.0,3.90317513437637e-05,0.0001951587567188185
scaffold,mae,t_target,lgbm,chemeleon,10,-0.02553170831811874,0.017702219651387407,0.1,0.0013644796470254658,0.004093438941076397
scaffold,mae,t_target,lgbm,monroe35,10,-0.04903071032694238,0.019886899425015304,0.0,2.7177459707367954e-05,0.00019024221795157568
scaffold,mae,t_target,lgbm,median,10,0.2893990443865735,0.11757860354986287,1.0,2.7543827213101986e-05,0.00019024221795157568
scaffold,mae,t_target,chemeleon,monroe35,10,-0.023499002008823645,0.022365666928878716,0.2,0.008904509572222106,0.017809019144444212
scaffold,mae,t_target,chemeleon,median,10,0.3149307527046923,0.11829279123959198,1.0,1.468919324592717e-05,0.00013220273921334453
scaffold,mae,t_target,monroe35,median,10,0.3384297547135159,0.12055342603250241,1.0,9.549956315019525e-06,9.549956315019525e-05
butina,mae,t,knn,lgbm,50,-0.047113081414444355,0.10830912946268903,0.32,0.0034293819155136055,0.010288145746540817
butina,mae,t,knn,chemeleon,50,-0.07520884272164077,0.14197798382263105,0.34,0.0004739843705594198,0.0018959374822376791
butina,mae,t,knn,monroe35,50,-0.0951155563701401,0.12711891385141488,0.16,2.832716489817852e-06,1.4163582449089259e-05
butina,mae,t,knn,median,50,0.10978045083873762,0.13335496869898747,0.84,4.4105453122034384e-07,3.0873817185424067e-06
butina,mae,t,lgbm,chemeleon,50,-0.028095761307196404,0.07598143447239991,0.38,0.011834153007478055,0.02366830601495611
butina,mae,t,lgbm,monroe35,50,-0.04800247495569576,0.059234058825001795,0.22,6.07615820021817e-07,3.645694920130902e-06
butina,mae,t,lgbm,median,50,0.15689353225318198,0.14577413060865874,0.94,7.564661484119224e-10,6.808195335707302e-09
butina,mae,t,chemeleon,monroe35,50,-0.019906713648499358,0.05729300218763861,0.28,0.017603571097571203,0.02366830601495611
butina,mae,t,chemeleon,median,50,0.1849892935603784,0.1755375162651984,0.88,1.3280541145774265e-09,1.0624432916619412e-08
butina,mae,t,monroe35,median,50,0.20489600720887777,0.16364295948354485,0.94,9.753402899178325e-12,9.753402899178326e-11
butina,mae,wilcoxon,knn,lgbm,50,-0.047113081414444355,0.10830912946268903,0.32,0.00043263448054275955,0.0012979034416282786
butina,mae,wilcoxon,knn,chemeleon,50,-0.07520884272164077,0.14197798382263105,0.34,0.0002624791416003802,0.0010499165664015209
butina,mae,wilcoxon,knn,monroe35,50,-0.0951155563701401,0.12711891385141488,0.16,2.0039570713947796e-07,1.4027699499763457e-06
butina,mae,wilcoxon,knn,median,50,0.10978045083873762,0.13335496869898747,0.84,2.0039570713947796e-07,1.4027699499763457e-06
butina,mae,wilcoxon,lgbm,chemeleon,50,-0.028095761307196404,0.07598143447239991,0.38,0.016185270214664982,0.024426696202542786
butina,mae,wilcoxon,lgbm,monroe35,50,-0.04800247495569576,0.059234058825001795,0.22,7.723469384046666e-07,3.861734692023333e-06
butina,mae,wilcoxon,lgbm,median,50,0.15689353225318198,0.14577413060865874,0.94,6.337863567296154e-11,5.704077210566538e-10
butina,mae,wilcoxon,chemeleon,monroe35,50,-0.019906713648499358,0.05729300218763861,0.28,0.012213348101271393,0.024426696202542786
butina,mae,wilcoxon,chemeleon,median,50,0.1849892935603784,0.1755375162651984,0.88,1.2871659293978155e-10,1.0297327435182524e-09
butina,mae,wilcoxon,monroe35,median,50,0.20489600720887777,0.16364295948354485,0.94,4.4941828036826337e-13,4.494182803682634e-12
butina,mae,t_target,knn,lgbm,10,-0.047113081414444334,0.03339556471393843,0.1,0.001574502430492065,0.007872512152460324
butina,mae,t_target,knn,chemeleon,10,-0.07520884272164075,0.05644276365742077,0.0,0.002260499513946266,0.007872512152460324
butina,mae,t_target,knn,monroe35,10,-0.09511555637014012,0.05812966379582229,0.0,0.0005837700709117754,0.0035026204254706523
butina,mae,t_target,knn,median,10,0.10978045083873766,0.06459931713951007,0.9,0.00044800975709140414,0.003136068299639829
butina,mae,t_target,lgbm,chemeleon,10,-0.02809576130719641,0.0323990987496058,0.1,0.02276342048347857,0.022889862842148584
butina,mae,t_target,lgbm,monroe35,10,-0.04800247495569578,0.035060635919011034,0.0,0.0019063262970294187,0.007872512152460324
butina,mae,t_target,lgbm,median,10,0.156893532253182,0.07236194250669063,1.0,7.42010685757121e-05,0.0006818852680085211
butina,mae,t_target,chemeleon,monroe35,10,-0.019906713648499375,0.01988522889645044,0.2,0.011444931421074292,0.022889862842148584
butina,mae,t_target,chemeleon,median,10,0.1849892935603784,0.09183936163196524,1.0,0.00012982447998781272,0.0010385958399025017
butina,mae,t_target,monroe35,median,10,0.20489600720887777,0.09346928671926374,1.0,6.81885268008521e-05,0.0006818852680085211
diverse_25,mae,t,knn,lgbm,50,-0.04007408164452851,0.08956601113152063,0.38,0.0026748358394565195,0.010699343357826078
diverse_25,mae,t,knn,chemeleon,50,-0.039357533410145314,0.10669916627228225,0.36,0.012030026123489971,0.024060052246979942
diverse_25,mae,t,knn,monroe35,50,-0.07496022311112176,0.09740120153650662,0.24,1.6729916435271672e-06,1.0037949861163003e-05
diverse_25,mae,t,knn,median,50,0.11354122598068773,0.11856158891243063,0.82,1.4982322212719435e-08,1.0487625548903605e-07
diverse_25,mae,t,lgbm,chemeleon,50,0.0007165482343832031,0.08967279459913396,0.44,0.9551710662548627,0.9551710662548627
diverse_25,mae,t,lgbm,monroe35,50,-0.034886141466593246,0.061443477626532114,0.3,0.00020366913094966294,0.0010183456547483147
diverse_25,mae,t,lgbm,median,50,0.15361530762521622,0.11254137895924336,0.94,6.442086028230495e-13,5.797877425407446e-12
diverse_25,mae,t,chemeleon,monroe35,50,-0.03560268970097645,0.08113224180280756,0.34,0.0031776520557921612,0.010699343357826078
diverse_25,mae,t,chemeleon,median,50,0.15289875939083303,0.1322409481465873,0.88,1.0306905714215965e-10,8.245524571372772e-10
diverse_25,mae,t,monroe35,median,50,0.18850144909180946,0.1261644291565417,0.98,3.1476549316391944e-14,3.147654931639194e-13
diverse_25,mae,wilcoxon,knn,lgbm,50,-0.04007408164452851,0.08956601113152063,0.38,0.012213348101271393,0.03664004430381418
diverse_25,mae,wilcoxon,knn,chemeleon,50,-0.039357533410145314,0.10669916627228225,0.36,0.01574343835962111,0.03664004430381418
diverse_25,mae,wilcoxon,knn,monroe35,50,-0.07496022311112176,0.09740120153650662,0.24,3.348859145546612e-08,2.0093154873279673e-07
diverse_25,mae,wilcoxon,knn,median,50,0.11354122598068773,0.11856158891243063,0.82,3.7055123414120317e-09,2.5938586389884222e-08
diverse_25,mae,wilcoxon,lgbm,chemeleon,50,0.0007165482343832031,0.08967279459913396,0.44,0.49032624846387485,0.49032624846387485
diverse_25,mae,wilcoxon,lgbm,monroe35,50,-0.034886141466593246,0.061443477626532114,0.3,0.0002857006608838475,0.0014285033044192375
diverse_25,mae,wilcoxon,lgbm,median,50,0.15361530762521622,0.11254137895924336,0.94,3.6148861681795097e-12,3.253397551361559e-11
diverse_25,mae,wilcoxon,chemeleon,monroe35,50,-0.03560268970097645,0.08113224180280756,0.34,0.006325487527247375,0.0253019501089895
diverse_25,mae,wilcoxon,chemeleon,median,50,0.15289875939083303,0.1322409481465873,0.88,1.8094681308866711e-10,1.447574504709337e-09
diverse_25,mae,wilcoxon,monroe35,median,50,0.18850144909180946,0.1261644291565417,0.98,3.552713678800501e-15,3.552713678800501e-14
diverse_25,mae,t_target,knn,lgbm,10,-0.04007408164452854,0.04386152076121544,0.3,0.01790714582473942,0.07162858329895767
diverse_25,mae,t_target,knn,chemeleon,10,-0.03935753341014532,0.05335821765163986,0.2,0.04456238870271718,0.08912477740543436
diverse_25,mae,t_target,knn,monroe35,10,-0.07496022311112176,0.05823984938858979,0.0,0.0027990079013791307,0.016794047408274785
diverse_25,mae,t_target,knn,median,10,0.11354122598068775,0.07874550347010019,1.0,0.0013670271693373775,0.01093621735469902
diverse_25,mae,t_target,lgbm,chemeleon,10,0.0007165482343832186,0.05569837977067513,0.4,0.9684375592774721,0.9684375592774721
diverse_25,mae,t_target,lgbm,monroe35,10,-0.034886141466593225,0.04220506287398621,0.2,0.02809068571664573,0.08427205714993719
diverse_25,mae,t_target,lgbm,median,10,0.15361530762521625,0.09473568415245119,1.0,0.0006215154423891385,0.006215154423891384
diverse_25,mae,t_target,chemeleon,monroe35,10,-0.03560268970097644,0.03624966526672574,0.2,0.012603183419333574,0.06301591709666787
diverse_25,mae,t_target,chemeleon,median,10,0.15289875939083306,0.1097303010135476,0.9,0.001704634536732685,0.011932441757128796
diverse_25,mae,t_target,monroe35,median,10,0.18850144909180946,0.12087888799316,1.0,0.0008118522962906621,0.007306670666615959
umap,mae,t,knn,lgbm,50,-0.0592582394905636,0.08761999099379705,0.3,1.6255533922974476e-05,0.00011378873746082133
umap,mae,t,knn,chemeleon,50,-0.08521332865515908,0.13726323823290673,0.26,6.039256929048631e-05,0.0003623554157429178
umap,mae,t,knn,monroe35,50,-0.11624783905674439,0.09217265976750266,0.04,7.814185164648146e-12,7.814185164648146e-11
umap,mae,t,knn,median,50,0.005220830512589305,0.15246329807067815,0.36,0.8096853973409497,0.8096853973409497
umap,mae,t,lgbm,chemeleon,50,-0.025955089164595494,0.12398813670486733,0.34,0.14521498707826433,0.29042997415652866
umap,mae,t,lgbm,monroe35,50,-0.05698959956618081,0.0781972628986106,0.26,4.562659840589108e-06,3.650127872471287e-05
umap,mae,t,lgbm,median,50,0.0644790700031529,0.1557388562792113,0.62,0.005169021551337086,0.020676086205348342
umap,mae,t,chemeleon,monroe35,50,-0.031034510401585315,0.12198707857814099,0.42,0.07818887760977114,0.23456663282931342
umap,mae,t,chemeleon,median,50,0.09043415916774838,0.20674493619426257,0.68,0.0032677061892018833,0.016338530946009417
umap,mae,t,monroe35,median,50,0.12146866956933369,0.14535073550954047,0.84,3.2283436369434804e-07,2.9055092732491323e-06
umap,mae,wilcoxon,knn,lgbm,50,-0.0592582394905636,0.08761999099379705,0.3,2.191284211150446e-05,0.00013147705266902676
umap,mae,wilcoxon,knn,chemeleon,50,-0.08521332865515908,0.13726323823290673,0.26,7.946967700789287e-06,6.0147911725039194e-05
umap,mae,wilcoxon,knn,monroe35,50,-0.11624783905674439,0.09217265976750266,0.04,7.65609797781508e-12,7.65609797781508e-11
umap,mae,wilcoxon,knn,median,50,0.005220830512589305,0.15246329807067815,0.36,0.16888071753563239,0.16888071753563239
umap,mae,wilcoxon,lgbm,chemeleon,50,-0.025955089164595494,0.12398813670486733,0.34,0.037166605079788084,0.11149981523936425
umap,mae,wilcoxon,lgbm,monroe35,50,-0.05698959956618081,0.0781972628986106,0.26,7.518488965629899e-06,6.0147911725039194e-05
umap,mae,wilcoxon,lgbm,median,50,0.0644790700031529,0.1557388562792113,0.62,0.011200519477185367,0.04480207790874147
umap,mae,wilcoxon,chemeleon,monroe35,50,-0.031034510401585315,0.12198707857814099,0.42,0.06346609527860991,0.12693219055721983
umap,mae,wilcoxon,chemeleon,median,50,0.09043415916774838,0.20674493619426257,0.68,0.001190697289374043,0.005953486446870215
umap,mae,wilcoxon,monroe35,median,50,0.12146866956933369,0.14535073550954047,0.84,6.917133532624575e-09,6.225420179362118e-08
umap,mae,t_target,knn,lgbm,10,-0.059258239490563594,0.04567501724824087,0.2,0.0026659164813278616,0.018661415369295033
umap,mae,t_target,knn,chemeleon,10,-0.0852133286551591,0.05712256435773326,0.0,0.0010931249861470531,0.009539381433706744
umap,mae,t_target,knn,monroe35,10,-0.11624783905674438,0.051494682371120606,0.0,5.432410679830538e-05,0.0005432410679830537
umap,mae,t_target,knn,median,10,0.0052208305125893365,0.09375130088557707,0.4,0.8641132041064862,0.8641132041064862
umap,mae,t_target,lgbm,chemeleon,10,-0.0259550891645955,0.05353067079728841,0.3,0.1595746900315378,0.4787240700946134
umap,mae,t_target,lgbm,monroe35,10,-0.056989599566180806,0.03802584289565178,0.1,0.0010599312704118605,0.009539381433706744
umap,mae,t_target,lgbm,median,10,0.06447907000315292,0.10868571914106452,0.7,0.0933918895864451,0.3735675583457804
umap,mae,t_target,chemeleon,monroe35,10,-0.0310345104015853,0.06620486870143306,0.3,0.1723884570989467,0.4787240700946134
umap,mae,t_target,chemeleon,median,10,0.09043415916774843,0.1361262172142334,0.7,0.06503072247742755,0.3251536123871378
umap,mae,t_target,monroe35,median,10,0.12146866956933373,0.10570660896583697,0.9,0.005453179934756249,0.032719079608537496
time,mae,t,knn,lgbm,50,-0.07880221094518201,0.10738398495544439,0.26,4.033257668429962e-06,2.419954601057977e-05
time,mae,t,knn,chemeleon,50,-0.09829341177928726,0.11156957010545752,0.18,1.0349183658508462e-07,8.27934692680677e-07
time,mae,t,knn,monroe35,50,-0.1311940885258839,0.1089404426833054,0.1,3.145060933102664e-11,3.1450609331026637e-10
time,mae,t,knn,median,50,0.010211695563861901,0.1818787260880402,0.42,0.6930844143012479,0.6930844143012479
time,mae,t,lgbm,chemeleon,50,-0.019491200834105236,0.07171243818065239,0.46,0.06044444577042932,0.12088889154085863
time,mae,t,lgbm,monroe35,50,-0.05239187758070189,0.05304470770395633,0.16,7.022202511856583e-09,6.319982260670924e-08
time,mae,t,lgbm,median,50,0.08901390650904392,0.16011734888703746,0.76,0.00026563906429657357,0.0010625562571862943
time,mae,t,chemeleon,monroe35,50,-0.032900676746596656,0.06482386279149296,0.26,0.0007661479215665191,0.002298443764699557
time,mae,t,chemeleon,median,50,0.10850510734314917,0.1802458716982057,0.76,9.340860937098814e-05,0.0004670430468549407
time,mae,t,monroe35,median,50,0.14140578408974583,0.16578765262291026,0.86,2.0955659973991311e-07,1.4668961981793917e-06
time,mae,wilcoxon,knn,lgbm,50,-0.07880221094518201,0.10738398495544439,0.26,1.4543591948523726e-06,8.726155169114236e-06
time,mae,wilcoxon,knn,chemeleon,50,-0.09829341177928726,0.11156957010545752,0.18,3.348859145546612e-08,2.3442014018826285e-07
time,mae,wilcoxon,knn,monroe35,50,-0.1311940885258839,0.1089404426833054,0.1,2.022026990289305e-11,2.022026990289305e-10
time,mae,wilcoxon,knn,median,50,0.010211695563861901,0.1818787260880402,0.42,0.5335711137818162,0.5335711137818162
time,mae,wilcoxon,lgbm,chemeleon,50,-0.019491200834105236,0.07171243818065239,0.46,0.13807290852462017,0.27614581704924035
time,mae,wilcoxon,lgbm,monroe35,50,-0.05239187758070189,0.05304470770395633,0.16,8.22989321136447e-09,6.583914569091576e-08
time,mae,wilcoxon,lgbm,median,50,0.08901390650904392,0.16011734888703746,0.76,6.508990648690371e-05,0.00026035962594761486
time,mae,wilcoxon,chemeleon,monroe35,50,-0.032900676746596656,0.06482386279149296,0.26,0.0004153236253312542,0.0012459708759937627
time,mae,wilcoxon,chemeleon,median,50,0.10850510734314917,0.1802458716982057,0.76,3.288899332076767e-05,0.00016444496660383834
time,mae,wilcoxon,monroe35,median,50,0.14140578408974583,0.16578765262291026,0.86,2.0232171493717033e-10,1.820895434434533e-09
time,mae,t_target,knn,lgbm,10,-0.07880221094518197,0.07583594787710929,0.1,0.009438903317767883,0.0566334199066073
time,mae,t_target,knn,chemeleon,10,-0.09829341177928723,0.08270352670744456,0.0,0.004496235731789208,0.03596988585431366
time,mae,t_target,knn,monroe35,10,-0.13119408852588385,0.08438364136820312,0.0,0.0008285903689434064,0.008285903689434063
time,mae,t_target,knn,median,10,0.010211695563861912,0.1453109252030674,0.4,0.8290970651731279,0.8290970651731279
time,mae,t_target,lgbm,chemeleon,10,-0.01949120083410526,0.0483746614074676,0.5,0.23452609209954353,0.46905218419908706
time,mae,t_target,lgbm,monroe35,10,-0.052391877580701886,0.04009543449482855,0.0,0.002551554216411653,0.022963987947704878
time,mae,t_target,lgbm,median,10,0.08901390650904388,0.10429946725176997,0.8,0.024440422465744703,0.12220211232872352
time,mae,t_target,chemeleon,monroe35,10,-0.03290067674659662,0.04085898128209933,0.2,0.031382357922942035,0.12552943169176814
time,mae,t_target,chemeleon,median,10,0.10850510734314915,0.141126213877862,0.8,0.037900283594168735,0.12552943169176814
time,mae,t_target,monroe35,median,10,0.14140578408974575,0.12056038159881814,0.9,0.0048521178624148795,0.03596988585431366
random,r2,t,knn,lgbm,50,0.042528952888602485,0.06718171937975427,0.82,4.535980492368306e-05,9.071960984736613e-05
random,r2,t,knn,chemeleon,50,0.06557784004980256,0.06317356141359186,0.9,1.9747803412689165e-09,7.899121365075666e-09
random,r2,t,knn,monroe35,50,0.09614172403795745,0.06902161003584019,0.98,3.3229090271220694e-13,1.6614545135610348e-12
random,r2,t,knn,median,50,-0.5891801283684458,0.1050588950145015,0.0,6.724011254935434e-39,4.706807878454803e-38
random,r2,t,lgbm,chemeleon,50,0.02304888716120008,0.04419777284576328,0.68,0.0005670135116863827,0.0005670135116863827
random,r2,t,lgbm,monroe35,50,0.053612771149354976,0.036275717533749446,0.98,4.568094711761767e-14,2.7408568270570603e-13
random,r2,t,lgbm,median,50,-0.6317090812570484,0.08896312576584947,0.0,8.410293683181135e-44,6.728234946544908e-43
random,r2,t,chemeleon,monroe35,50,0.030563883988154895,0.03747868657920215,0.84,5.348360942650435e-07,1.6045082827951304e-06
random,r2,t,chemeleon,median,50,-0.6547579684182484,0.08913669606161337,0.0,1.6470652439749164e-44,1.4823587195774248e-43
random,r2,t,monroe35,median,50,-0.6853218524064033,0.07777742650716245,0.0,2.5223591591011024e-48,2.5223591591011023e-47
random,r2,wilcoxon,knn,lgbm,50,0.042528952888602485,0.06718171937975427,0.82,1.4422642710343325e-05,2.884528542068665e-05
random,r2,wilcoxon,knn,chemeleon,50,0.06557784004980256,0.06317356141359186,0.9,1.616786704516926e-10,6.467146818067704e-10
random,r2,wilcoxon,knn,monroe35,50,0.09614172403795745,0.06902161003584019,0.98,8.881784197001252e-15,5.3290705182007514e-14
random,r2,wilcoxon,knn,median,50,-0.5891801283684458,0.1050588950145015,0.0,1.7763568394002505e-15,1.7763568394002505e-14
random,r2,wilcoxon,lgbm,chemeleon,50,0.02304888716120008,0.04419777284576328,0.68,0.0005734773907004609,0.0005734773907004609
random,r2,wilcoxon,lgbm,monroe35,50,0.053612771149354976,0.036275717533749446,0.98,3.0020430585864233e-13,1.5010215292932116e-12
random,r2,wilcoxon,lgbm,median,50,-0.6317090812570484,0.08896312576584947,0.0,1.7763568394002505e-15,1.7763568394002505e-14
random,r2,wilcoxon,chemeleon,monroe35,50,0.030563883988154895,0.03747868657920215,0.84,3.9920236538648624e-07,1.1976070961594587e-06
random,r2,wilcoxon,chemeleon,median,50,-0.6547579684182484,0.08913669606161337,0.0,1.7763568394002505e-15,1.7763568394002505e-14
random,r2,wilcoxon,monroe35,median,50,-0.6853218524064033,0.07777742650716245,0.0,1.7763568394002505e-15,1.7763568394002505e-14
random,r2,t_target,knn,lgbm,10,0.042528952888602485,0.050462492653587536,0.9,0.02582837268038717,0.02582837268038717
random,r2,t_target,knn,chemeleon,10,0.06557784004980258,0.05125060476764346,1.0,0.00290100385692235,0.00870301157076705
random,r2,t_target,knn,monroe35,10,0.09614172403795744,0.050946080603422456,1.0,0.0002107170705329165,0.000842868282131666
random,r2,t_target,knn,median,10,-0.5891801283684458,0.09113517104389382,0.0,7.480912162298596e-09,5.236638513609017e-08
random,r2,t_target,lgbm,chemeleon,10,0.023048887161200092,0.021581649141485273,0.9,0.008162299908370004,0.016324599816740008
random,r2,t_target,lgbm,monroe35,10,0.05361277114935496,0.027353363205609094,1.0,0.00015923152545653464,0.0007961576272826732
random,r2,t_target,lgbm,median,10,-0.6317090812570483,0.08041722557652006,0.0,1.3323873030543608e-09,1.0659098424434887e-08
random,r2,t_target,chemeleon,monroe35,10,0.03056388398815487,0.01487206593238129,0.9,0.00011159853683856881,0.0006695912210314129
random,r2,t_target,chemeleon,median,10,-0.6547579684182484,0.0790959515850185,0.0,8.362719827001544e-10,7.52644784430139e-09
random,r2,t_target,monroe35,median,10,-0.6853218524064033,0.0707678908957821,0.0,2.067168229029566e-10,2.067168229029566e-09
scaffold,r2,t,knn,lgbm,50,0.08469400282234293,0.12178773812539437,0.78,1.0264239636641861e-05,3.079271890992558e-05
scaffold,r2,t,knn,chemeleon,50,0.11330564199447647,0.10647851191252906,0.92,1.0261774232115301e-09,5.1308871160576504e-09
scaffold,r2,t,knn,monroe35,50,0.1573836111231174,0.12523623651996776,0.96,8.719105083569041e-12,5.231463050141425e-11
scaffold,r2,t,knn,median,50,-0.3851466082880037,0.216097301891232,0.02,5.451888250772564e-17,3.8163217755407948e-16
scaffold,r2,t,lgbm,chemeleon,50,0.028611639172133538,0.07197598123850382,0.64,0.0070834694906118986,0.0070834694906118986
scaffold,r2,t,lgbm,monroe35,50,0.07268960830077448,0.08702716568815741,0.88,3.264235712599467e-07,1.3056942850397868e-06
scaffold,r2,t,lgbm,median,50,-0.46984061111034664,0.20014604825781954,0.02,9.38764831345748e-22,7.510118650765984e-21
scaffold,r2,t,chemeleon,monroe35,50,0.04407796912864094,0.07882450638974825,0.76,0.000246960611389816,0.000493921222779632
scaffold,r2,t,chemeleon,median,50,-0.4984522502824801,0.19381962737403877,0.02,1.9822341236187662e-23,1.7840107112568895e-22
scaffold,r2,t,monroe35,median,50,-0.5425302194111211,0.16895304723274432,0.0,1.164915848636956e-27,1.164915848636956e-26
scaffold,r2,wilcoxon,knn,lgbm,50,0.08469400282234293,0.12178773812539437,0.78,1.3667570399888973e-06,4.100271119966692e-06
scaffold,r2,wilcoxon,knn,chemeleon,50,0.11330564199447647,0.10647851191252906,0.92,1.7687185049908294e-11,1.0612311029944976e-10
scaffold,r2,wilcoxon,knn,monroe35,50,0.1573836111231174,0.12523623651996776,0.96,1.5631940186722204e-13,1.0942358130705543e-12
scaffold,r2,wilcoxon,knn,median,50,-0.3851466082880037,0.216097301891232,0.02,2.022026990289305e-11,1.0612311029944976e-10
scaffold,r2,wilcoxon,lgbm,chemeleon,50,0.028611639172133538,0.07197598123850382,0.64,0.004178445711550793,0.004178445711550793
scaffold,r2,wilcoxon,lgbm,monroe35,50,0.07268960830077448,0.08702716568815741,0.88,1.7394549622906652e-07,6.957819849162661e-07
scaffold,r2,wilcoxon,lgbm,median,50,-0.46984061111034664,0.20014604825781954,0.02,3.552713678800501e-15,3.197442310920451e-14
scaffold,r2,wilcoxon,chemeleon,monroe35,50,0.04407796912864094,0.07882450638974825,0.76,0.00010867611974241242,0.00021735223948482485
scaffold,r2,wilcoxon,chemeleon,median,50,-0.4984522502824801,0.19381962737403877,0.02,5.329070518200751e-15,4.263256414560601e-14
scaffold,r2,wilcoxon,monroe35,median,50,-0.5425302194111211,0.16895304723274432,0.0,1.7763568394002505e-15,1.7763568394002505e-14
scaffold,r2,t_target,knn,lgbm,10,0.08469400282234293,0.05036593065023929,1.0,0.0004825088135843333,0.0019300352543373332
scaffold,r2,t_target,knn,chemeleon,10,0.11330564199447646,0.0273383036938102,1.0,3.6206671058759347e-07,3.620667105875935e-06
scaffold,r2,t_target,knn,monroe35,10,0.15738361112311738,0.0614346607540658,1.0,2.0018197319759365e-05,0.00012010918391855619
scaffold,r2,t_target,knn,median,10,-0.3851466082880037,0.17481336555335678,0.0,6.559139792215966e-05,0.0003279569896107983
scaffold,r2,t_target,lgbm,chemeleon,10,0.028611639172133507,0.038311383137943356,0.8,0.0424865853374302,0.0424865853374302
scaffold,r2,t_target,lgbm,monroe35,10,0.07268960830077446,0.05349984196473617,0.9,0.00200075135927861,0.00600225407783583
scaffold,r2,t_target,lgbm,median,10,-0.46984061111034664,0.17657492617202777,0.0,1.4753600927280131e-05,0.00010327520649096092
scaffold,r2,t_target,chemeleon,monroe35,10,0.04407796912864096,0.044942461789168074,0.9,0.012692733497274275,0.02538546699454855
scaffold,r2,t_target,chemeleon,median,10,-0.49845225028248014,0.16392161000084685,0.0,4.952820027444237e-06,3.9622560219553894e-05
scaffold,r2,t_target,monroe35,median,10,-0.5425302194111211,0.1478417701226631,0.0,1.0238537213445368e-06,9.214683492100832e-06
butina,r2,t,knn,lgbm,50,0.17002718492879962,0.29508806002783217,0.76,0.00016841174644005791,0.0005052352393201737
butina,r2,t,knn,chemeleon,50,0.191844347066792,0.3253850886229588,0.68,0.00012414205776316572,0.0004965682310526629
butina,r2,t,knn,monroe35,50,0.2630013857937061,0.3160181811122758,0.82,3.520288466580039e-07,2.464201926606027e-06
butina,r2,t,knn,median,50,-0.0813550788172883,0.36414145469951126,0.36,0.12058926981598891,0.24117853963197783
butina,r2,t,lgbm,chemeleon,50,0.021817162137992386,0.15228567548220753,0.62,0.3160200116104648,0.3160200116104648
butina,r2,t,lgbm,monroe35,50,0.09297420086490649,0.1222793338077011,0.78,2.1027788542483443e-06,1.2616673125490066e-05
butina,r2,t,lgbm,median,50,-0.2513822637460879,0.2568283937856415,0.16,8.78912717783489e-09,7.910214460051402e-08
butina,r2,t,chemeleon,monroe35,50,0.07115703872691409,0.11782597755912323,0.72,8.933779680797706e-05,0.0004466889840398853
butina,r2,t,chemeleon,median,50,-0.2731994258840803,0.29335632617618373,0.16,2.9142858441803365e-08,2.3314286753442692e-07
butina,r2,t,monroe35,median,50,-0.3443564646109944,0.27827332227149454,0.14,1.393401304769755e-11,1.393401304769755e-10
butina,r2,wilcoxon,knn,lgbm,50,0.17002718492879962,0.29508806002783217,0.76,2.5156639491541455e-06,1.5093983694924873e-05
butina,r2,wilcoxon,knn,chemeleon,50,0.191844347066792,0.3253850886229588,0.68,7.861200783665367e-05,0.0003144480313466147
butina,r2,wilcoxon,knn,monroe35,50,0.2630013857937061,0.3160181811122758,0.82,2.1246773229677274e-09,1.9122095906709546e-08
butina,r2,wilcoxon,knn,median,50,-0.0813550788172883,0.36414145469951126,0.36,0.020665866669398625,0.04133173333879725
butina,r2,wilcoxon,lgbm,chemeleon,50,0.021817162137992386,0.15228567548220753,0.62,0.18768390417341507,0.18768390417341507
butina,r2,wilcoxon,lgbm,monroe35,50,0.09297420086490649,0.1222793338077011,0.78,3.006746544187422e-06,1.5093983694924873e-05
butina,r2,wilcoxon,lgbm,median,50,-0.2513822637460879,0.2568283937856415,0.16,7.546860913976161e-09,6.037488731180929e-08
butina,r2,wilcoxon,chemeleon,monroe35,50,0.07115703872691409,0.11782597755912323,0.72,0.00014253035612021847,0.0004275910683606554
butina,r2,wilcoxon,chemeleon,median,50,-0.2731994258840803,0.29335632617618373,0.16,5.7649630846867694e-08,4.0354741592807386e-07
butina,r2,wilcoxon,monroe35,median,50,-0.3443564646109944,0.27827332227149454,0.14,9.07522945681194e-11,9.07522945681194e-10
butina,r2,t_target,knn,lgbm,10,0.1700271849287996,0.11225185913560945,1.0,0.0009875568749140463,0.00488487837620828
butina,r2,t_target,knn,chemeleon,10,0.191844347066792,0.1264516418432178,1.0,0.0009769756752416561,0.00488487837620828
butina,r2,t_target,knn,monroe35,10,0.2630013857937061,0.11879457750075874,1.0,6.317610428469341e-05,0.0005685849385622406
butina,r2,t_target,knn,median,10,-0.08135507881728829,0.16177373663543093,0.3,0.1462325407351949,0.2924650814703898
butina,r2,t_target,lgbm,chemeleon,10,0.02181716213799239,0.051932063762154396,0.5,0.21671078302321647,0.2924650814703898
butina,r2,t_target,lgbm,monroe35,10,0.09297420086490647,0.05409006732430223,1.0,0.00041336108580808595,0.0024801665148485156
butina,r2,t_target,lgbm,median,10,-0.2513822637460879,0.12673792638790154,0.0,0.00014570388387955043,0.0011656310710364034
butina,r2,t_target,chemeleon,monroe35,10,0.07115703872691409,0.04786583777727794,0.9,0.0011185607403837873,0.00488487837620828
butina,r2,t_target,chemeleon,median,10,-0.2731994258840803,0.15408346123228894,0.1,0.0003313290063395122,0.0023193030443765853
butina,r2,t_target,monroe35,median,10,-0.34435646461099434,0.14439889995503918,0.0,3.5365795026255554e-05,0.00035365795026255555
diverse_25,r2,t,knn,lgbm,50,0.10257040893444495,0.21183684899315108,0.68,0.0012565880118691392,0.0037697640356074177
diverse_25,r2,t,knn,chemeleon,50,0.10092703668322202,0.21600699199310575,0.68,0.0017870001768033052,0.0037697640356074177
diverse_25,r2,t,knn,monroe35,50,0.19096802246624606,0.21962094578749944,0.9,1.381042325314171e-07,9.667296277199196e-07
diverse_25,r2,t,knn,median,50,-0.1344362254485866,0.25233326112734644,0.24,0.0004433706117551784,0.0017734824470207137
diverse_25,r2,t,lgbm,chemeleon,50,-0.0016433722512229354,0.14988476503375248,0.56,0.9385185452195847,0.9385185452195847
diverse_25,r2,t,lgbm,monroe35,50,0.08839761353180106,0.11045061226692741,0.74,7.804935313669585e-07,4.6829611882017515e-06
diverse_25,r2,t,lgbm,median,50,-0.2370066343830316,0.20209182338335935,0.1,6.840713107451618e-11,6.156641796706457e-10
diverse_25,r2,t,chemeleon,monroe35,50,0.09004098578302398,0.1371931369587063,0.74,2.619302995217291e-05,0.00013096514976086455
diverse_25,r2,t,chemeleon,median,50,-0.23536326213180866,0.22205327944436254,0.12,1.1395852983408553e-09,9.116682386726843e-09
diverse_25,r2,t,monroe35,median,50,-0.3254042479148327,0.1890996673145509,0.0,2.0236001774074787e-16,2.0236001774074788e-15
diverse_25,r2,wilcoxon,knn,lgbm,50,0.10257040893444495,0.21183684899315108,0.68,0.002799360749817126,0.008398082249451377
diverse_25,r2,wilcoxon,knn,chemeleon,50,0.10092703668322202,0.21600699199310575,0.68,0.004043947968749961,0.008398082249451377
diverse_25,r2,wilcoxon,knn,monroe35,50,0.19096802246624606,0.21962094578749944,0.9,4.9116266609416925e-12,4.420463994847523e-11
diverse_25,r2,wilcoxon,knn,median,50,-0.1344362254485866,0.25233326112734644,0.24,0.00035222154756553437,0.0014088861902621375
diverse_25,r2,wilcoxon,lgbm,chemeleon,50,-0.0016433722512229354,0.14988476503375248,0.56,0.5272794190915597,0.5272794190915597
diverse_25,r2,wilcoxon,lgbm,monroe35,50,0.08839761353180106,0.11045061226692741,0.74,1.6455253124547653e-06,9.873151874728592e-06
diverse_25,r2,wilcoxon,lgbm,median,50,-0.2370066343830316,0.20209182338335935,0.1,7.237197507947712e-10,5.78975800635817e-09
diverse_25,r2,wilcoxon,chemeleon,monroe35,50,0.09004098578302398,0.1371931369587063,0.74,1.367585375788849e-05,6.837926878944245e-05
diverse_25,r2,wilcoxon,chemeleon,median,50,-0.23536326213180866,0.22205327944436254,0.12,1.5961560961841315e-09,1.117309267328892e-08
diverse_25,r2,wilcoxon,monroe35,median,50,-0.3254042479148327,0.1890996673145509,0.0,1.7763568394002505e-15,1.7763568394002505e-14
diverse_25,r2,t_target,knn,lgbm,10,0.10257040893444498,0.08927262536577292,0.8,0.005457326526555343,0.02182930610622137
diverse_25,r2,t_target,knn,chemeleon,10,0.100927036683222,0.09881003622408219,0.8,0.010322164732480677,0.030966494197442032
diverse_25,r2,t_target,knn,monroe35,10,0.19096802246624606,0.08439582684517094,1.0,5.334424931212665e-05,0.0005334424931212666
diverse_25,r2,t_target,knn,median,10,-0.13443622544858663,0.1371351184395088,0.1,0.012721586934798733,0.030966494197442032
diverse_25,r2,t_target,lgbm,chemeleon,10,-0.001643372251222948,0.09782623983254801,0.6,0.9587945662790546,0.9587945662790546
diverse_25,r2,t_target,lgbm,monroe35,10,0.08839761353180106,0.06572090532646169,0.8,0.002131742368932411,0.012790454213594465
diverse_25,r2,t_target,lgbm,median,10,-0.23700663438303163,0.16434539001690734,0.1,0.001365486635472686,0.010923893083781487
diverse_25,r2,t_target,chemeleon,monroe35,10,0.09004098578302401,0.06300217502967527,0.9,0.0014479552191009244,0.010923893083781487
diverse_25,r2,t_target,chemeleon,median,10,-0.23536326213180864,0.18597367687912153,0.1,0.0031006222388496422,0.015503111194248211
diverse_25,r2,t_target,monroe35,median,10,-0.32540424791483263,0.17425621052938464,0.0,0.00022759868022918504,0.0020483881220626655
umap,r2,t,knn,lgbm,50,0.17190516575080095,0.26729247750339447,0.74,3.5774241802883814e-05,0.00025041969262018667
umap,r2,t,knn,chemeleon,50,0.20416512026948538,0.3626515156246982,0.74,0.00022686316332221336,0.0013611789799332801
umap,r2,t,knn,monroe35,50,0.32152955947498557,0.25109009799500354,0.9,4.886618655948053e-12,4.886618655948053e-11
umap,r2,t,knn,median,50,0.08211302299012951,0.45445802971355304,0.74,0.20740196813813375,0.46248470558900584
umap,r2,t,lgbm,chemeleon,50,0.032259954518684436,0.3079870662873266,0.62,0.46243689841021945,0.46248470558900584
umap,r2,t,lgbm,monroe35,50,0.1496243937241846,0.1852718826265387,0.8,6.514274403899124e-07,5.862846963509212e-06
umap,r2,t,lgbm,median,50,-0.08979214276067146,0.4386762017755848,0.38,0.1541615685296686,0.46248470558900584
umap,r2,t,chemeleon,monroe35,50,0.11736443920550016,0.32756358657771645,0.66,0.01454135156339259,0.07270675781696295
umap,r2,t,chemeleon,median,50,-0.12205209727935591,0.5310513026212225,0.38,0.1105460551846778,0.4421842207387112
umap,r2,t,monroe35,median,50,-0.23941653648485606,0.3637949346757339,0.24,2.5096670968999364e-05,0.0002007733677519949
umap,r2,wilcoxon,knn,lgbm,50,0.17190516575080095,0.26729247750339447,0.74,4.213757459226031e-05,0.00025282544755356184
umap,r2,wilcoxon,knn,chemeleon,50,0.20416512026948538,0.3626515156246982,0.74,5.070202146129077e-06,3.549141502290354e-05
umap,r2,wilcoxon,knn,monroe35,50,0.32152955947498557,0.25109009799500354,0.9,4.9604764740251994e-11,4.960476474025199e-10
umap,r2,wilcoxon,knn,median,50,0.08211302299012951,0.45445802971355304,0.74,0.0037864469724659955,0.015145787889863982
umap,r2,wilcoxon,lgbm,chemeleon,50,0.032259954518684436,0.3079870662873266,0.62,0.12799334338745183,0.25598668677490366
umap,r2,wilcoxon,lgbm,monroe35,50,0.1496243937241846,0.1852718826265387,0.8,3.0412363649645613e-07,2.737112728468105e-06
umap,r2,wilcoxon,lgbm,median,50,-0.08979214276067146,0.4386762017755848,0.38,0.2653376709882824,0.2653376709882824
umap,r2,wilcoxon,chemeleon,monroe35,50,0.11736443920550016,0.32756358657771645,0.66,0.002614123910062105,0.013070619550310525
umap,r2,wilcoxon,chemeleon,median,50,-0.12205209727935591,0.5310513026212225,0.38,0.054216182330456775,0.16264854699137032
umap,r2,wilcoxon,monroe35,median,50,-0.23941653648485606,0.3637949346757339,0.24,2.1002898957789284e-06,1.6802319166231428e-05
umap,r2,t_target,knn,lgbm,10,0.171905165750801,0.1442143645740368,0.8,0.0044200569759428,0.0309403988315996
umap,r2,t_target,knn,chemeleon,10,0.2041651202694854,0.15146330044056547,0.9,0.002103097745663149,0.01682478196530519
umap,r2,t_target,knn,monroe35,10,0.3215295594749856,0.11315509950035091,1.0,8.65066416178076e-06,8.65066416178076e-05
umap,r2,t_target,knn,median,10,0.08211302299012953,0.24001500639678178,0.8,0.3074458513811837,0.9871036945681724
umap,r2,t_target,lgbm,chemeleon,10,0.03225995451868444,0.13948013891055303,0.8,0.483145797518052,0.9871036945681724
umap,r2,t_target,lgbm,monroe35,10,0.1496243937241846,0.0946738200359861,1.0,0.000741264601517798,0.006671381413660181
umap,r2,t_target,lgbm,median,10,-0.08979214276067146,0.27291273392443394,0.3,0.32528055401252015,0.9871036945681724
umap,r2,t_target,chemeleon,monroe35,10,0.11736443920550015,0.161673475840996,0.7,0.04733834085769089,0.23669170428845446
umap,r2,t_target,chemeleon,median,10,-0.12205209727935588,0.3115772310889753,0.4,0.2467759236420431,0.9871036945681724
umap,r2,t_target,monroe35,median,10,-0.23941653648485609,0.22226447225190096,0.1,0.007795035218615169,0.04677021131169101
time,r2,t,knn,lgbm,50,0.19857528612267103,0.29743547144640703,0.84,2.0007593800841448e-05,0.00011399106629590233
time,r2,t,knn,chemeleon,50,0.23179580799125346,0.27999058334820964,0.78,3.9264784015342695e-07,3.1411827212274156e-06
time,r2,t,knn,monroe35,50,0.3435372546330473,0.2970221468323224,0.9,1.0207356679715005e-10,1.0207356679715005e-09
time,r2,t,knn,median,50,0.14947235830916947,0.3739024295820889,0.68,0.006788941738139819,0.027155766952559276
time,r2,t,lgbm,chemeleon,50,0.033220521868582445,0.17819568009488923,0.58,0.1935527382356609,0.3871054764713218
time,r2,t,lgbm,monroe35,50,0.14496196851037627,0.14677409099979663,0.88,7.0291427710612844e-09,6.326228493955156e-08
time,r2,t,lgbm,median,50,-0.04910292781350158,0.30801344043232837,0.4,0.26512401777692135,0.3871054764713218
time,r2,t,chemeleon,monroe35,50,0.11174144664179378,0.1668300539468163,0.78,1.8998511049317055e-05,0.00011399106629590233
time,r2,t,chemeleon,median,50,-0.08232344968208404,0.3188617391202993,0.4,0.0740076434318511,0.22202293029555328
time,r2,t,monroe35,median,50,-0.19406489632387783,0.2478799696548062,0.18,1.2037016220361446e-06,8.425911354253013e-06
time,r2,wilcoxon,knn,lgbm,50,0.19857528612267103,0.29743547144640703,0.84,1.6455253124547653e-06,8.227626562273826e-06
time,r2,wilcoxon,knn,chemeleon,50,0.23179580799125346,0.27999058334820964,0.78,5.7649630846867694e-08,4.6119704677494155e-07
time,r2,wilcoxon,knn,monroe35,50,0.3435372546330473,0.2970221468323224,0.9,4.9116266609416925e-12,4.9116266609416925e-11
time,r2,wilcoxon,knn,median,50,0.14947235830916947,0.3739024295820889,0.68,0.011200519477185367,0.04480207790874147
time,r2,wilcoxon,lgbm,chemeleon,50,0.033220521868582445,0.17819568009488923,0.58,0.3325668996889135,0.3325668996889135
time,r2,wilcoxon,lgbm,monroe35,50,0.14496196851037627,0.14677409099979663,0.88,1.8094681308866711e-10,1.628521317798004e-09
time,r2,wilcoxon,lgbm,median,50,-0.04910292781350158,0.30801344043232837,0.4,0.07082612042920822,0.14165224085841643
time,r2,wilcoxon,chemeleon,monroe35,50,0.11174144664179378,0.1668300539468163,0.78,8.784112139892386e-07,5.7664895365405755e-06
time,r2,wilcoxon,chemeleon,median,50,-0.08232344968208404,0.3188617391202993,0.4,0.043975372036140215,0.13192611610842064
time,r2,wilcoxon,monroe35,median,50,-0.19406489632387783,0.2478799696548062,0.18,8.237842195057965e-07,5.7664895365405755e-06
time,r2,t_target,knn,lgbm,10,0.198575286122671,0.18347080617612996,0.9,0.007596425427918547,0.04557855256751128
time,r2,t_target,knn,chemeleon,10,0.23179580799125343,0.19000292913377395,1.0,0.0038597278241100813,0.03087782259288065
time,r2,t_target,knn,monroe35,10,0.34353725463304724,0.20671691529586916,1.0,0.0005239916409325951,0.005239916409325951
time,r2,t_target,knn,median,10,0.14947235830916944,0.29828304134268474,0.6,0.14750751466808523,0.5900300586723409
time,r2,t_target,lgbm,chemeleon,10,0.03322052186858245,0.10562197180209276,0.4,0.3459137615738089,1.0
time,r2,t_target,lgbm,monroe35,10,0.14496196851037624,0.1015651350683683,1.0,0.0014604401957185723,0.01314396176146715
time,r2,t_target,lgbm,median,10,-0.04910292781350158,0.20480781633759565,0.3,0.4677426577746099,1.0
time,r2,t_target,chemeleon,monroe35,10,0.11174144664179378,0.12399825673619715,0.8,0.019098618003536606,0.09549309001768302
time,r2,t_target,chemeleon,median,10,-0.08232344968208402,0.26242264495673456,0.2,0.34710599644267637,1.0
time,r2,t_target,monroe35,median,10,-0.1940648963238778,0.16484848761650187,0.1,0.004750504279702028,0.033253529957914196
random,spearman,t,knn,lgbm,50,0.019267832590479483,0.041128702782918004,0.72,0.001742053152126987,0.001742053152126987
random,spearman,t,knn,chemeleon,50,0.040300152400331725,0.03898522896212159,0.92,2.2019745250878852e-09,8.807898100351541e-09
random,spearman,t,knn,monroe35,50,0.05513034423545415,0.04115199341034104,0.96,1.1771266735376397e-12,7.062760041225838e-12
random,spearman,t,lgbm,chemeleon,50,0.021032319809852238,0.02878145176052229,0.78,4.348498714991764e-06,1.3045496144975291e-05
random,spearman,t,lgbm,monroe35,50,0.03586251164497467,0.028699283865030244,0.96,1.0365187029574613e-11,5.1825935147873065e-11
random,spearman,t,chemeleon,monroe35,50,0.01483019183512243,0.025498206255326495,0.72,0.00014889761468493535,0.0002977952293698707
random,spearman,wilcoxon,knn,lgbm,50,0.019267832590479483,0.041128702782918004,0.72,0.0003107899432901462,0.0003107899432901462
random,spearman,wilcoxon,knn,chemeleon,50,0.040300152400331725,0.03898522896212159,0.92,7.151434999741468e-11,2.8605739998965873e-10
random,spearman,wilcoxon,knn,monroe35,50,0.05513034423545415,0.04115199341034104,0.96,1.7763568394002505e-14,1.0658141036401503e-13
random,spearman,wilcoxon,lgbm,chemeleon,50,0.021032319809852238,0.02878145176052229,0.78,1.206143563692308e-06,3.6184306910769237e-06
random,spearman,wilcoxon,lgbm,monroe35,50,0.03586251164497467,0.028699283865030244,0.96,3.375077994860476e-14,1.687538997430238e-13
random,spearman,wilcoxon,chemeleon,monroe35,50,0.01483019183512243,0.025498206255326495,0.72,6.825250486741652e-05,0.00013650500973483304
random,spearman,t_target,knn,lgbm,10,0.019267832590479504,0.03422797059358591,0.9,0.10875388231315852,0.10875388231315852
random,spearman,t_target,knn,chemeleon,10,0.040300152400331725,0.03316975102083526,1.0,0.003954026747046232,0.007908053494092465
random,spearman,t_target,knn,monroe35,10,0.055130344235454175,0.032146759020023265,1.0,0.00042009514342324626,0.0025205708605394775
random,spearman,t_target,lgbm,chemeleon,10,0.021032319809852217,0.013943671734500653,1.0,0.0010154965791634523,0.004061986316653809
random,spearman,t_target,lgbm,monroe35,10,0.03586251164497467,0.021657162555463003,1.0,0.0005372748383871992,0.002686374191935996
random,spearman,t_target,chemeleon,monroe35,10,0.014830191835122453,0.010887706776838717,0.9,0.001969314740909226,0.005907944222727678
scaffold,spearman,t,knn,lgbm,50,0.033780334069383314,0.07352785947304462,0.8,0.0020975003919653456,0.004195000783930691
scaffold,spearman,t,knn,chemeleon,50,0.06480555305803391,0.06038657519242368,0.9,8.17588369422906e-10,4.08794184711453e-09
scaffold,spearman,t,knn,monroe35,50,0.08494088489361296,0.0690139875527087,0.94,1.641413884487475e-11,9.848483306924851e-11
scaffold,spearman,t,lgbm,chemeleon,50,0.03102521898865061,0.05695510450552288,0.76,0.0003407132489349392,0.0010221397468048177
scaffold,spearman,t,lgbm,monroe35,50,0.05116055082422968,0.0715121692086791,0.8,6.323016101285948e-06,2.5292064405143793e-05
scaffold,spearman,t,chemeleon,monroe35,50,0.020135331835579064,0.05107240395095515,0.72,0.007532757936085283,0.007532757936085283
scaffold,spearman,wilcoxon,knn,lgbm,50,0.033780334069383314,0.07352785947304462,0.8,0.0002409992117797799,0.0004819984235595598
scaffold,spearman,wilcoxon,knn,chemeleon,50,0.06480555305803391,0.06038657519242368,0.9,5.802245794939154e-09,2.901122897469577e-08
scaffold,spearman,wilcoxon,knn,monroe35,50,0.08494088489361296,0.0690139875527087,0.94,1.0192735544478637e-11,6.115641326687182e-11
scaffold,spearman,wilcoxon,lgbm,chemeleon,50,0.03102521898865061,0.05695510450552288,0.76,6.825250486741652e-05,0.00020475751460224956
scaffold,spearman,wilcoxon,lgbm,monroe35,50,0.05116055082422968,0.0715121692086791,0.8,3.486415511844143e-07,1.3945662047376572e-06
scaffold,spearman,wilcoxon,chemeleon,monroe35,50,0.020135331835579064,0.05107240395095515,0.72,0.0033148150460355907,0.0033148150460355907
scaffold,spearman,t_target,knn,lgbm,10,0.0337803340693833,0.05256508701998472,0.9,0.07267556731199294,0.14048542618708926
scaffold,spearman,t_target,knn,chemeleon,10,0.0648055530580339,0.03234683484414082,1.0,0.0001351745598404157,0.0006758727992020785
scaffold,spearman,t_target,knn,monroe35,10,0.08494088489361298,0.037236683003502746,1.0,5.0095842748374274e-05,0.0003005750564902456
scaffold,spearman,t_target,lgbm,chemeleon,10,0.03102521898865061,0.03518845911647266,0.9,0.02111792827503312,0.06335378482509936
scaffold,spearman,t_target,lgbm,monroe35,10,0.05116055082422968,0.04485065311864437,1.0,0.005684361687663266,0.022737446750653065
scaffold,spearman,t_target,chemeleon,monroe35,10,0.020135331835579067,0.031010993987245196,0.7,0.07024271309354463,0.14048542618708926
butina,spearman,t,knn,lgbm,50,0.06899042490958877,0.11926924895700006,0.76,0.0001600308670229031,0.0006401234680916124
butina,spearman,t,knn,chemeleon,50,0.10525556210278675,0.1468792164199149,0.74,6.140672400049546e-06,3.070336200024773e-05
butina,spearman,t,knn,monroe35,50,0.1256433149732753,0.15556779490832567,0.86,6.506187385503881e-07,3.903712431302328e-06
butina,spearman,t,lgbm,chemeleon,50,0.036265137193197974,0.11156589211456969,0.66,0.025839745032358058,0.051679490064716116
butina,spearman,t,lgbm,monroe35,50,0.056652890063686547,0.10996642959358419,0.72,0.0006499992055865391,0.001949997616759617
butina,spearman,t,chemeleon,monroe35,50,0.02038775287048857,0.10079981984126896,0.7,0.15900766088030208,0.15900766088030208
butina,spearman,wilcoxon,knn,lgbm,50,0.06899042490958877,0.11926924895700006,0.76,0.00017022784864551,0.00068091139458204
butina,spearman,wilcoxon,knn,chemeleon,50,0.10525556210278675,0.1468792164199149,0.74,3.801371960321376e-06,1.900685980160688e-05
butina,spearman,wilcoxon,knn,monroe35,50,0.1256433149732753,0.15556779490832567,0.86,2.649707155910619e-07,1.5898242935463713e-06
butina,spearman,wilcoxon,lgbm,chemeleon,50,0.036265137193197974,0.11156589211456969,0.66,0.055465717070337206,0.055465717070337206
butina,spearman,wilcoxon,lgbm,monroe35,50,0.056652890063686547,0.10996642959358419,0.72,0.0004153236253312542,0.0012459708759937627
butina,spearman,wilcoxon,chemeleon,monroe35,50,0.02038775287048857,0.10079981984126896,0.7,0.020120643634562896,0.04024128726912579
butina,spearman,t_target,knn,lgbm,10,0.06899042490958877,0.07155707355967825,0.8,0.013818559230079354,0.05527423692031742
butina,spearman,t_target,knn,chemeleon,10,0.10525556210278672,0.08374479459328732,0.9,0.0032323539928927635,0.016161769964463817
butina,spearman,t_target,knn,monroe35,10,0.12564331497327533,0.07841297170917014,1.0,0.0006746015918903954,0.004047609551342372
butina,spearman,t_target,lgbm,chemeleon,10,0.03626513719319797,0.05951100994317892,0.7,0.08607919449134598,0.17215838898269195
butina,spearman,t_target,lgbm,monroe35,10,0.056652890063686547,0.05949658449467786,0.9,0.014688837992570451,0.05527423692031742
butina,spearman,t_target,chemeleon,monroe35,10,0.020387752870488572,0.037464487806721736,0.8,0.11938149262014386,0.17215838898269195
diverse_25,spearman,t,knn,lgbm,50,0.03959409933968468,0.12207894471293396,0.58,0.026155610712678322,0.052311221425356644
diverse_25,spearman,t,knn,chemeleon,50,0.052479182084835756,0.11825818865705837,0.64,0.002878698789919393,0.00863609636975818
diverse_25,spearman,t,knn,monroe35,50,0.10024540823149121,0.10591243252625313,0.86,1.9857104524972876e-08,1.1914262714983726e-07
diverse_25,spearman,t,lgbm,chemeleon,50,0.012885082745151105,0.11163662274465189,0.62,0.4183691267591911,0.4183691267591911
diverse_25,spearman,t,lgbm,monroe35,50,0.060651308891806546,0.08252718044830192,0.78,3.9271140833041615e-06,1.9635570416520808e-05
diverse_25,spearman,t,chemeleon,monroe35,50,0.04776622614665544,0.0897652954483576,0.68,0.0004497196293595876,0.0017988785174383505
diverse_25,spearman,wilcoxon,knn,lgbm,50,0.03959409933968468,0.12207894471293396,0.58,0.01407853473248366,0.02815706946496732
diverse_25,spearman,wilcoxon,knn,chemeleon,50,0.052479182084835756,0.11825818865705837,0.64,0.0069413795797625966,0.02082413873928779
diverse_25,spearman,wilcoxon,knn,monroe35,50,0.10024540823149121,0.10591243252625313,0.86,1.260182003193222e-08,7.561092019159332e-08
diverse_25,spearman,wilcoxon,lgbm,chemeleon,50,0.012885082745151105,0.11163662274465189,0.62,0.24122024636948858,0.24122024636948858
diverse_25,spearman,wilcoxon,lgbm,monroe35,50,0.060651308891806546,0.08252718044830192,0.78,5.070202146129077e-06,2.5351010730645385e-05
diverse_25,spearman,wilcoxon,chemeleon,monroe35,50,0.04776622614665544,0.0897652954483576,0.68,0.0011230364884825734,0.004492145953930294
diverse_25,spearman,t_target,knn,lgbm,10,0.03959409933968468,0.06762607820599129,0.8,0.09712377627879856,0.19424755255759713
diverse_25,spearman,t_target,knn,chemeleon,10,0.0524791820848358,0.06845258315197993,0.9,0.03833549393269323,0.11500648179807971
diverse_25,spearman,t_target,knn,monroe35,10,0.10024540823149124,0.044178216440800736,1.0,5.219464976953209e-05,0.00031316789861719253
diverse_25,spearman,t_target,lgbm,chemeleon,10,0.012885082745151127,0.06385542482796462,0.7,0.5393025520011675,0.5393025520011675
diverse_25,spearman,t_target,lgbm,monroe35,10,0.06065130889180655,0.04697432281304202,0.8,0.0027456405290753397,0.013728202645376698
diverse_25,spearman,t_target,chemeleon,monroe35,10,0.04776622614665542,0.04801801070212204,0.8,0.011819140553865237,0.04727656221546095
umap,spearman,t,knn,lgbm,50,0.06912345258624814,0.16407045439249826,0.68,0.004488000893499809,0.013464002680499427
umap,spearman,t,knn,chemeleon,50,0.12666248923364737,0.1728374038482189,0.68,4.132558064143087e-06,2.479534838485852e-05
umap,spearman,t,knn,monroe35,50,0.1377746011388888,0.1961817984183226,0.74,8.695986902501963e-06,4.347993451250982e-05
umap,spearman,t,lgbm,chemeleon,50,0.05753903664739924,0.13785194473201437,0.72,0.004842086351549144,0.013464002680499427
umap,spearman,t,lgbm,monroe35,50,0.0686511485526407,0.13961545981729148,0.78,0.001072755963046817,0.004291023852187268
umap,spearman,t,chemeleon,monroe35,50,0.011112111905241471,0.14612217398198857,0.6,0.5931964246480981,0.5931964246480981
umap,spearman,wilcoxon,knn,lgbm,50,0.06912345258624814,0.16407045439249826,0.68,0.0037864469724659955,0.011359340917397986
umap,spearman,wilcoxon,knn,chemeleon,50,0.12666248923364737,0.1728374038482189,0.68,1.1033688904760197e-05,6.620213342856118e-05
umap,spearman,wilcoxon,knn,monroe35,50,0.1377746011388888,0.1961817984183226,0.74,1.8759072675678112e-05,9.379536337839056e-05
umap,spearman,wilcoxon,lgbm,chemeleon,50,0.05753903664739924,0.13785194473201437,0.72,0.004459422606641894,0.011359340917397986
umap,spearman,wilcoxon,lgbm,monroe35,50,0.0686511485526407,0.13961545981729148,0.78,0.0005510827602233093,0.002204331040893237
umap,spearman,wilcoxon,chemeleon,monroe35,50,0.011112111905241471,0.14612217398198857,0.6,0.44326672141018975,0.44326672141018975
umap,spearman,t_target,knn,lgbm,10,0.06912345258624815,0.11336390635112122,0.8,0.08592096024698545,0.1718419204939709
umap,spearman,t_target,knn,chemeleon,10,0.12666248923364737,0.11701716935145746,0.9,0.007592619176459584,0.0455557150587575
umap,spearman,t_target,knn,monroe35,10,0.13777460113888884,0.1342787717799966,0.9,0.010084055189978212,0.050420275949891055
umap,spearman,t_target,lgbm,chemeleon,10,0.05753903664739922,0.0660169266151458,0.8,0.022250809418833128,0.08900323767533251
umap,spearman,t_target,lgbm,monroe35,10,0.06865114855264069,0.0850797148501907,0.8,0.03111020861219871,0.09333062583659613
umap,spearman,t_target,chemeleon,monroe35,10,0.011112111905241468,0.0750425160237993,0.6,0.6507301438117067,0.6507301438117067
time,spearman,t,knn,lgbm,50,0.055731777612754226,0.0999353442397814,0.74,0.0002554597528687521,0.0007663792586062562
time,spearman,t,knn,chemeleon,50,0.09943155779384641,0.13062196464367212,0.8,2.057958600895876e-06,1.028979300447938e-05
time,spearman,t,knn,monroe35,50,0.11490047254638178,0.14093481462098095,0.72,5.378684693125154e-07,3.2272108158750923e-06
time,spearman,t,lgbm,chemeleon,50,0.04369978018109217,0.097945193369744,0.7,0.0027434549971700173,0.005486909994340035
time,spearman,t,lgbm,monroe35,50,0.059168694933627544,0.09055022233822911,0.74,2.804068876764341e-05,0.00011216275507057364
time,spearman,t,chemeleon,monroe35,50,0.015468914752535383,0.07597812053456668,0.62,0.15632548924501793,0.15632548924501793
time,spearman,wilcoxon,knn,lgbm,50,0.055731777612754226,0.0999353442397814,0.74,0.0004506016805585489,0.0013518050416756466
time,spearman,wilcoxon,knn,chemeleon,50,0.09943155779384641,0.13062196464367212,0.8,7.723469384046666e-07,3.861734692023333e-06
time,spearman,wilcoxon,knn,monroe35,50,0.11490047254638178,0.14093481462098095,0.72,4.56562391448756e-07,2.739374348692536e-06
time,spearman,wilcoxon,lgbm,chemeleon,50,0.04369978018109217,0.097945193369744,0.7,0.0015962870115284744,0.003192574023056949
time,spearman,wilcoxon,lgbm,monroe35,50,0.059168694933627544,0.09055022233822911,0.74,2.191284211150446e-05,8.765136844601784e-05
time,spearman,wilcoxon,chemeleon,monroe35,50,0.015468914752535383,0.07597812053456668,0.62,0.1781010477908609,0.1781010477908609
time,spearman,t_target,knn,lgbm,10,0.05573177761275423,0.07392058328969868,0.8,0.04094674443919194,0.12284023331757582
time,spearman,t_target,knn,chemeleon,10,0.09943155779384638,0.09129526306775361,0.8,0.0073427816324908935,0.04405668979494536
time,spearman,t_target,knn,monroe35,10,0.11490047254638176,0.1118707939501824,0.8,0.010030724287524714,0.05015362143762357
time,spearman,t_target,lgbm,chemeleon,10,0.04369978018109218,0.05857824347495582,0.7,0.04266554554855143,0.12284023331757582
time,spearman,t_target,lgbm,monroe35,10,0.05916869493362755,0.06668104784227194,0.7,0.020510204253312292,0.08204081701324917
time,spearman,t_target,chemeleon,monroe35,10,0.015468914752535373,0.03241011287748208,0.7,0.16549700671777626,0.16549700671777626
