split,metric,method,mean,sd,n_folds,paired_group
random,mae,knn,0.5002361455293994,0.06365331172694254,50,worse
random,mae,lgbm,0.4876773632925454,0.04647557396950691,50,worse
random,mae,chemeleon,0.46298397663647717,0.043833907967201234,50,worse
random,mae,monroe35,0.4399611792876224,0.04170576977399125,50,best
random,mae,median,0.8791730883472494,0.08900745544825839,50,worse
random,mae,pub_knn,0.5002361455992628,0.06365331167387123,50,worse
random,mae,pub_svm,0.47062687620216875,0.04486053650398039,50,worse
random,mae,pub_rf,0.48749346793336806,0.053501090603189715,50,worse
random,mae,pub_xgboost,0.48952426648979747,0.04736003974035106,50,worse
random,mae,pub_mlp,0.4924200224876404,0.04873504296366341,50,worse
random,mae,pub_gnn,0.595036501288414,0.058336653328542466,50,worse
scaffold,mae,knn,0.6197906090047967,0.08058578870153751,50,worse
scaffold,mae,lgbm,0.5924310664967759,0.07197980486187852,50,worse
scaffold,mae,chemeleon,0.5668993581786572,0.0782648670909255,50,worse
scaffold,mae,monroe35,0.5434003561698334,0.06837672577202156,50,best
scaffold,mae,median,0.8818301108833494,0.11094528744621698,50,worse
scaffold,mae,pub_knn,0.6197906093068858,0.0805857886831711,50,worse
scaffold,mae,pub_svm,0.5777970064012549,0.07543557003515006,50,worse
scaffold,mae,pub_rf,0.5867815748189753,0.07828936328714933,50,worse
scaffold,mae,pub_xgboost,0.5975640020952286,0.07914699903616469,50,worse
scaffold,mae,pub_mlp,0.6119263416528702,0.0824336350347163,50,worse
scaffold,mae,pub_gnn,0.6924877953529358,0.08160591041740392,50,worse
butina,mae,knn,0.7859389485781791,0.13940920394554795,50,worse
butina,mae,lgbm,0.7388258671637348,0.11406472559215419,50,worse
butina,mae,chemeleon,0.7107301058565383,0.12951477499107805,50,equivalent
butina,mae,monroe35,0.690823392208039,0.12782892773718108,50,best
butina,mae,median,0.8957193994169168,0.16553251475273797,50,worse
butina,mae,pub_knn,0.7859389487822148,0.13940920382983557,50,worse
butina,mae,pub_svm,0.7323698721882974,0.13251965810443506,50,worse
butina,mae,pub_rf,0.7345746517624459,0.13825499103138003,50,worse
butina,mae,pub_xgboost,0.7342178015396449,0.13481842257322038,50,worse
butina,mae,pub_mlp,0.7725527203083038,0.14702765631241999,50,worse
butina,mae,pub_gnn,0.856642199754715,0.17757009622974881,50,worse
diverse_25,mae,knn,0.7933030740233964,0.10889824009836611,50,worse
diverse_25,mae,lgbm,0.753228992378868,0.0793222782468957,50,worse
diverse_25,mae,chemeleon,0.7539455406132513,0.09715632877644106,50,equivalent
diverse_25,mae,monroe35,0.7183428509122747,0.09305443554575006,50,best
diverse_25,mae,median,0.9068443000040842,0.1181028387910147,50,worse
diverse_25,mae,pub_knn,0.7930497482205205,0.0961750619069671,50,worse
diverse_25,mae,pub_svm,0.7589283579254023,0.08820978704039888,50,worse
diverse_25,mae,pub_rf,0.7531463865699414,0.08406764057861554,50,worse
diverse_25,mae,pub_xgboost,0.7748126926425745,0.09369795741625979,50,worse
diverse_25,mae,pub_mlp,0.7814319109916688,0.09916324049546824,50,worse
diverse_25,mae,pub_gnn,0.8933365404605865,0.11164648766848359,50,worse
umap,mae,knn,0.8930389886665622,0.1301458051870554,50,worse
umap,mae,lgbm,0.8337807491759984,0.14063988140541758,50,worse
umap,mae,chemeleon,0.807825660011403,0.17343855421343268,50,equivalent
umap,mae,monroe35,0.7767911496098177,0.1222510454379346,50,best
umap,mae,median,0.8982598191791514,0.1713471135321297,50,worse
umap,mae,pub_knn,0.893038988590618,0.1301458054162072,50,worse
umap,mae,pub_svm,0.8150308858014984,0.14027192418491893,50,equivalent
umap,mae,pub_rf,0.8331141522028382,0.14278382655404448,50,equivalent
umap,mae,pub_xgboost,0.8439070601710966,0.1396197472606557,50,worse
umap,mae,pub_mlp,0.858999695777893,0.17051275355967993,50,worse
umap,mae,pub_gnn,0.9233644831180573,0.19531597150470728,50,worse
time,mae,knn,0.9295119297909257,0.1413982342753515,50,worse
time,mae,lgbm,0.8507097188457438,0.12867944729712374,50,worse
time,mae,chemeleon,0.8312185180116384,0.12355735339588526,50,worse
time,mae,monroe35,0.7983178412650419,0.1250987268173751,50,best
time,mae,median,0.9397236253547877,0.14585831822315415,50,worse
time,mae,pub_knn,0.9295119299539438,0.14139823426868348,50,worse
time,mae,pub_svm,0.8327904925630151,0.12454952412418908,50,worse
time,mae,pub_rf,0.8286628612029552,0.11910995610240076,50,worse
time,mae,pub_xgboost,0.854571397067361,0.13182785356848928,50,worse
time,mae,pub_mlp,0.872268453836441,0.1410619628284123,50,worse
time,mae,pub_gnn,0.9959531497955322,0.18499750999414977,50,worse
random,r2,knn,0.575876299784655,0.10430070410915665,50,worse
random,r2,lgbm,0.6184052526732575,0.08691514669160193,50,worse
random,r2,chemeleon,0.6414541398344576,0.08472797332850819,50,worse
random,r2,monroe35,0.6720180238226124,0.07373552694433091,50,best
random,r2,median,-0.01330382858379081,0.019984123602137614,50,worse
random,r2,pub_knn,0.5758762995926158,0.1043007041276116,50,worse
random,r2,pub_svm,0.641398457419803,0.08082802652741877,50,worse
random,r2,pub_rf,0.6277700759722571,0.08049477734237244,50,worse
random,r2,pub_xgboost,0.6116123853485356,0.09405245272156464,50,worse
random,r2,pub_mlp,0.6004476237297058,0.09104087560427586,50,worse
random,r2,pub_gnn,0.44775550603866576,0.1126520392119679,50,worse
scaffold,r2,knn,0.3565443790148775,0.21134050647747252,50,worse
scaffold,r2,lgbm,0.4412383818372204,0.18927557651573212,50,worse
scaffold,r2,chemeleon,0.46985002100935397,0.1848089517650084,50,worse
scaffold,r2,monroe35,0.513927990137995,0.15889502670340827,50,best
scaffold,r2,median,-0.02860222927312615,0.03755344950846591,50,worse
scaffold,r2,pub_knn,0.35654437844028736,0.2113405066235639,50,worse
scaffold,r2,pub_svm,0.47881729712110205,0.15441464817761955,50,worse
scaffold,r2,pub_rf,0.47138264836688754,0.14517089274554743,50,worse
scaffold,r2,pub_xgboost,0.4377349911081943,0.17669783218430435,50,worse
scaffold,r2,pub_mlp,0.388444094657898,0.193430752820183,50,worse
scaffold,r2,pub_gnn,0.2484341180324554,0.23836131899680918,50,worse
butina,r2,knn,-0.01711275820662341,0.35996866234181024,50,worse
butina,r2,lgbm,0.15291442672217617,0.21712110883693758,50,worse
butina,r2,chemeleon,0.17473158886016857,0.274737546946262,50,worse
butina,r2,monroe35,0.24588862758708266,0.24494712463298104,50,best
butina,r2,median,-0.09846783702391171,0.14471313844226436,50,worse
butina,r2,pub_knn,-0.017112758544351802,0.3599686619731945,50,worse
butina,r2,pub_svm,0.18631515938272739,0.18867789627395906,50,equivalent
butina,r2,pub_rf,0.20360057081828348,0.16685480874294517,50,equivalent
butina,r2,pub_xgboost,0.15442540434882912,0.2443522706631061,50,worse
butina,r2,pub_mlp,0.06326445460319519,0.2913146509784461,50,worse
butina,r2,pub_gnn,-0.1340721893310547,0.3755387789129913,50,worse
diverse_25,r2,knn,0.09234051709830146,0.2474999148575296,50,worse
diverse_25,r2,lgbm,0.1949109260327464,0.19414089642509633,50,worse
diverse_25,r2,chemeleon,0.1932675537815235,0.21734973093777585,50,worse
diverse_25,r2,monroe35,0.2833085395645475,0.18432308254493684,50,best
diverse_25,r2,median,-0.04209570835028518,0.048600506278272886,50,worse
diverse_25,r2,pub_knn,0.0925043249665154,0.30501831563777226,50,worse
diverse_25,r2,pub_svm,0.22090508173314516,0.1705291069020526,50,worse
diverse_25,r2,pub_rf,0.23676842676128765,0.15110386633402256,50,worse
diverse_25,r2,pub_xgboost,0.17148965409100633,0.19480932681873708,50,worse
diverse_25,r2,pub_mlp,0.15612573027610777,0.19508991951749038,50,worse
diverse_25,r2,pub_gnn,-0.04134920120239257,0.1702359821943759,50,worse
umap,r2,knn,-0.2923998027207675,0.2783967716978209,50,worse
umap,r2,lgbm,-0.12049463696996647,0.3219678563759236,50,worse
umap,r2,chemeleon,-0.08823468245128203,0.4204193371793772,50,equivalent
umap,r2,monroe35,0.02912975675421812,0.27070132540220593,50,best
umap,r2,median,-0.21028677973063792,0.4216074449242486,50,worse
umap,r2,pub_knn,-0.2923998023085027,0.27839677170438687,50,worse
umap,r2,pub_svm,-0.04814702351807194,0.3060948833414739,50,equivalent
umap,r2,pub_rf,-0.024119024341185496,0.2581841173701457,50,equivalent
umap,r2,pub_xgboost,-0.15850234410128572,0.3641565853958472,50,worse
umap,r2,pub_mlp,-0.21663018822669983,0.422064424733436,50,worse
umap,r2,pub_gnn,-0.425528050661087,0.6395568028311588,50,worse
time,r2,knn,-0.2391485074988333,0.40200830086063294,50,worse
time,r2,lgbm,-0.04057322137616227,0.3259622586740326,50,worse
time,r2,chemeleon,-0.007352699507579814,0.3386261038071768,50,worse
time,r2,monroe35,0.10438874713421396,0.25475871601189487,50,best
time,r2,median,-0.08967614918966385,0.102452885978444,50,worse
time,r2,pub_knn,-0.23914850776192917,0.4020083008990082,50,worse
time,r2,pub_svm,0.04548100691961704,0.23915228856247644,50,equivalent
time,r2,pub_rf,0.06630387051358608,0.22085429373932844,50,equivalent
time,r2,pub_xgboost,-0.051244273011194934,0.32179288351405544,50,worse
time,r2,pub_mlp,-0.08876853942871094,0.3133027565076587,50,worse
time,r2,pub_gnn,-0.4056511080265045,0.5135101868664878,50,worse
random,spearman,knn,0.753454742406307,0.05924187972959041,50,worse
random,spearman,lgbm,0.7727225749967864,0.05930965461467212,50,worse
random,spearman,chemeleon,0.7937548948066387,0.050360808344687855,50,worse
random,spearman,monroe35,0.8085850866417611,0.04330803562576847,50,best
random,spearman,pub_knn,0.7534613775762098,0.059230162990639386,50,worse
random,spearman,pub_svm,0.7922718233021305,0.052716206665768726,50,worse
random,spearman,pub_rf,0.785425456373927,0.0503330017077368,50,worse
random,spearman,pub_xgboost,0.7689895577145986,0.06406680043611226,50,worse
random,spearman,pub_mlp,0.7702332844521266,0.05456890005467393,50,worse
random,spearman,pub_gnn,0.6813939645136402,0.07707572748629729,50,worse
scaffold,spearman,knn,0.6228358707376604,0.12515337720516587,50,worse
scaffold,spearman,lgbm,0.6566162048070439,0.14598556154948703,50,worse
scaffold,spearman,chemeleon,0.6876414237956945,0.13174868260234468,50,equivalent
scaffold,spearman,monroe35,0.7077767556312735,0.11614123831759345,50,best
scaffold,spearman,pub_knn,0.622820860298653,0.12515304610077135,50,worse
scaffold,spearman,pub_svm,0.6835938376832205,0.11881514120435303,50,equivalent
scaffold,spearman,pub_rf,0.68139822896124,0.11371340284813873,50,worse
scaffold,spearman,pub_xgboost,0.6520855315547065,0.13431224432577565,50,worse
scaffold,spearman,pub_mlp,0.6440787109157375,0.1328877466778649,50,worse
scaffold,spearman,pub_gnn,0.5729842968267627,0.1438630300641682,50,worse
butina,spearman,knn,0.39056611536470975,0.14821082253000434,50,worse
butina,spearman,lgbm,0.4595565402742985,0.15583618318404002,50,worse
butina,spearman,chemeleon,0.49582167746749645,0.16552183859269232,50,equivalent
butina,spearman,monroe35,0.516209430337985,0.18262546275164823,50,best
butina,spearman,pub_knn,0.3906055395003252,0.14820682366426136,50,worse
butina,spearman,pub_svm,0.49089107329555887,0.17555983435741424,50,equivalent
butina,spearman,pub_rf,0.47110376264615506,0.1630436622975964,50,equivalent
butina,spearman,pub_xgboost,0.4591557407216392,0.16922631773246938,50,worse
butina,spearman,pub_mlp,0.43973111628355255,0.16906703193927983,50,worse
butina,spearman,pub_gnn,0.3765598469438228,0.1715314351415821,50,worse
diverse_25,spearman,knn,0.4240615689273912,0.13712795981615247,50,worse
diverse_25,spearman,lgbm,0.4636556682670758,0.1488330243577079,50,worse
diverse_25,spearman,chemeleon,0.4765407510122269,0.14804976456476188,50,worse
diverse_25,spearman,monroe35,0.5243069771588824,0.14449636013872943,50,best
diverse_25,spearman,pub_knn,0.4279600685636699,0.13504315738697284,50,worse
diverse_25,spearman,pub_svm,0.47600855238823186,0.15430337070641442,50,worse
diverse_25,spearman,pub_rf,0.4872611630651004,0.13976361189460113,50,equivalent
diverse_25,spearman,pub_xgboost,0.4301311449155246,0.15177022839018478,50,worse
diverse_25,spearman,pub_mlp,0.45156979329058716,0.16299590799099428,50,worse
diverse_25,spearman,pub_gnn,0.200199061122853,0.22953498269274727,50,worse
umap,spearman,knn,0.186752262031776,0.15621013001723966,50,worse
umap,spearman,lgbm,0.25587571461802416,0.2381385228662772,50,worse
umap,spearman,chemeleon,0.3134147512654234,0.24246420158866697,50,equivalent
umap,spearman,monroe35,0.32452686317066487,0.25773041742852587,50,best
umap,spearman,pub_knn,0.18675812565202426,0.15621000602659066,50,worse
umap,spearman,pub_svm,0.2957751764555446,0.22097561774654823,50,equivalent
umap,spearman,pub_rf,0.269418461268886,0.23203531111821285,50,equivalent
umap,spearman,pub_xgboost,0.23743210378233737,0.23745874990315757,50,worse
umap,spearman,pub_mlp,0.27320863376999754,0.21463814922311966,50,equivalent
umap,spearman,pub_gnn,0.23090366526453324,0.2731425341138811,50,equivalent
time,spearman,knn,0.26358777094228053,0.19185474581956444,50,worse
time,spearman,lgbm,0.31931954855503475,0.19566141737090326,50,worse
time,spearman,chemeleon,0.3630193287361269,0.23310710060464082,50,equivalent
time,spearman,monroe35,0.3784882434886623,0.2301459943049727,50,best
time,spearman,pub_knn,0.2635080024984106,0.19190141683624293,50,worse
time,spearman,pub_svm,0.3503680236612918,0.21796154749862573,50,equivalent
time,spearman,pub_rf,0.3267192691975008,0.21605264058670282,50,worse
time,spearman,pub_xgboost,0.3038537238785941,0.22090191276527732,50,worse
time,spearman,pub_mlp,0.31203225312113486,0.2165543132649258,50,worse
time,spearman,pub_gnn,0.27547788520990885,0.2269523922115818,50,worse
